OrderDate,StockDate,OrderNumber,ProductKey,CustomerKey,TerritoryKey,OrderLineItem,OrderQuantity
9/15/2026,4/3/2002,SO90001,598,28082,2,1,1
9/9/2026,1/6/2001,SO90002,307,25722,4,1,1
8/19/2026,10/23/2004,SO90003,474,11387,8,1,1
8/19/2026,5/31/2002,SO90003,492,11387,8,2,3
7/12/2026,11/29/2002,SO90004,313,28141,2,1,2
7/12/2026,8/22/2002,SO90004,458,28141,2,2,1
12/27/2026,12/26/2004,SO90005,502,21325,1,1,1
12/27/2026,5/15/2003,SO90005,314,21325,1,2,1
9/13/2026,11/4/2003,SO90006,565,14898,7,1,1
8/4/2026,11/27/2003,SO90007,244,26999,9,1,2
1/26/2026,6/28/2004,SO90008,533,28462,2,1,1
4/28/2026,10/12/2004,SO90009,554,15082,8,1,2
10/7/2026,4/4/2003,SO90010,471,19385,9,1,1
10/7/2026,8/17/2004,SO90010,570,19385,9,2,2
10/7/2026,4/4/2003,SO90010,535,19385,9,3,1
1/5/2026,9/4/2004,SO90011,548,12105,3,1,2
1/5/2026,9/30/2003,SO90011,498,12105,3,2,2
9/6/2026,10/16/2003,SO90012,536,26576,9,1,2
5/29/2026,7/21/2001,SO90013,538,21578,8,1,2
5/29/2026,11/22/2003,SO90013,441,21578,8,2,1
8/6/2026,8/21/2004,SO90014,447,26997,2,1,2
8/6/2026,1/29/2003,SO90014,317,26997,2,2,1
8/6/2026,4/23/2003,SO90014,356,26997,2,3,1
1/1/2026,1/25/2004,SO90015,310,26061,10,1,2
3/3/2026,7/4/2002,SO90016,496,12489,9,1,1
10/26/2026,1/23/2004,SO90017,416,27425,3,1,1
11/3/2026,6/22/2001,SO90018,527,27848,5,1,2
10/28/2026,4/24/2003,SO90019,513,21223,9,1,2
10/28/2026,12/2/2003,SO90019,396,21223,9,2,1
7/19/2026,12/12/2002,SO90020,494,13455,1,1,3
7/19/2026,2/22/2001,SO90020,247,13455,1,2,1
7/19/2026,11/3/2002,SO90020,469,13455,1,3,1
9/12/2026,6/20/2004,SO90021,375,26573,10,1,1
9/12/2026,12/1/2003,SO90021,405,26573,10,2,1
11/3/2026,1/26/2004,SO90022,518,18795,2,1,1
3/30/2026,4/9/2001,SO90023,545,12509,9,1,2
9/5/2026,8/15/2004,SO90024,585,11687,3,1,1
3/12/2026,3/10/2003,SO90025,450,16356,3,1,1
3/12/2026,4/29/2003,SO90025,304,16356,3,2,1
3/31/2026,10/17/2003,SO90026,526,19802,8,1,1
9/23/2026,9/3/2001,SO90027,583,27093,8,1,2
2/18/2026,1/11/2001,SO90028,315,18160,4,1,2
7/28/2026,2/25/2001,SO90029,494,29192,3,1,2
12/18/2026,8/13/2001,SO90030,454,28966,4,1,2
4/20/2026,7/4/2002,SO90031,598,20847,10,1,1
2/19/2026,8/6/2001,SO90032,282,25556,3,1,2
4/5/2026,10/5/2002,SO90033,452,14556,9,1,2
6/11/2026,6/9/2002,SO90034,288,16389,5,1,1
5/12/2026,4/28/2001,SO90035,317,24841,1,1,1
5/12/2026,9/27/2002,SO90035,340,24841,1,2,1
6/29/2026,5/28/2004,SO90036,264,21523,8,1,2
4/21/2026,10/16/2004,SO90037,338,26442,7,1,2
12/15/2026,8/21/2002,SO90038,496,19404,7,1,1
12/15/2026,6/14/2003,SO90038,244,19404,7,2,1
3/4/2026,10/16/2002,SO90039,238,20922,7,1,1
10/15/2026,11/29/2001,SO90040,340,12872,2,1,1
7/1/2026,5/20/2003,SO90041,344,21097,1,1,1
5/3/2026,9/14/2001,SO90042,387,25053,4,1,1
10/5/2026,10/30/2001,SO90043,419,24256,5,1,1
9/3/2026,10/7/2002,SO90044,350,24951,5,1,3
4/2/2026,8/24/2004,SO90045,577,29456,1,1,2
9/24/2026,9/9/2004,SO90046,223,21605,1,1,2
1/30/2026,11/5/2001,SO90047,518,18413,9,1,2
4/30/2026,2/16/2002,SO90048,505,20214,6,1,1
10/8/2026,10/2/2002,SO90049,392,26828,10,1,1
9/6/2026,12/8/2003,SO90050,523,11177,6,1,2
2/13/2026,1/25/2004,SO90051,446,20992,6,1,1
1/10/2026,11/25/2004,SO90052,471,28802,4,1,2
7/14/2026,8/12/2004,SO90053,366,28987,9,1,3
7/14/2026,8/3/2001,SO90053,311,28987,9,2,1
7/14/2026,3/9/2003,SO90053,484,28987,9,3,1
10/31/2026,8/23/2002,SO90054,462,17334,3,1,1
7/18/2026,5/25/2004,SO90055,559,17299,1,1,3
10/3/2026,3/2/2001,SO90056,383,16706,9,1,1
1/15/2026,9/29/2004,SO90057,215,14906,9,1,2
6/4/2026,11/12/2001,SO90058,431,18223,9,1,1
9/6/2026,2/20/2003,SO90059,445,14593,2,1,2
9/6/2026,8/19/2004,SO90059,336,14593,2,2,1
9/6/2026,10/19/2003,SO90059,338,14593,2,3,2
7/3/2026,12/8/2002,SO90060,310,26218,10,1,1
9/11/2026,9/17/2004,SO90061,417,21424,5,1,1
9/11/2026,6/5/2003,SO90061,573,21424,5,2,2
9/11/2026,10/23/2002,SO90061,566,21424,5,3,1
8/26/2026,12/19/2002,SO90062,523,18357,6,1,2
4/19/2026,3/6/2004,SO90063,345,16157,8,1,1
3/2/2026,6/30/2003,SO90064,445,21692,5,1,1
4/30/2026,2/24/2004,SO90065,342,22084,3,1,1
11/21/2026,2/14/2001,SO90066,595,24402,7,1,2
6/22/2026,10/20/2004,SO90067,593,14175,8,1,1
11/28/2026,3/30/2003,SO90068,377,22041,1,1,1
5/10/2026,3/31/2004,SO90069,526,15367,6,1,2
9/5/2026,3/18/2001,SO90070,414,22314,1,1,2
9/5/2026,9/15/2004,SO90070,448,22314,1,2,1
8/23/2026,6/29/2004,SO90071,503,28185,5,1,1
10/3/2026,11/16/2001,SO90072,482,11382,2,1,3
4/16/2026,6/22/2001,SO90073,604,16703,5,1,1
4/16/2026,12/5/2003,SO90073,600,16703,5,2,1
8/3/2026,2/1/2004,SO90074,576,12483,3,1,3
8/30/2026,12/13/2002,SO90075,476,22397,6,1,2
8/30/2026,6/7/2002,SO90075,564,22397,6,2,2
8/30/2026,5/28/2002,SO90075,262,22397,6,3,2
9/4/2026,8/13/2003,SO90076,397,23235,5,1,1
7/24/2026,4/6/2004,SO90077,277,21159,4,1,2
11/27/2026,9/4/2002,SO90078,561,27988,9,1,2
11/27/2026,11/10/2003,SO90078,581,27988,9,2,2
12/5/2026,1/7/2002,SO90079,301,22342,6,1,3
3/31/2026,12/3/2003,SO90080,510,19603,9,1,2
3/31/2026,6/1/2004,SO90080,411,19603,9,2,1
8/8/2026,9/17/2001,SO90081,577,27958,9,1,1
9/8/2026,10/21/2004,SO90082,480,15569,9,1,1
9/8/2026,8/25/2004,SO90082,514,15569,9,2,1
4/7/2026,2/4/2004,SO90083,364,16079,10,1,2
12/3/2026,7/29/2002,SO90084,466,13038,1,1,3
5/17/2026,9/20/2001,SO90085,548,29032,6,1,1
4/6/2026,8/6/2004,SO90086,564,16141,7,1,2
6/3/2026,1/16/2003,SO90087,591,18382,9,1,1
6/3/2026,10/25/2004,SO90087,522,18382,9,2,1
6/3/2026,10/27/2002,SO90087,356,18382,9,3,2
1/4/2026,12/24/2002,SO90088,439,12943,2,1,1
9/15/2026,5/16/2003,SO90089,535,17385,2,1,1
5/4/2026,3/12/2002,SO90090,504,18507,8,1,1
5/4/2026,5/15/2003,SO90090,530,18507,8,2,1
4/18/2026,2/19/2004,SO90091,560,21315,8,1,1
4/11/2026,12/26/2002,SO90092,366,14876,2,1,1
4/11/2026,2/21/2002,SO90092,535,14876,2,2,1
8/8/2026,10/24/2001,SO90093,448,12020,9,1,1
8/8/2026,1/18/2003,SO90093,517,12020,9,2,1
5/20/2026,10/10/2001,SO90094,326,22832,8,1,2
7/3/2026,5/31/2004,SO90095,274,26220,7,1,3
6/17/2026,8/3/2003,SO90096,553,19516,2,1,1
9/27/2026,7/20/2002,SO90097,462,28700,2,1,1
9/27/2026,4/23/2004,SO90097,268,28700,2,2,1
10/16/2026,8/14/2004,SO90098,547,14639,7,1,2
10/16/2026,1/13/2004,SO90098,241,14639,7,2,1
1/14/2026,7/8/2001,SO90099,373,14518,7,1,1
1/24/2026,12/3/2003,SO90100,338,13374,10,1,2
6/21/2026,8/23/2003,SO90101,426,16120,5,1,1
6/21/2026,8/18/2003,SO90101,427,16120,5,2,1
6/10/2026,9/29/2003,SO90102,431,24983,1,1,2
2/28/2026,2/21/2003,SO90103,561,26903,10,1,1
4/22/2026,12/21/2003,SO90104,552,23851,1,1,2
9/24/2026,6/4/2003,SO90105,247,21485,5,1,1
3/27/2026,2/27/2004,SO90106,502,28702,2,1,2
3/27/2026,4/16/2004,SO90106,300,28702,2,2,2
2/26/2026,4/2/2003,SO90107,218,14535,7,1,1
3/28/2026,2/6/2003,SO90108,311,28513,5,1,1
1/19/2026,8/25/2001,SO90109,543,18302,9,1,1
1/19/2026,3/14/2001,SO90109,496,18302,9,2,3
12/22/2026,7/15/2004,SO90110,259,26586,9,1,3
12/22/2026,1/25/2002,SO90110,560,26586,9,2,1
12/22/2026,7/6/2001,SO90110,373,26586,9,3,2
1/4/2026,8/16/2004,SO90111,270,20588,10,1,1
12/25/2026,1/27/2004,SO90112,578,29240,3,1,2
1/28/2026,4/13/2002,SO90113,588,29078,6,1,1
1/17/2026,3/2/2003,SO90114,598,11508,7,1,1
4/2/2026,12/4/2001,SO90115,600,16729,4,1,1
7/24/2026,8/17/2003,SO90116,315,20320,3,1,1
3/8/2026,8/30/2003,SO90117,360,28248,4,1,2
9/11/2026,10/12/2001,SO90118,214,29359,2,1,2
12/24/2026,10/5/2004,SO90119,604,27624,7,1,1
2/12/2026,5/3/2002,SO90120,334,11706,5,1,1
2/12/2026,5/17/2002,SO90120,469,11706,5,2,2
10/18/2026,12/25/2003,SO90121,223,16998,5,1,3
3/31/2026,7/18/2001,SO90122,427,26293,10,1,2
3/23/2026,8/20/2001,SO90123,292,27777,8,1,1
6/9/2026,6/1/2002,SO90124,238,15933,7,1,1
3/19/2026,6/29/2003,SO90125,340,23732,1,1,1
8/16/2026,7/15/2002,SO90126,538,13280,7,1,2
8/16/2026,9/2/2002,SO90126,433,13280,7,2,1
8/29/2026,12/11/2001,SO90127,320,20905,6,1,2
4/20/2026,4/6/2002,SO90128,480,20840,7,1,1
7/17/2026,11/18/2002,SO90129,588,15294,10,1,1
6/5/2026,2/14/2003,SO90130,445,29120,9,1,1
5/5/2026,9/11/2002,SO90131,264,16863,9,1,2
5/5/2026,2/5/2002,SO90131,466,16863,9,2,1
10/25/2026,2/8/2003,SO90132,568,15182,8,1,2
1/19/2026,2/25/2004,SO90133,464,28149,6,1,2
12/20/2026,8/8/2002,SO90134,573,28850,9,1,1
7/19/2026,1/28/2001,SO90135,529,28546,4,1,1
7/19/2026,3/5/2003,SO90135,500,28546,4,2,2
7/19/2026,5/15/2002,SO90135,600,28546,4,3,2
1/15/2026,3/17/2002,SO90136,379,14579,4,1,1
3/22/2026,1/24/2002,SO90137,505,25536,9,1,1
2/21/2026,3/26/2003,SO90138,342,14915,4,1,1
9/22/2026,4/27/2002,SO90139,478,14295,7,1,1
2/3/2026,8/2/2003,SO90140,525,22413,3,1,1
4/8/2026,5/2/2004,SO90141,385,27214,6,1,1
3/18/2026,7/23/2001,SO90142,595,25800,8,1,2
3/9/2026,11/5/2004,SO90143,551,14045,1,1,1
8/15/2026,7/9/2003,SO90144,557,27619,1,1,1
8/15/2026,7/21/2001,SO90144,274,27619,1,2,1
8/15/2026,5/27/2003,SO90144,293,27619,1,3,1
5/8/2026,12/18/2002,SO90145,373,25173,2,1,1
11/7/2026,6/10/2003,SO90146,320,21275,5,1,2
2/8/2026,3/29/2004,SO90147,446,24708,2,1,1
10/24/2026,5/23/2004,SO90148,582,21383,4,1,1
10/24/2026,5/9/2003,SO90148,435,21383,4,2,1
9/27/2026,4/27/2003,SO90149,443,26357,5,1,1
10/30/2026,1/3/2003,SO90150,578,25745,3,1,1
10/30/2026,6/28/2002,SO90150,473,25745,3,2,1
1/1/2026,5/3/2004,SO90151,486,17613,10,1,2
11/23/2026,4/12/2003,SO90152,531,15107,6,1,2
12/12/2026,6/1/2003,SO90153,545,14562,6,1,2
7/3/2026,3/3/2003,SO90154,493,11484,6,1,2
1/6/2026,8/13/2003,SO90155,270,23034,7,1,2
5/31/2026,4/22/2001,SO90156,334,29034,9,1,2
5/31/2026,6/4/2003,SO90156,443,29034,9,2,1
12/30/2026,2/27/2002,SO90157,413,19599,1,1,1
12/30/2026,4/14/2002,SO90157,381,19599,1,2,1
11/13/2026,7/31/2001,SO90158,588,29010,8,1,1
5/29/2026,5/7/2003,SO90159,420,15244,2,1,1
2/23/2026,3/6/2003,SO90160,262,13399,10,1,1
2/23/2026,2/25/2004,SO90160,244,13399,10,2,2
2/23/2026,8/11/2002,SO90160,523,13399,10,3,2
8/14/2026,4/30/2003,SO90161,473,17347,1,1,1
10/2/2026,3/25/2003,SO90162,274,16511,10,1,1
7/31/2026,7/25/2004,SO90163,358,26959,8,1,2
7/31/2026,8/12/2002,SO90163,316,26959,8,2,2
7/31/2026,5/31/2003,SO90163,394,26959,8,3,1
9/26/2026,10/21/2002,SO90164,367,16036,4,1,2
1/16/2026,8/14/2003,SO90165,511,14446,4,1,1
2/8/2026,3/27/2004,SO90166,315,11336,6,1,1
6/24/2026,9/14/2002,SO90167,589,19557,2,1,2
2/7/2026,2/18/2004,SO90168,492,18523,8,1,2
2/7/2026,10/9/2001,SO90168,375,18523,8,2,1
12/16/2026,5/30/2002,SO90169,555,15005,7,1,1
4/2/2026,5/13/2001,SO90170,349,23016,8,1,2
10/1/2026,12/8/2002,SO90171,417,12641,9,1,2
1/18/2026,7/4/2002,SO90172,546,21203,3,1,1
2/22/2026,9/11/2001,SO90173,441,17940,5,1,3
2/6/2026,8/5/2002,SO90174,464,26985,6,1,1
2/6/2026,12/8/2004,SO90174,274,26985,6,2,2
8/11/2026,9/1/2004,SO90175,401,14009,4,1,3
6/11/2026,7/6/2004,SO90176,477,17747,1,1,1
9/24/2026,1/13/2004,SO90177,414,24755,6,1,1
10/22/2026,11/14/2004,SO90178,533,27435,8,1,1
10/22/2026,8/26/2004,SO90178,489,27435,8,2,2
5/11/2026,4/5/2003,SO90179,589,28515,6,1,2
11/28/2026,8/12/2003,SO90180,276,11698,7,1,2
3/16/2026,9/4/2001,SO90181,496,26792,7,1,3
5/5/2026,8/14/2004,SO90182,407,25109,4,1,1
12/17/2026,3/20/2001,SO90183,584,11300,2,1,1
11/26/2026,12/7/2004,SO90184,468,15423,4,1,1
5/27/2026,2/14/2004,SO90185,535,25107,7,1,1
7/8/2026,1/19/2004,SO90186,564,18186,10,1,1
5/3/2026,7/2/2001,SO90187,395,22049,9,1,2
8/24/2026,4/7/2002,SO90188,472,16870,4,1,2
8/21/2026,8/18/2002,SO90189,314,12432,5,1,2
8/26/2026,3/5/2003,SO90190,582,22228,2,1,1
8/3/2026,12/2/2004,SO90191,454,14056,2,1,1
3/8/2026,3/27/2004,SO90192,476,19257,6,1,3
12/11/2026,10/23/2004,SO90193,456,20026,1,1,2
5/21/2026,7/31/2003,SO90194,579,27061,5,1,2
2/8/2026,6/29/2002,SO90195,447,29339,3,1,1
2/8/2026,1/3/2002,SO90195,514,29339,3,2,3
2/8/2026,6/19/2004,SO90195,503,29339,3,3,1
1/4/2026,4/23/2001,SO90196,232,11015,2,1,3
6/10/2026,2/13/2001,SO90197,564,15382,1,1,1
2/25/2026,2/12/2002,SO90198,365,25810,1,1,1
1/20/2026,3/9/2001,SO90199,399,23473,8,1,1
1/20/2026,12/12/2003,SO90199,571,23473,8,2,1
1/20/2026,11/22/2004,SO90199,584,23473,8,3,2
8/4/2026,8/4/2001,SO90200,470,24354,2,1,1
2/11/2026,2/28/2001,SO90201,428,11167,3,1,1
1/26/2026,7/13/2004,SO90202,405,21203,1,1,1
1/26/2026,1/15/2001,SO90202,472,21203,1,2,1
8/15/2026,10/6/2003,SO90203,318,13890,7,1,1
10/30/2026,6/17/2001,SO90204,350,19180,1,1,1
12/27/2026,5/18/2004,SO90205,544,14126,3,1,1
9/13/2026,12/26/2004,SO90206,373,16785,10,1,1
9/13/2026,11/8/2003,SO90206,292,16785,10,2,2
4/11/2026,9/21/2001,SO90207,563,27400,1,1,2
4/11/2026,7/26/2001,SO90207,576,27400,1,2,1
3/3/2026,5/2/2004,SO90208,324,15524,10,1,2
1/12/2026,11/29/2002,SO90209,474,24447,8,1,1
1/12/2026,10/6/2002,SO90209,278,24447,8,2,1
1/12/2026,4/16/2002,SO90209,482,24447,8,3,1
9/23/2026,4/6/2004,SO90210,551,15898,6,1,1
2/16/2026,9/1/2001,SO90211,547,15616,5,1,2
12/15/2026,6/28/2002,SO90212,416,16377,7,1,2
12/15/2026,4/13/2003,SO90212,516,16377,7,2,2
3/29/2026,12/23/2001,SO90213,229,11832,10,1,1
3/10/2026,7/16/2004,SO90214,365,21362,3,1,1
3/10/2026,8/26/2002,SO90214,349,21362,3,2,1
8/28/2026,7/21/2004,SO90215,500,11845,10,1,1
11/28/2026,12/3/2003,SO90216,598,15018,9,1,1
6/10/2026,1/3/2004,SO90217,277,15031,8,1,2
11/17/2026,12/31/2001,SO90218,510,15786,6,1,2
8/12/2026,12/14/2003,SO90219,351,17497,8,1,2
8/12/2026,3/22/2003,SO90219,256,17497,8,2,2
12/19/2026,12/25/2001,SO90220,316,24454,2,1,1
7/25/2026,3/27/2001,SO90221,238,13031,8,1,1
7/25/2026,3/13/2002,SO90221,592,13031,8,2,1
7/25/2026,11/13/2004,SO90221,515,13031,8,3,2
5/14/2026,10/2/2003,SO90222,462,18400,3,1,2
6/14/2026,2/17/2002,SO90223,499,12135,2,1,1
6/14/2026,12/11/2004,SO90223,277,12135,2,2,1
9/6/2026,5/29/2001,SO90224,342,13371,8,1,1
9/6/2026,7/8/2002,SO90224,417,13371,8,2,1
8/2/2026,1/22/2003,SO90225,262,22314,9,1,2
7/28/2026,8/4/2001,SO90226,480,29202,1,1,1
2/9/2026,7/9/2004,SO90227,244,12392,4,1,1
3/22/2026,11/21/2001,SO90228,214,14637,6,1,1
2/13/2026,10/8/2001,SO90229,433,20101,9,1,2
4/19/2026,3/8/2004,SO90230,235,20654,2,1,2
4/19/2026,9/30/2001,SO90230,411,20654,2,2,3
11/22/2026,2/7/2003,SO90231,347,13198,4,1,2
3/8/2026,3/19/2002,SO90232,581,17169,3,1,2
3/8/2026,11/18/2004,SO90232,507,17169,3,2,1
9/30/2026,3/22/2003,SO90233,272,26487,8,1,1
6/6/2026,3/5/2003,SO90234,580,16722,5,1,2
3/19/2026,7/5/2003,SO90235,534,19552,3,1,1
11/22/2026,7/10/2004,SO90236,564,16232,10,1,1
11/22/2026,7/19/2004,SO90236,541,16232,10,2,1
8/28/2026,6/9/2004,SO90237,419,13948,4,1,1
7/5/2026,8/6/2002,SO90238,515,22372,1,1,1
10/20/2026,11/23/2002,SO90239,532,24793,1,1,1
4/15/2026,10/10/2004,SO90240,371,27984,8,1,1
8/26/2026,7/1/2004,SO90241,519,14654,1,1,1
8/26/2026,8/10/2002,SO90241,518,14654,1,2,2
1/23/2026,1/1/2002,SO90242,247,19155,8,1,1
3/7/2026,10/20/2004,SO90243,218,25050,7,1,1
10/31/2026,6/13/2001,SO90244,523,23754,6,1,2
9/13/2026,4/2/2001,SO90245,431,28488,3,1,2
4/3/2026,7/6/2004,SO90246,586,12131,10,1,2
6/20/2026,10/17/2003,SO90247,313,19295,10,1,1
10/19/2026,10/21/2003,SO90248,522,28276,10,1,2
9/18/2026,1/26/2001,SO90249,566,15271,3,1,1
8/6/2026,12/4/2003,SO90250,443,15839,10,1,1
9/22/2026,12/8/2004,SO90251,508,15795,1,1,2
9/22/2026,11/10/2001,SO90251,452,15795,1,2,2
9/22/2026,3/22/2002,SO90251,288,15795,1,3,2
5/20/2026,7/10/2002,SO90252,409,25186,7,1,1
8/10/2026,7/6/2003,SO90253,367,26843,8,1,1
7/10/2026,9/6/2002,SO90254,540,18210,5,1,2
12/3/2026,9/30/2001,SO90255,493,24164,8,1,2
10/30/2026,3/20/2002,SO90256,373,12180,4,1,1
12/28/2026,5/4/2003,SO90257,366,24231,9,1,3
2/15/2026,1/22/2002,SO90258,336,18352,9,1,1
9/8/2026,9/23/2004,SO90259,250,14033,6,1,2
11/23/2026,6/15/2004,SO90260,385,23495,3,1,1
6/22/2026,10/13/2003,SO90261,605,23869,6,1,1
9/7/2026,8/31/2002,SO90262,481,24499,4,1,1
1/18/2026,10/7/2002,SO90263,215,25260,5,1,3
1/18/2026,5/25/2001,SO90263,301,25260,5,2,1
5/27/2026,3/18/2004,SO90264,534,24719,1,1,3
9/30/2026,4/5/2001,SO90265,250,20502,6,1,1
9/30/2026,7/4/2002,SO90265,580,20502,6,2,1
10/6/2026,8/17/2001,SO90266,407,14917,1,1,2
10/6/2026,5/12/2001,SO90266,504,14917,1,2,1
12/16/2026,12/28/2004,SO90267,397,11974,9,1,2
2/6/2026,5/13/2003,SO90268,291,22079,10,1,2
2/1/2026,12/21/2004,SO90269,486,14836,10,1,2
5/15/2026,5/13/2001,SO90270,501,21312,7,1,1
5/15/2026,12/28/2002,SO90270,563,21312,7,2,1
11/13/2026,4/12/2001,SO90271,375,15477,2,1,1
1/20/2026,2/1/2004,SO90272,572,16485,2,1,2
1/31/2026,5/21/2004,SO90273,483,20471,10,1,1
1/31/2026,6/5/2001,SO90273,466,20471,10,2,1
4/28/2026,8/15/2004,SO90274,603,18199,7,1,2
2/19/2026,10/31/2002,SO90275,458,24941,9,1,1
5/16/2026,11/14/2002,SO90276,447,27967,1,1,3
7/13/2026,12/5/2003,SO90277,495,23338,6,1,2
3/12/2026,12/29/2003,SO90278,450,21959,3,1,1
2/8/2026,12/15/2004,SO90279,411,28382,7,1,1
7/24/2026,1/31/2003,SO90280,567,13719,4,1,2
10/27/2026,4/29/2003,SO90281,511,20579,3,1,2
3/3/2026,5/20/2002,SO90282,300,21257,4,1,1
2/11/2026,11/20/2004,SO90283,250,20134,4,1,1
2/11/2026,8/1/2003,SO90283,544,20134,4,2,1
2/11/2026,2/3/2002,SO90283,598,20134,4,3,1
10/18/2026,1/23/2001,SO90284,471,13416,9,1,2
5/20/2026,6/2/2003,SO90285,292,13511,9,1,2
5/20/2026,4/18/2002,SO90285,435,13511,9,2,1
8/7/2026,4/12/2002,SO90286,322,21489,7,1,3
8/7/2026,1/21/2002,SO90286,498,21489,7,2,3
2/26/2026,7/4/2003,SO90287,493,28060,1,1,1
9/11/2026,11/29/2004,SO90288,512,15859,5,1,1
3/17/2026,10/22/2003,SO90289,448,11427,3,1,1
6/20/2026,11/18/2001,SO90290,502,29457,1,1,2
11/11/2026,5/11/2001,SO90291,562,25820,9,1,1
9/19/2026,3/23/2004,SO90292,520,19474,10,1,2
11/1/2026,8/19/2004,SO90293,490,26300,9,1,1
8/8/2026,1/7/2003,SO90294,460,11387,6,1,2
12/7/2026,5/1/2001,SO90295,590,24723,8,1,1
6/23/2026,3/14/2003,SO90296,391,17274,2,1,1
9/23/2026,9/29/2003,SO90297,545,26198,2,1,1
4/13/2026,3/28/2001,SO90298,399,24599,5,1,1
4/13/2026,5/27/2001,SO90298,604,24599,5,2,1
3/12/2026,11/1/2002,SO90299,547,12821,4,1,1
1/22/2026,8/15/2003,SO90300,573,26866,8,1,3
12/22/2026,8/31/2003,SO90301,312,21090,6,1,1
7/17/2026,3/14/2002,SO90302,585,16980,10,1,1
7/17/2026,7/3/2003,SO90302,313,16980,10,2,3
7/17/2026,7/29/2002,SO90302,474,16980,10,3,2
5/21/2026,9/2/2001,SO90303,336,18065,6,1,1
5/21/2026,3/3/2002,SO90303,569,18065,6,2,2
5/21/2026,7/17/2003,SO90303,392,18065,6,3,1
12/23/2026,6/4/2001,SO90304,471,21225,8,1,3
4/25/2026,7/8/2002,SO90305,503,14045,3,1,1
10/9/2026,8/24/2001,SO90306,417,27291,8,1,1
10/9/2026,7/6/2003,SO90306,449,27291,8,2,1
10/9/2026,1/28/2001,SO90306,462,27291,8,3,1
8/1/2026,12/1/2003,SO90307,367,20315,3,1,1
4/16/2026,3/10/2002,SO90308,396,15084,5,1,1
4/16/2026,7/10/2001,SO90308,576,15084,5,2,2
9/18/2026,11/25/2004,SO90309,484,14386,5,1,2
5/30/2026,1/5/2004,SO90310,509,13449,6,1,1
8/30/2026,1/15/2003,SO90311,360,13496,3,1,1
8/30/2026,12/23/2004,SO90311,464,13496,3,2,2
2/5/2026,1/4/2002,SO90312,515,13612,7,1,2
6/23/2026,1/5/2003,SO90313,282,29059,4,1,1
1/25/2026,1/10/2004,SO90314,517,23059,3,1,1
1/25/2026,4/3/2004,SO90314,470,23059,3,2,1
2/17/2026,4/15/2001,SO90315,235,28054,4,1,3
8/20/2026,2/28/2003,SO90316,481,13281,5,1,2
8/19/2026,2/25/2002,SO90317,447,16962,3,1,1
8/19/2026,12/7/2003,SO90317,421,16962,3,2,1
8/19/2026,12/15/2001,SO90317,360,16962,3,3,1
11/10/2026,4/20/2004,SO90318,581,12112,9,1,1
5/17/2026,11/29/2002,SO90319,215,17976,1,1,2
11/12/2026,6/23/2003,SO90320,503,15252,3,1,1
6/9/2026,8/4/2002,SO90321,569,18964,5,1,1
6/9/2026,9/16/2004,SO90321,493,18964,5,2,1
10/17/2026,6/25/2004,SO90322,393,21676,6,1,2
10/17/2026,12/6/2001,SO90322,590,21676,6,2,1
10/17/2026,4/3/2001,SO90322,395,21676,6,3,2
4/8/2026,1/23/2001,SO90323,429,25793,4,1,1
7/31/2026,10/9/2002,SO90324,566,28039,1,1,1
6/17/2026,3/22/2002,SO90325,556,14797,9,1,1
5/3/2026,8/27/2003,SO90326,480,17165,6,1,2
8/30/2026,10/23/2003,SO90327,220,17414,1,1,2
3/22/2026,4/9/2002,SO90328,347,25902,8,1,1
6/17/2026,8/27/2002,SO90329,417,16308,8,1,1
6/17/2026,2/4/2004,SO90329,223,16308,8,2,1
5/29/2026,11/17/2001,SO90330,521,14429,8,1,1
3/11/2026,7/29/2001,SO90331,478,16614,6,1,1
11/27/2026,3/28/2003,SO90332,542,22304,8,1,2
3/20/2026,1/15/2003,SO90333,601,24590,1,1,2
9/26/2026,1/10/2004,SO90334,395,27967,6,1,1
10/28/2026,9/2/2003,SO90335,264,11979,8,1,2
10/28/2026,4/4/2002,SO90335,312,11979,8,2,1
7/19/2026,3/20/2003,SO90336,507,12570,2,1,2
6/5/2026,5/2/2004,SO90337,545,19960,8,1,3
6/5/2026,5/8/2002,SO90337,569,19960,8,2,1
6/5/2026,4/4/2004,SO90337,336,19960,8,3,1
8/10/2026,8/16/2002,SO90338,344,13084,4,1,1
12/28/2026,3/30/2001,SO90339,385,24967,7,1,1
8/13/2026,7/30/2003,SO90340,453,22164,5,1,1
9/10/2026,3/23/2002,SO90341,392,26897,4,1,1
9/10/2026,9/28/2004,SO90341,422,26897,4,2,1
9/10/2026,10/2/2004,SO90341,513,26897,4,3,2
6/6/2026,7/14/2001,SO90342,600,19584,7,1,2
9/17/2026,7/21/2001,SO90343,557,18850,4,1,1
6/13/2026,9/28/2004,SO90344,472,21379,1,1,2
6/13/2026,2/2/2003,SO90344,413,21379,1,2,1
9/16/2026,8/15/2003,SO90345,571,27068,1,1,2
12/22/2026,7/20/2003,SO90346,421,17696,2,1,1
2/15/2026,11/4/2004,SO90347,367,17247,8,1,1
12/14/2026,8/17/2001,SO90348,539,25321,6,1,1
8/1/2026,6/24/2001,SO90349,351,12344,1,1,1
7/19/2026,6/26/2003,SO90350,550,24013,3,1,1
7/19/2026,7/4/2003,SO90350,532,24013,3,2,1
9/4/2026,4/30/2004,SO90351,561,13424,7,1,2
5/20/2026,7/23/2001,SO90352,604,29225,10,1,1
1/16/2026,3/5/2004,SO90353,553,18041,8,1,1
3/24/2026,1/4/2003,SO90354,223,15551,5,1,1
10/10/2026,3/3/2001,SO90355,568,21382,9,1,2
11/6/2026,3/15/2001,SO90356,469,22539,6,1,1
9/11/2026,1/30/2001,SO90357,360,19422,5,1,1
8/5/2026,6/13/2003,SO90358,428,12561,8,1,1
4/21/2026,11/18/2004,SO90359,272,22629,2,1,1
8/19/2026,4/27/2002,SO90360,560,24662,2,1,1
11/3/2026,8/6/2001,SO90361,517,27290,10,1,1
7/19/2026,3/6/2004,SO90362,387,17021,5,1,1
11/27/2026,2/5/2004,SO90363,572,11908,8,1,2
5/15/2026,9/15/2004,SO90364,445,15394,9,1,2
3/26/2026,7/11/2004,SO90365,439,22440,1,1,3
2/13/2026,3/31/2001,SO90366,449,25634,7,1,1
2/15/2026,6/21/2001,SO90367,521,25787,3,1,2
11/16/2026,11/21/2003,SO90368,319,22316,7,1,2
4/1/2026,6/20/2002,SO90369,573,13594,1,1,1
4/1/2026,4/28/2002,SO90369,480,13594,1,2,2
4/1/2026,8/6/2002,SO90369,558,13594,1,3,1
1/20/2026,3/31/2001,SO90370,387,12103,6,1,2
11/18/2026,7/14/2003,SO90371,471,26147,6,1,1
2/12/2026,1/27/2001,SO90372,572,12206,2,1,1
4/13/2026,6/6/2004,SO90373,405,15463,1,1,1
5/18/2026,6/16/2001,SO90374,344,27668,8,1,2
8/8/2026,12/24/2004,SO90375,564,16337,9,1,2
3/30/2026,12/21/2002,SO90376,431,12214,5,1,1
3/30/2026,5/19/2001,SO90376,519,12214,5,2,1
5/15/2026,1/22/2002,SO90377,541,21430,4,1,1
1/17/2026,6/19/2001,SO90378,387,14041,3,1,3
1/17/2026,4/13/2001,SO90378,508,14041,3,2,1
3/17/2026,11/18/2002,SO90379,603,11343,6,1,2
12/28/2026,9/27/2001,SO90380,483,16075,9,1,3
12/28/2026,2/13/2001,SO90380,566,16075,9,2,2
2/15/2026,1/16/2003,SO90381,542,19396,7,1,1
8/6/2026,5/28/2002,SO90382,313,22874,3,1,1
2/21/2026,12/13/2004,SO90383,510,15082,5,1,2
3/30/2026,12/11/2001,SO90384,486,12470,4,1,2
3/30/2026,11/4/2003,SO90384,590,12470,4,2,1
2/20/2026,2/22/2002,SO90385,351,23528,4,1,1
1/25/2026,8/26/2002,SO90386,389,16664,10,1,3
3/4/2026,9/5/2001,SO90387,420,20285,4,1,1
8/30/2026,1/29/2001,SO90388,595,16110,2,1,3
6/20/2026,3/24/2004,SO90389,517,26035,10,1,1
12/25/2026,4/19/2001,SO90390,487,21833,4,1,1
12/2/2026,8/19/2001,SO90391,524,14406,2,1,1
12/2/2026,11/20/2004,SO90391,351,14406,2,2,2
12/2/2026,11/1/2002,SO90391,445,14406,2,3,1
7/29/2026,8/5/2001,SO90392,530,26388,3,1,2
4/5/2026,3/19/2003,SO90393,595,14372,2,1,1
10/10/2026,7/1/2004,SO90394,483,19529,2,1,1
4/7/2026,6/20/2004,SO90395,588,20168,1,1,1
6/4/2026,9/24/2002,SO90396,288,18364,10,1,2
6/4/2026,7/29/2001,SO90396,215,18364,10,2,1
5/15/2026,6/21/2002,SO90397,345,26986,9,1,1
1/16/2026,5/9/2001,SO90398,582,20491,10,1,1
1/16/2026,10/15/2004,SO90398,422,20491,10,2,1
2/3/2026,3/8/2003,SO90399,475,14477,10,1,1
11/25/2026,12/16/2003,SO90400,451,20841,7,1,1
6/9/2026,2/22/2003,SO90401,457,12090,8,1,1
6/9/2026,9/17/2001,SO90401,466,12090,8,2,2
1/12/2026,4/19/2002,SO90402,510,22202,4,1,1
1/12/2026,10/26/2001,SO90402,285,22202,4,2,1
1/11/2026,10/25/2002,SO90403,417,29464,8,1,1
1/11/2026,1/25/2001,SO90403,226,29464,8,2,2
1/11/2026,8/14/2004,SO90403,332,29464,8,3,1
11/6/2026,7/17/2001,SO90404,545,14271,1,1,1
8/28/2026,9/12/2002,SO90405,477,16632,3,1,2
5/26/2026,2/6/2003,SO90406,352,12875,5,1,2
5/26/2026,5/18/2002,SO90406,313,12875,5,2,2
10/22/2026,11/14/2004,SO90407,365,12018,1,1,1
1/20/2026,5/18/2003,SO90408,482,14874,9,1,2
7/14/2026,3/14/2002,SO90409,381,24123,2,1,2
7/14/2026,9/24/2004,SO90410,563,22919,7,1,2
2/20/2026,7/17/2002,SO90411,530,26326,10,1,1
2/26/2026,8/17/2003,SO90412,345,12342,8,1,2
2/26/2026,10/17/2002,SO90412,562,12342,8,2,1
12/16/2026,4/30/2001,SO90413,256,12535,10,1,2
1/20/2026,1/26/2003,SO90414,450,18176,5,1,2
11/13/2026,3/29/2001,SO90415,565,25930,6,1,1
10/31/2026,2/5/2001,SO90416,498,20049,5,1,1
9/20/2026,3/29/2004,SO90417,520,14443,6,1,1
2/8/2026,7/12/2002,SO90418,262,12174,4,1,1
3/20/2026,11/28/2002,SO90419,534,11907,9,1,2
2/1/2026,5/2/2002,SO90420,458,18907,7,1,2
3/19/2026,11/21/2002,SO90421,548,24759,9,1,1
7/11/2026,8/18/2004,SO90422,330,14556,7,1,1
6/23/2026,12/20/2004,SO90423,356,11220,6,1,1
8/14/2026,5/7/2002,SO90424,532,12821,4,1,2
8/14/2026,5/14/2004,SO90424,514,12821,4,2,1
6/9/2026,1/27/2002,SO90425,557,29400,3,1,3
10/6/2026,9/30/2001,SO90426,568,18186,5,1,1
7/20/2026,6/4/2002,SO90427,526,12399,4,1,2
7/20/2026,12/10/2004,SO90427,262,12399,4,2,2
9/9/2026,2/26/2003,SO90428,300,16066,10,1,1
6/10/2026,4/5/2001,SO90429,445,27220,2,1,1
10/7/2026,9/29/2003,SO90430,584,28138,5,1,1
12/12/2026,11/13/2002,SO90431,392,15577,9,1,2
9/20/2026,10/15/2001,SO90432,507,17547,3,1,2
1/27/2026,9/17/2004,SO90433,293,22374,2,1,1
1/6/2026,9/22/2003,SO90434,492,15637,8,1,2
1/6/2026,10/17/2001,SO90434,310,15637,8,2,2
1/6/2026,11/27/2001,SO90434,314,15637,8,3,1
8/4/2026,7/30/2002,SO90435,413,14268,4,1,2
12/17/2026,2/22/2003,SO90436,487,21606,10,1,3
8/3/2026,1/8/2003,SO90437,480,16074,1,1,2
6/15/2026,7/1/2002,SO90438,354,27764,7,1,1
10/13/2026,4/25/2003,SO90439,387,23966,2,1,1
7/15/2026,10/7/2002,SO90440,223,21019,10,1,2
2/9/2026,5/9/2002,SO90441,472,17839,6,1,2
2/9/2026,5/24/2002,SO90441,512,17839,6,2,2
7/25/2026,4/10/2001,SO90442,275,26205,9,1,1
5/3/2026,6/1/2003,SO90443,473,22755,10,1,1
12/29/2026,10/18/2004,SO90444,573,28624,2,1,2
1/16/2026,6/3/2001,SO90445,558,25295,5,1,1
1/14/2026,11/18/2004,SO90446,358,11429,6,1,2
1/14/2026,7/10/2002,SO90446,605,11429,6,2,1
1/14/2026,8/18/2003,SO90446,480,11429,6,3,2
3/21/2026,8/31/2004,SO90447,603,19140,1,1,1
1/6/2026,4/10/2001,SO90448,480,11416,5,1,1
5/26/2026,2/9/2001,SO90449,562,28731,7,1,3
10/27/2026,3/26/2003,SO90450,546,23908,5,1,2
4/26/2026,7/22/2002,SO90451,498,14618,9,1,1
12/21/2026,10/21/2002,SO90452,419,14229,5,1,3
6/5/2026,7/11/2004,SO90453,391,21007,2,1,1
11/22/2026,1/27/2003,SO90454,477,20416,1,1,1
3/21/2026,12/8/2001,SO90455,266,11279,5,1,1
11/1/2026,9/7/2001,SO90456,348,11490,2,1,1
6/23/2026,6/27/2004,SO90457,551,26952,9,1,2
12/13/2026,2/9/2003,SO90458,441,19622,9,1,1
12/13/2026,3/30/2003,SO90458,556,19622,9,2,1
8/2/2026,8/2/2004,SO90459,531,19657,2,1,2
7/11/2026,12/26/2004,SO90460,247,25334,10,1,1
7/11/2026,8/13/2003,SO90460,454,25334,10,2,1
7/11/2026,6/16/2004,SO90460,311,25334,10,3,2
2/17/2026,1/1/2003,SO90461,454,12354,1,1,1
10/11/2026,1/24/2004,SO90462,470,24492,6,1,2
2/12/2026,2/11/2002,SO90463,433,22536,8,1,1
8/25/2026,2/13/2002,SO90464,595,28428,6,1,1
7/27/2026,7/24/2003,SO90465,521,19046,5,1,2
1/11/2026,9/3/2004,SO90466,334,20066,1,1,2
9/20/2026,11/8/2004,SO90467,385,24724,2,1,1
9/20/2026,5/11/2001,SO90467,500,24724,2,2,2
5/5/2026,3/6/2001,SO90468,410,28430,10,1,1
1/29/2026,10/23/2003,SO90469,419,24685,10,1,1
1/29/2026,8/21/2001,SO90469,262,24685,10,2,1
3/30/2026,4/12/2004,SO90470,356,27657,2,1,1
3/30/2026,6/19/2002,SO90470,422,27657,2,2,2
11/11/2026,3/16/2003,SO90471,585,28337,10,1,1
12/2/2026,9/25/2001,SO90472,559,23941,5,1,1
6/11/2026,2/10/2001,SO90473,587,21835,5,1,1
12/21/2026,10/13/2003,SO90474,420,22294,1,1,2
12/21/2026,12/24/2001,SO90474,605,22294,1,2,2
10/23/2026,2/21/2002,SO90475,296,15135,2,1,1
11/6/2026,9/20/2003,SO90476,445,12609,6,1,2
2/23/2026,1/31/2004,SO90477,397,25072,7,1,1
12/26/2026,1/8/2001,SO90478,409,29354,6,1,1
4/21/2026,2/8/2001,SO90479,479,11854,5,1,1
12/11/2026,7/2/2004,SO90480,373,18565,6,1,1
8/4/2026,12/13/2001,SO90481,296,17998,2,1,2
9/4/2026,12/25/2001,SO90482,561,16886,7,1,1
9/1/2026,5/20/2003,SO90483,503,20221,5,1,1
11/9/2026,9/30/2003,SO90484,279,16268,6,1,1
7/18/2026,10/23/2003,SO90485,441,16866,2,1,2
6/24/2026,11/22/2003,SO90486,533,21779,5,1,1
6/24/2026,1/2/2004,SO90486,253,21779,5,2,2
12/8/2026,8/15/2004,SO90487,368,16000,3,1,1
12/8/2026,11/20/2004,SO90487,449,16000,3,2,1
1/2/2026,3/28/2002,SO90488,445,21506,5,1,1
2/18/2026,8/23/2001,SO90489,468,16751,1,1,2
10/27/2026,11/25/2001,SO90490,315,20124,4,1,2
7/22/2026,8/29/2004,SO90491,392,22401,4,1,3
3/15/2026,11/22/2003,SO90492,414,17897,3,1,1
9/14/2026,6/18/2001,SO90493,379,23525,1,1,1
3/27/2026,4/18/2004,SO90494,597,27872,5,1,1
4/19/2026,6/11/2003,SO90495,479,11615,5,1,1
4/8/2026,1/26/2001,SO90496,592,22434,10,1,1
8/15/2026,9/19/2002,SO90497,496,12488,9,1,1
11/17/2026,4/8/2004,SO90498,250,18908,10,1,1
8/11/2026,5/25/2001,SO90499,411,21439,5,1,3
8/8/2026,3/7/2003,SO90500,439,23493,4,1,1
9/23/2026,9/10/2003,SO90501,597,24781,2,1,1
5/17/2026,8/4/2002,SO90502,508,13644,10,1,1
5/23/2026,10/25/2003,SO90503,311,15660,7,1,2
5/4/2026,7/14/2001,SO90504,539,14572,7,1,2
3/3/2026,8/5/2004,SO90505,534,22280,1,1,1
4/23/2026,5/12/2001,SO90506,326,18063,2,1,3
11/15/2026,3/27/2004,SO90507,562,21174,6,1,1
5/30/2026,3/29/2002,SO90508,223,25874,4,1,2
5/10/2026,4/30/2004,SO90509,575,17786,3,1,1
6/21/2026,1/10/2001,SO90510,483,18908,8,1,1
7/15/2026,7/13/2001,SO90511,405,16130,1,1,2
7/15/2026,8/9/2001,SO90511,472,16130,1,2,1
3/21/2026,5/26/2001,SO90512,554,22516,1,1,3
3/21/2026,5/3/2002,SO90512,364,22516,1,2,2
5/8/2026,2/16/2004,SO90513,546,17456,7,1,2
6/9/2026,8/23/2003,SO90514,518,29056,1,1,2
5/7/2026,2/17/2001,SO90515,569,21315,3,1,2
10/23/2026,9/25/2004,SO90516,506,19766,2,1,1
10/23/2026,10/14/2003,SO90516,346,19766,2,2,1
9/2/2026,8/16/2004,SO90517,568,24141,7,1,1
9/2/2026,4/22/2002,SO90517,453,24141,7,2,3
9/2/2026,6/22/2002,SO90517,573,24141,7,3,2
4/15/2026,10/7/2004,SO90518,300,18353,6,1,2
8/4/2026,9/14/2002,SO90519,456,18753,6,1,1
4/11/2026,3/30/2004,SO90520,462,17770,3,1,2
5/6/2026,4/18/2004,SO90521,470,12724,5,1,2
9/11/2026,9/24/2003,SO90522,367,19103,6,1,1
9/11/2026,8/26/2003,SO90522,342,19103,6,2,1
4/21/2026,9/28/2003,SO90523,214,23959,3,1,2
12/25/2026,5/30/2001,SO90524,584,21335,7,1,1
2/12/2026,2/10/2002,SO90525,525,21461,6,1,2
4/13/2026,4/22/2004,SO90526,389,22239,5,1,1
4/13/2026,3/15/2001,SO90526,581,22239,5,2,1
2/24/2026,8/23/2003,SO90527,557,21479,5,1,2
3/13/2026,3/17/2003,SO90528,362,27555,5,1,1
3/13/2026,8/23/2001,SO90528,259,27555,5,2,1
11/8/2026,1/7/2004,SO90529,590,28110,6,1,1
2/14/2026,1/4/2004,SO90530,349,11797,9,1,1
2/14/2026,11/3/2001,SO90530,477,11797,9,2,2
12/14/2026,5/6/2002,SO90531,474,29146,10,1,1
12/14/2026,8/24/2001,SO90531,468,29146,10,2,1
12/14/2026,2/4/2003,SO90531,358,29146,10,3,1
3/31/2026,6/8/2003,SO90532,415,19395,4,1,1
6/6/2026,8/31/2004,SO90533,589,26783,7,1,1
2/3/2026,12/5/2003,SO90534,307,22107,9,1,2
11/13/2026,4/4/2002,SO90535,565,11184,7,1,3
2/16/2026,6/29/2004,SO90536,469,26483,3,1,1
5/10/2026,1/21/2003,SO90537,441,18517,4,1,1
8/1/2026,8/6/2003,SO90538,403,17147,1,1,2
8/15/2026,6/7/2004,SO90539,349,19539,6,1,2
8/15/2026,4/24/2001,SO90539,349,19539,6,2,2
8/15/2026,4/5/2002,SO90539,366,19539,6,3,3
10/7/2026,10/20/2002,SO90540,412,22108,2,1,1
3/11/2026,7/1/2002,SO90541,508,28095,7,1,1
10/10/2026,4/2/2004,SO90542,588,21366,3,1,2
10/10/2026,11/7/2004,SO90542,559,21366,3,2,1
4/7/2026,12/16/2001,SO90543,226,25454,7,1,2
3/28/2026,11/3/2004,SO90544,364,12144,1,1,2
2/11/2026,9/10/2003,SO90545,582,21717,5,1,1
3/27/2026,1/25/2002,SO90546,553,14026,1,1,1
8/31/2026,11/17/2004,SO90547,354,19286,10,1,2
1/13/2026,9/8/2004,SO90548,544,12424,2,1,1
10/6/2026,11/25/2003,SO90549,395,20751,7,1,2
1/24/2026,10/12/2004,SO90550,523,21401,1,1,1
3/16/2026,6/14/2002,SO90551,253,22634,3,1,1
5/2/2026,10/7/2003,SO90552,461,11286,4,1,2
4/20/2026,1/17/2003,SO90553,570,13823,1,1,2
2/9/2026,5/21/2002,SO90554,291,27423,1,1,1
3/17/2026,4/10/2002,SO90555,351,20853,10,1,1
3/17/2026,3/6/2003,SO90555,247,20853,10,2,1
6/30/2026,3/30/2002,SO90556,395,25721,7,1,2
7/4/2026,3/30/2004,SO90557,556,27626,9,1,1
12/2/2026,6/26/2001,SO90558,405,15981,5,1,1
9/17/2026,4/17/2001,SO90559,551,18193,5,1,1
9/17/2026,1/21/2002,SO90559,462,18193,5,2,3
2/18/2026,5/31/2003,SO90560,576,22489,5,1,2
12/17/2026,1/5/2003,SO90561,458,16974,6,1,1
4/16/2026,2/10/2001,SO90562,215,27109,5,1,1
11/4/2026,4/25/2001,SO90563,568,20774,5,1,1
10/24/2026,5/24/2001,SO90564,477,27235,5,1,2
6/11/2026,10/20/2003,SO90565,300,11444,2,1,1
6/11/2026,7/21/2003,SO90565,523,11444,2,2,1
6/11/2026,12/11/2004,SO90565,604,11444,2,3,2
2/17/2026,3/16/2004,SO90566,469,19716,5,1,1
12/6/2026,6/15/2002,SO90567,336,24568,10,1,1
8/25/2026,5/15/2002,SO90568,536,12909,9,1,1
8/25/2026,7/11/2004,SO90568,592,12909,9,2,2
8/25/2026,10/20/2001,SO90568,592,12909,9,3,1
11/19/2026,7/8/2004,SO90569,491,25678,3,1,2
9/11/2026,6/11/2003,SO90570,484,12877,3,1,1
5/14/2026,1/30/2003,SO90571,501,22121,2,1,1
5/24/2026,12/31/2001,SO90572,564,23674,5,1,3
12/27/2026,12/19/2002,SO90573,296,22593,2,1,2
12/27/2026,10/30/2004,SO90573,556,22593,2,2,2
4/1/2026,12/16/2003,SO90574,491,26747,8,1,2
4/25/2026,5/10/2003,SO90575,492,15906,3,1,1
4/25/2026,11/26/2004,SO90575,590,15906,3,2,2
9/26/2026,12/13/2001,SO90576,414,21198,8,1,1
12/31/2026,12/18/2002,SO90577,419,17322,6,1,1
12/30/2026,11/3/2004,SO90578,272,22920,6,1,1
10/20/2026,9/30/2004,SO90579,541,27588,8,1,2
7/27/2026,8/26/2002,SO90580,548,23333,6,1,2
7/1/2026,10/1/2001,SO90581,311,25459,8,1,1
9/13/2026,9/22/2001,SO90582,504,11746,2,1,2
10/27/2026,10/17/2002,SO90583,322,17404,4,1,1
10/27/2026,2/16/2003,SO90583,588,17404,4,2,1
7/16/2026,4/14/2001,SO90584,310,22011,1,1,1
9/3/2026,5/28/2004,SO90585,599,23539,10,1,1
10/18/2026,12/10/2004,SO90586,383,13816,2,1,1
2/16/2026,7/17/2001,SO90587,342,22355,4,1,1
8/28/2026,12/30/2003,SO90588,526,14642,8,1,1
7/23/2026,4/17/2001,SO90589,511,14845,1,1,1
4/12/2026,10/6/2002,SO90590,487,19291,5,1,1
4/12/2026,1/17/2002,SO90590,545,19291,5,2,2
1/14/2026,10/7/2001,SO90591,483,15396,4,1,2
8/19/2026,8/24/2003,SO90592,433,20533,1,1,1
9/1/2026,9/17/2001,SO90593,601,17040,9,1,2
3/15/2026,10/2/2003,SO90594,409,17860,10,1,1
3/15/2026,11/2/2001,SO90594,296,17860,10,2,2
2/9/2026,1/26/2001,SO90595,455,17477,5,1,2
2/9/2026,12/30/2002,SO90595,564,17477,5,2,1
9/18/2026,10/16/2003,SO90596,282,23183,5,1,2
9/21/2026,7/27/2003,SO90597,519,11959,6,1,2
9/30/2026,2/10/2002,SO90598,472,12508,1,1,2
8/9/2026,5/13/2003,SO90599,334,15353,6,1,2
6/13/2026,10/28/2002,SO90600,540,11899,8,1,1
3/18/2026,4/26/2003,SO90601,519,20721,4,1,1
9/1/2026,5/30/2003,SO90602,560,12092,9,1,1
6/9/2026,11/26/2003,SO90603,288,27195,3,1,1
1/7/2026,5/14/2004,SO90604,565,18157,10,1,1
7/15/2026,6/8/2003,SO90605,556,17539,8,1,1
9/24/2026,2/11/2001,SO90606,441,21460,4,1,3
3/14/2026,7/25/2004,SO90607,387,12459,10,1,1
5/20/2026,2/4/2002,SO90608,482,14284,1,1,1
6/7/2026,12/27/2002,SO90609,512,17744,6,1,1
3/9/2026,1/27/2001,SO90610,296,11526,9,1,2
12/5/2026,3/27/2001,SO90611,219,15798,6,1,1
12/15/2026,9/20/2001,SO90612,587,11908,9,1,1
6/1/2026,7/19/2001,SO90613,501,15516,2,1,1
5/2/2026,5/9/2002,SO90614,324,21466,3,1,2
10/27/2026,4/30/2001,SO90615,556,29148,5,1,1
1/19/2026,6/17/2003,SO90616,529,24269,2,1,1
4/4/2026,3/16/2001,SO90617,530,23303,10,1,1
5/19/2026,10/31/2002,SO90618,557,13386,2,1,1
4/28/2026,1/15/2003,SO90619,494,14252,2,1,2
7/13/2026,6/20/2002,SO90620,522,16197,10,1,1
10/5/2026,12/6/2002,SO90621,347,27280,10,1,1
8/30/2026,8/24/2003,SO90622,345,25828,8,1,2
8/30/2026,6/11/2002,SO90622,364,25828,8,2,1
6/22/2026,11/23/2002,SO90623,447,19254,5,1,1
3/4/2026,12/25/2002,SO90624,541,13456,3,1,1
8/16/2026,9/7/2002,SO90625,391,17708,6,1,1
1/24/2026,3/3/2002,SO90626,423,29403,4,1,3
11/16/2026,3/16/2001,SO90627,554,23658,8,1,2
5/15/2026,1/12/2004,SO90628,558,12432,2,1,1
5/15/2026,10/13/2002,SO90628,567,12432,2,2,1
5/15/2026,12/6/2001,SO90628,452,12432,2,3,1
5/27/2026,2/1/2004,SO90629,574,16992,4,1,2
8/11/2026,4/16/2002,SO90630,458,26316,7,1,1
8/11/2026,2/26/2001,SO90630,293,26316,7,2,1
8/26/2026,8/22/2003,SO90631,238,15187,9,1,1
6/15/2026,7/12/2003,SO90632,232,25420,6,1,1
6/18/2026,12/17/2004,SO90633,484,21119,2,1,1
5/15/2026,9/8/2004,SO90634,427,13237,9,1,1
1/18/2026,6/3/2004,SO90635,423,17041,4,1,1
1/18/2026,10/17/2003,SO90635,340,17041,4,2,2
1/18/2026,6/4/2003,SO90635,514,17041,4,3,1
3/31/2026,3/1/2001,SO90636,401,25320,7,1,2
7/14/2026,1/26/2001,SO90637,433,11556,9,1,2
11/17/2026,10/12/2002,SO90638,581,18608,3,1,1
9/23/2026,8/25/2003,SO90639,578,14011,5,1,1
9/23/2026,6/26/2004,SO90639,462,14011,5,2,1
12/1/2026,6/18/2003,SO90640,509,23721,8,1,2
12/11/2026,9/11/2004,SO90641,407,22441,1,1,1
7/26/2026,7/16/2004,SO90642,577,14505,1,1,3
12/15/2026,12/24/2003,SO90643,334,27914,8,1,1
7/29/2026,12/25/2001,SO90644,360,12428,6,1,1
1/23/2026,11/10/2001,SO90645,522,19635,1,1,2
5/14/2026,11/8/2002,SO90646,469,19611,10,1,2
5/14/2026,8/16/2001,SO90646,466,19611,10,2,2
6/22/2026,3/18/2002,SO90647,277,19522,10,1,1
11/20/2026,11/15/2003,SO90648,407,17506,3,1,1
7/23/2026,8/12/2003,SO90649,569,25957,6,1,2
12/24/2026,10/7/2001,SO90650,411,14738,2,1,2
9/7/2026,12/26/2002,SO90651,510,12285,7,1,2
10/25/2026,8/3/2001,SO90652,482,19406,10,1,2
7/20/2026,2/12/2004,SO90653,412,13549,6,1,1
7/20/2026,11/24/2002,SO90653,537,13549,6,2,1
3/6/2026,7/27/2002,SO90654,253,19941,8,1,1
2/15/2026,4/29/2001,SO90655,594,14821,3,1,2
3/5/2026,10/22/2004,SO90656,262,14692,5,1,1
5/6/2026,8/19/2004,SO90657,514,25156,2,1,2
5/6/2026,9/14/2002,SO90657,546,25156,2,2,2
4/16/2026,8/13/2004,SO90658,364,17256,4,1,1
5/17/2026,9/29/2003,SO90659,571,21122,6,1,2
11/27/2026,12/1/2001,SO90660,552,19504,7,1,1
12/8/2026,7/9/2004,SO90661,574,20857,4,1,3
1/24/2026,8/11/2001,SO90662,540,27803,7,1,1
10/25/2026,8/8/2002,SO90663,277,25104,6,1,2
10/27/2026,8/18/2004,SO90664,332,17237,2,1,2
10/26/2026,2/2/2004,SO90665,276,13333,4,1,2
3/23/2026,5/18/2002,SO90666,466,22322,9,1,2
12/13/2026,11/26/2002,SO90667,514,11311,9,1,1
12/3/2026,1/15/2002,SO90668,334,27519,1,1,1
11/27/2026,5/19/2003,SO90669,421,20100,10,1,2
7/9/2026,2/21/2004,SO90670,457,23817,6,1,2
1/26/2026,10/15/2002,SO90671,453,17161,6,1,2
10/20/2026,10/27/2001,SO90672,461,15402,6,1,1
2/26/2026,11/30/2002,SO90673,490,19536,8,1,1
10/1/2026,6/11/2001,SO90674,365,28045,7,1,1
11/18/2026,9/6/2001,SO90675,500,14779,7,1,2
11/18/2026,8/5/2004,SO90675,603,14779,7,2,2
12/19/2026,1/8/2004,SO90676,524,14424,4,1,2
12/19/2026,7/7/2002,SO90676,338,14424,4,2,1
2/17/2026,1/30/2001,SO90677,501,24831,5,1,1
2/3/2026,3/8/2004,SO90678,594,25068,6,1,1
2/3/2026,7/20/2002,SO90678,214,25068,6,2,2
1/2/2026,3/19/2004,SO90679,347,15933,6,1,1
12/2/2026,3/26/2001,SO90680,478,21590,5,1,1
12/2/2026,8/13/2003,SO90680,529,21590,5,2,2
5/3/2026,12/26/2003,SO90681,596,22916,6,1,2
4/21/2026,8/5/2004,SO90682,259,21800,2,1,1
8/30/2026,4/6/2002,SO90683,410,19572,3,1,1
2/18/2026,11/1/2004,SO90684,360,12900,5,1,1
4/3/2026,8/9/2003,SO90685,446,27374,2,1,3
9/27/2026,9/4/2004,SO90686,447,26105,2,1,1
7/12/2026,9/8/2003,SO90687,421,12330,10,1,2
12/30/2026,5/27/2003,SO90688,493,15227,2,1,1
12/30/2026,12/3/2003,SO90688,513,15227,2,2,1
1/28/2026,8/24/2002,SO90689,413,12992,3,1,1
12/6/2026,7/22/2004,SO90690,413,20663,2,1,1
12/6/2026,11/7/2002,SO90690,451,20663,2,2,1
12/6/2026,6/3/2002,SO90690,409,20663,2,3,2
4/19/2026,4/18/2004,SO90691,352,20335,9,1,1
4/19/2026,1/25/2004,SO90691,476,20335,9,2,2
3/9/2026,4/25/2001,SO90692,443,16283,2,1,2
11/22/2026,4/7/2004,SO90693,583,26067,10,1,1
7/16/2026,2/18/2001,SO90694,214,22986,8,1,1
9/4/2026,9/2/2003,SO90695,347,14621,1,1,1
12/12/2026,7/21/2004,SO90696,235,14112,2,1,2
11/14/2026,12/25/2001,SO90697,322,25731,4,1,1
5/16/2026,8/23/2003,SO90698,488,16596,4,1,1
3/5/2026,2/13/2004,SO90699,532,27165,2,1,2
12/27/2026,11/14/2004,SO90700,278,25636,1,1,1
8/16/2026,4/4/2004,SO90701,477,20741,6,1,1
1/23/2026,12/24/2003,SO90702,315,28932,2,1,1
1/23/2026,10/1/2003,SO90702,349,28932,2,2,2
7/1/2026,9/29/2004,SO90703,441,21198,4,1,2
5/1/2026,1/2/2003,SO90704,502,18116,7,1,1
4/8/2026,12/28/2003,SO90705,342,23658,6,1,1
2/24/2026,5/21/2004,SO90706,510,17711,1,1,3
9/2/2026,3/9/2001,SO90707,604,27080,1,1,1
7/21/2026,2/11/2004,SO90708,317,14058,8,1,1
12/13/2026,5/4/2003,SO90709,277,22589,9,1,3
12/13/2026,1/28/2001,SO90709,449,22589,9,2,1
6/7/2026,1/29/2004,SO90710,429,28965,1,1,1
7/5/2026,2/6/2003,SO90711,412,17025,7,1,1
5/9/2026,7/14/2003,SO90712,291,12685,2,1,1
12/24/2026,10/29/2002,SO90713,330,16639,10,1,3
12/1/2026,5/23/2001,SO90714,282,15831,6,1,3
7/3/2026,1/15/2004,SO90715,285,26144,10,1,2
7/3/2026,12/11/2004,SO90715,449,26144,10,2,1
8/17/2026,1/8/2002,SO90716,576,19631,4,1,2
6/5/2026,1/19/2002,SO90717,218,26965,3,1,2
9/13/2026,6/17/2003,SO90718,414,19881,1,1,2
12/16/2026,7/11/2002,SO90719,531,24281,4,1,1
9/23/2026,10/9/2003,SO90720,313,28338,7,1,2
2/25/2026,8/9/2004,SO90721,352,24684,8,1,1
3/26/2026,4/11/2002,SO90722,511,17194,2,1,1
7/5/2026,12/27/2003,SO90723,474,14917,2,1,3
7/5/2026,3/12/2001,SO90723,600,14917,2,2,2
1/4/2026,1/19/2003,SO90724,232,19583,9,1,2
5/27/2026,2/11/2001,SO90725,368,20677,9,1,1
9/27/2026,4/8/2001,SO90726,350,25319,3,1,2
3/21/2026,5/2/2003,SO90727,604,19880,3,1,2
12/20/2026,1/15/2002,SO90728,486,13624,1,1,1
11/30/2026,1/12/2002,SO90729,575,27796,6,1,3
9/4/2026,6/29/2003,SO90730,344,13892,8,1,2
9/4/2026,5/10/2001,SO90730,218,13892,8,2,3
10/29/2026,4/14/2002,SO90731,241,11007,10,1,1
4/25/2026,3/5/2001,SO90732,553,12393,5,1,2
1/25/2026,11/8/2004,SO90733,349,14023,4,1,2
4/24/2026,8/31/2003,SO90734,546,23384,10,1,1
4/24/2026,9/23/2004,SO90734,598,23384,10,2,1
9/19/2026,7/18/2003,SO90735,503,26607,7,1,2
5/11/2026,10/20/2002,SO90736,345,29238,7,1,1
6/12/2026,5/9/2003,SO90737,345,12324,1,1,3
6/12/2026,10/14/2002,SO90737,473,12324,1,2,3
2/7/2026,12/29/2002,SO90738,601,20176,10,1,1
11/13/2026,9/30/2001,SO90739,576,24787,10,1,2
12/10/2026,6/8/2001,SO90740,590,17325,6,1,2
12/10/2026,3/25/2003,SO90740,235,17325,6,2,1
12/10/2026,8/4/2004,SO90740,414,17325,6,3,2
3/23/2026,5/2/2001,SO90741,431,15663,6,1,2
10/6/2026,5/31/2003,SO90742,311,26508,4,1,3
10/26/2026,8/21/2004,SO90743,320,16247,9,1,1
10/26/2026,5/28/2002,SO90743,532,16247,9,2,1
11/18/2026,8/26/2003,SO90744,276,12748,4,1,1
1/21/2026,2/20/2001,SO90745,585,18863,2,1,1
1/21/2026,8/8/2002,SO90745,489,18863,2,2,1
8/6/2026,11/18/2003,SO90746,543,23161,10,1,2
7/26/2026,4/26/2001,SO90747,275,13025,5,1,1
4/24/2026,4/8/2002,SO90748,338,24321,8,1,1
7/26/2026,8/7/2003,SO90749,435,20084,9,1,2
7/26/2026,4/24/2001,SO90749,373,20084,9,2,2
7/26/2026,12/8/2003,SO90749,466,20084,9,3,2
3/6/2026,8/6/2001,SO90750,399,15923,6,1,2
3/5/2026,8/29/2002,SO90751,561,11909,4,1,1
1/14/2026,6/24/2003,SO90752,448,26426,1,1,1
1/23/2026,4/10/2002,SO90753,593,24838,9,1,1
1/23/2026,7/19/2002,SO90753,232,24838,9,2,1
12/18/2026,4/22/2003,SO90754,229,21952,4,1,1
8/28/2026,4/19/2004,SO90755,443,19340,1,1,2
6/29/2026,6/24/2004,SO90756,259,25890,5,1,2
2/26/2026,11/26/2004,SO90757,480,27209,10,1,1
6/12/2026,8/16/2001,SO90758,312,18498,10,1,1
6/11/2026,2/9/2001,SO90759,564,22591,7,1,2
2/21/2026,4/10/2001,SO90760,293,27823,3,1,1
4/29/2026,8/12/2002,SO90761,340,23301,5,1,1
4/29/2026,5/16/2002,SO90761,570,23301,5,2,2
11/19/2026,10/13/2002,SO90762,332,13212,3,1,1
11/19/2026,10/29/2004,SO90762,366,13212,3,2,2
2/12/2026,9/6/2003,SO90763,523,23831,8,1,2
8/12/2026,4/7/2003,SO90764,338,22473,1,1,3
4/4/2026,6/6/2003,SO90765,458,12876,8,1,1
4/4/2026,1/24/2002,SO90765,584,12876,8,2,1
6/19/2026,9/21/2001,SO90766,413,19761,7,1,1
6/19/2026,3/17/2003,SO90766,549,19761,7,2,1
2/7/2026,11/8/2004,SO90767,407,21267,3,1,1
2/7/2026,12/9/2004,SO90767,262,21267,3,2,1
2/7/2026,1/14/2004,SO90767,385,21267,3,3,3
7/13/2026,4/5/2003,SO90768,419,23962,7,1,2
5/18/2026,11/15/2004,SO90769,256,23878,10,1,1
5/18/2026,9/10/2002,SO90769,588,23878,10,2,1
3/1/2026,1/23/2003,SO90770,244,28521,4,1,1
3/1/2026,9/29/2004,SO90770,602,28521,4,2,2
11/22/2026,4/29/2003,SO90771,360,12690,3,1,2
11/22/2026,8/9/2003,SO90771,373,12690,3,2,2
11/22/2026,7/1/2003,SO90771,468,12690,3,3,2
1/18/2026,12/8/2002,SO90772,496,20988,9,1,2
1/18/2026,4/9/2001,SO90772,526,20988,9,2,3
11/12/2026,12/16/2003,SO90773,491,11491,4,1,1
5/21/2026,12/16/2001,SO90774,413,22044,5,1,1
4/6/2026,2/18/2002,SO90775,358,25110,9,1,2
3/4/2026,2/1/2003,SO90776,387,26395,6,1,2
3/28/2026,12/8/2004,SO90777,497,11701,5,1,1
3/28/2026,3/13/2003,SO90777,348,11701,5,2,1
3/28/2026,2/10/2002,SO90777,253,11701,5,3,2
3/16/2026,3/28/2002,SO90778,229,27194,8,1,3
3/16/2026,1/25/2002,SO90778,481,27194,8,2,1
3/3/2026,3/21/2003,SO90779,371,22370,7,1,1
3/3/2026,12/10/2003,SO90779,507,22370,7,2,2
12/11/2026,10/7/2001,SO90780,214,11399,3,1,1
12/11/2026,9/5/2004,SO90780,443,11399,3,2,2
2/17/2026,1/20/2002,SO90781,318,26260,10,1,2
2/17/2026,2/27/2004,SO90781,506,26260,10,2,1
3/5/2026,5/1/2003,SO90782,364,25871,6,1,2
6/26/2026,3/21/2002,SO90783,491,13364,2,1,2
9/28/2026,8/9/2001,SO90784,588,16987,7,1,2
5/17/2026,3/10/2002,SO90785,497,17532,8,1,3
11/20/2026,4/16/2002,SO90786,475,15214,9,1,2
11/20/2026,3/8/2002,SO90786,365,15214,9,2,1
11/20/2026,6/27/2001,SO90786,565,15214,9,3,1
3/16/2026,1/10/2003,SO90787,543,18379,2,1,1
5/15/2026,5/29/2004,SO90788,494,14223,9,1,2
10/4/2026,5/17/2004,SO90789,377,26238,5,1,1
2/7/2026,12/3/2001,SO90790,447,25681,5,1,1
12/26/2026,4/4/2002,SO90791,547,29347,6,1,2
6/7/2026,6/16/2001,SO90792,580,12181,8,1,2
8/10/2026,1/21/2003,SO90793,479,16829,1,1,1
6/30/2026,12/15/2004,SO90794,448,19101,9,1,2
4/22/2026,4/22/2002,SO90795,572,21209,10,1,1
7/15/2026,8/8/2004,SO90796,421,23167,1,1,1
1/29/2026,11/30/2004,SO90797,449,29093,7,1,2
7/27/2026,11/20/2003,SO90798,537,17600,4,1,1
1/26/2026,5/14/2004,SO90799,340,25058,4,1,1
3/1/2026,9/28/2002,SO90800,558,11028,8,1,1
3/7/2026,2/4/2003,SO90801,485,25782,1,1,3
7/5/2026,6/20/2002,SO90802,507,29267,7,1,1
4/15/2026,7/3/2002,SO90803,301,13173,8,1,1
3/3/2026,11/6/2001,SO90804,548,13302,4,1,1
10/16/2026,3/23/2004,SO90805,403,20897,10,1,1
11/28/2026,10/28/2004,SO90806,571,14711,2,1,1
5/24/2026,7/19/2003,SO90807,595,27776,3,1,1
5/24/2026,4/26/2002,SO90807,575,27776,3,2,1
4/15/2026,4/9/2002,SO90808,558,23346,6,1,1
5/30/2026,12/5/2003,SO90809,389,11710,8,1,1
5/30/2026,12/10/2001,SO90809,304,11710,8,2,2
4/26/2026,6/4/2004,SO90810,366,18741,4,1,1
10/29/2026,2/20/2004,SO90811,253,13029,3,1,2
4/9/2026,5/24/2003,SO90812,424,16216,3,1,1
3/14/2026,7/3/2001,SO90813,411,16028,6,1,2
5/20/2026,1/19/2002,SO90814,421,17434,9,1,1
9/5/2026,5/2/2001,SO90815,464,16869,5,1,2
4/22/2026,2/23/2001,SO90816,524,26214,10,1,2
4/22/2026,4/26/2003,SO90816,241,26214,10,2,1
11/10/2026,11/25/2003,SO90817,464,25177,8,1,2
12/9/2026,9/28/2001,SO90818,595,12016,7,1,1
11/10/2026,11/14/2003,SO90819,562,13725,10,1,2
7/4/2026,3/31/2004,SO90820,580,14224,1,1,1
9/25/2026,7/11/2001,SO90821,599,20529,1,1,2
9/25/2026,1/1/2001,SO90821,543,20529,1,2,2
9/25/2026,7/31/2003,SO90821,364,20529,1,3,1
11/10/2026,9/23/2004,SO90822,278,22399,6,1,1
11/10/2026,9/6/2001,SO90822,241,22399,6,2,2
6/26/2026,9/10/2004,SO90823,435,13395,5,1,1
7/10/2026,4/27/2004,SO90824,500,29306,10,1,1
11/25/2026,9/10/2002,SO90825,476,20873,6,1,1
8/28/2026,7/1/2003,SO90826,409,19175,6,1,1
12/13/2026,10/28/2004,SO90827,307,21765,2,1,2
10/18/2026,8/13/2002,SO90828,368,23851,2,1,2
8/1/2026,9/11/2001,SO90829,379,15477,8,1,1
8/1/2026,5/9/2002,SO90829,490,15477,8,2,1
2/17/2026,5/8/2004,SO90830,495,15239,8,1,1
7/8/2026,2/17/2003,SO90831,450,12264,3,1,2
7/8/2026,12/5/2002,SO90831,362,12264,3,2,1
7/8/2026,6/21/2002,SO90831,530,12264,3,3,1
10/3/2026,2/27/2002,SO90832,596,23479,1,1,3
1/19/2026,1/20/2004,SO90833,293,22642,5,1,2
4/20/2026,6/17/2002,SO90834,423,23091,7,1,3
8/16/2026,4/19/2002,SO90835,315,26740,7,1,2
3/14/2026,8/11/2001,SO90836,292,13196,2,1,2
10/31/2026,2/20/2001,SO90837,568,12004,7,1,2
4/28/2026,6/15/2003,SO90838,594,22645,5,1,3
4/29/2026,4/19/2003,SO90839,413,19926,4,1,1
9/18/2026,11/18/2001,SO90840,293,20494,9,1,1
9/18/2026,8/20/2003,SO90840,550,20494,9,2,1
5/25/2026,1/26/2002,SO90841,276,27052,3,1,1
12/13/2026,11/29/2001,SO90842,352,20638,7,1,1
3/22/2026,3/5/2002,SO90843,518,28552,6,1,2
8/28/2026,1/6/2003,SO90844,411,17997,7,1,1
2/25/2026,10/21/2003,SO90845,326,14954,5,1,1
9/29/2026,12/4/2001,SO90846,558,18019,2,1,1
9/5/2026,8/1/2004,SO90847,319,13202,5,1,1
11/22/2026,5/2/2003,SO90848,377,20750,10,1,1
7/25/2026,12/11/2002,SO90849,338,13080,6,1,2
11/4/2026,5/16/2004,SO90850,431,17196,8,1,1
11/4/2026,7/22/2004,SO90850,562,17196,8,2,3
12/27/2026,9/30/2001,SO90851,603,13004,2,1,1
12/27/2026,8/19/2002,SO90851,570,13004,2,2,2
12/27/2026,3/5/2001,SO90851,416,13004,2,3,2
11/24/2026,10/23/2004,SO90852,469,14151,4,1,1
11/22/2026,12/31/2003,SO90853,428,23677,7,1,1
1/3/2026,6/2/2004,SO90854,446,19006,2,1,2
6/9/2026,1/22/2001,SO90855,452,14831,2,1,1
2/7/2026,6/3/2004,SO90856,550,15256,6,1,1
2/7/2026,9/9/2003,SO90856,518,15256,6,2,2
2/28/2026,7/25/2004,SO90857,528,11209,2,1,1
12/4/2026,4/7/2003,SO90858,291,28827,1,1,1
10/4/2026,12/19/2002,SO90859,572,17029,7,1,1
10/4/2026,1/14/2001,SO90859,511,17029,7,2,1
2/20/2026,7/27/2004,SO90860,461,18099,3,1,2
12/16/2026,11/5/2002,SO90861,567,25112,5,1,3
11/28/2026,10/7/2003,SO90862,579,13782,6,1,2
3/23/2026,11/21/2001,SO90863,332,26071,4,1,2
11/29/2026,11/8/2001,SO90864,495,21387,3,1,1
11/29/2026,2/10/2003,SO90864,421,21387,3,2,2
5/5/2026,12/4/2002,SO90865,336,15686,8,1,1
11/17/2026,1/11/2002,SO90866,414,24910,2,1,2
11/17/2026,5/24/2004,SO90866,536,24910,2,2,1
4/7/2026,2/1/2003,SO90867,494,29093,5,1,1
4/7/2026,1/2/2001,SO90867,594,29093,5,2,1
8/21/2026,1/1/2001,SO90868,508,16029,9,1,2
4/11/2026,12/17/2003,SO90869,535,16630,9,1,2
1/19/2026,4/7/2001,SO90870,600,11997,6,1,1
7/2/2026,8/17/2002,SO90871,565,14990,8,1,1
8/7/2026,4/24/2003,SO90872,466,27386,6,1,1
8/19/2026,12/30/2003,SO90873,460,11947,3,1,1
4/7/2026,5/20/2004,SO90874,433,17100,5,1,1
4/25/2026,7/14/2002,SO90875,375,16592,7,1,1
11/20/2026,8/3/2004,SO90876,540,22906,9,1,1
6/11/2026,2/4/2003,SO90877,278,19375,7,1,1
9/3/2026,7/11/2001,SO90878,501,27498,9,1,1
6/1/2026,12/21/2002,SO90879,415,22196,10,1,3
6/1/2026,3/1/2002,SO90879,441,22196,10,2,1
4/3/2026,6/14/2002,SO90880,358,11279,7,1,2
5/5/2026,2/6/2001,SO90881,256,14570,5,1,1
3/15/2026,9/10/2002,SO90882,531,21206,2,1,1
12/25/2026,1/24/2003,SO90883,360,21253,3,1,1
7/17/2026,12/1/2004,SO90884,565,15754,1,1,1
6/25/2026,12/24/2001,SO90885,526,27735,7,1,1
3/12/2026,5/12/2001,SO90886,604,20038,1,1,3
12/12/2026,3/11/2003,SO90887,338,18184,1,1,1
3/15/2026,9/27/2002,SO90888,477,13728,3,1,1
11/2/2026,1/21/2003,SO90889,488,26101,10,1,1
11/2/2026,2/9/2002,SO90889,347,26101,10,2,1
5/12/2026,5/16/2002,SO90890,446,20703,4,1,1
1/16/2026,10/12/2001,SO90891,517,28943,8,1,2
1/22/2026,10/26/2004,SO90892,336,16373,4,1,2
3/23/2026,11/20/2001,SO90893,589,14117,7,1,2
12/1/2026,10/1/2001,SO90894,551,16948,6,1,1
11/24/2026,2/28/2003,SO90895,314,15637,1,1,2
11/24/2026,2/2/2004,SO90895,513,15637,1,2,2
12/3/2026,4/12/2004,SO90896,586,27192,8,1,1
12/3/2026,12/31/2004,SO90896,312,27192,8,2,1
2/23/2026,5/25/2004,SO90897,557,17945,6,1,1
11/2/2026,7/3/2003,SO90898,218,12950,2,1,1
11/2/2026,12/21/2001,SO90898,214,12950,2,2,1
1/3/2026,8/27/2003,SO90899,435,26441,2,1,2
1/20/2026,4/9/2001,SO90900,285,15855,10,1,1
7/27/2026,10/15/2004,SO90901,604,21953,3,1,2
3/25/2026,5/12/2003,SO90902,519,19275,2,1,1
3/25/2026,12/23/2003,SO90902,417,19275,2,2,2
4/2/2026,4/27/2004,SO90903,462,17970,3,1,1
4/2/2026,11/9/2002,SO90903,226,17970,3,2,1
10/29/2026,11/7/2001,SO90904,490,21173,3,1,1
1/20/2026,1/3/2001,SO90905,586,25994,3,1,1
6/24/2026,10/31/2001,SO90906,514,22601,4,1,1
5/29/2026,12/16/2002,SO90907,449,12820,6,1,2
11/27/2026,4/1/2003,SO90908,498,22384,4,1,2
11/6/2026,5/12/2001,SO90909,531,15242,5,1,2
5/15/2026,10/20/2003,SO90910,524,28389,7,1,2
5/15/2026,7/4/2001,SO90910,429,28389,7,2,1
5/15/2026,4/9/2004,SO90910,546,28389,7,3,2
3/11/2026,1/1/2004,SO90911,535,22654,8,1,1
6/28/2026,1/10/2004,SO90912,453,26978,9,1,1
8/28/2026,7/14/2002,SO90913,561,11482,3,1,1
4/18/2026,11/6/2001,SO90914,556,15494,7,1,3
5/11/2026,6/21/2003,SO90915,495,19929,9,1,3
3/12/2026,7/15/2004,SO90916,534,11207,5,1,2
1/21/2026,6/18/2002,SO90917,464,24777,9,1,1
10/4/2026,1/15/2004,SO90918,490,17059,5,1,2
6/28/2026,8/2/2004,SO90919,550,20573,6,1,1
4/2/2026,6/17/2004,SO90920,362,11438,3,1,2
6/16/2026,11/17/2002,SO90921,300,26417,8,1,2
10/5/2026,1/1/2002,SO90922,462,19493,1,1,2
10/5/2026,4/27/2002,SO90922,328,19493,1,2,2
4/20/2026,7/13/2003,SO90923,602,24045,5,1,2
4/11/2026,10/25/2001,SO90924,396,23459,2,1,1
7/28/2026,2/2/2002,SO90925,474,29172,4,1,1
8/26/2026,3/7/2004,SO90926,571,23027,7,1,2
11/24/2026,6/12/2004,SO90927,412,18295,5,1,2
4/2/2026,4/15/2002,SO90928,272,13002,5,1,1
4/2/2026,1/6/2002,SO90928,362,13002,5,2,1
4/22/2026,2/1/2003,SO90929,456,11475,2,1,1
6/18/2026,3/27/2001,SO90930,266,21631,6,1,3
10/22/2026,11/16/2001,SO90931,532,26822,9,1,2
3/23/2026,4/24/2004,SO90932,499,22318,7,1,1
8/19/2026,5/21/2002,SO90933,235,29145,1,1,3
8/19/2026,5/6/2001,SO90933,262,29145,1,2,1
2/25/2026,12/13/2002,SO90934,307,20935,5,1,1
10/31/2026,2/21/2001,SO90935,605,17366,10,1,1
10/31/2026,5/9/2003,SO90935,278,17366,10,2,1
10/31/2026,4/24/2001,SO90935,411,17366,10,3,2
2/10/2026,2/21/2003,SO90936,471,14842,2,1,1
12/30/2026,2/22/2001,SO90937,476,21729,4,1,1
1/9/2026,9/13/2001,SO90938,458,15490,4,1,2
11/25/2026,10/3/2002,SO90939,491,15877,5,1,1
12/4/2026,12/26/2002,SO90940,521,27476,7,1,1
1/24/2026,6/14/2001,SO90941,275,13145,5,1,1
4/8/2026,5/25/2001,SO90942,443,23417,3,1,1
3/19/2026,9/6/2004,SO90943,540,13533,8,1,1
5/3/2026,2/10/2001,SO90944,379,11013,7,1,2
7/9/2026,2/8/2001,SO90945,508,19033,5,1,3
7/9/2026,5/11/2003,SO90945,218,19033,5,2,1
4/29/2026,11/30/2004,SO90946,360,17622,2,1,1
8/10/2026,1/13/2004,SO90947,578,20440,4,1,1
11/28/2026,2/7/2004,SO90948,470,23724,9,1,1
11/28/2026,11/29/2001,SO90948,381,23724,9,2,1
11/28/2026,5/14/2001,SO90948,405,23724,9,3,2
12/23/2026,4/27/2002,SO90949,387,11475,8,1,1
2/17/2026,1/7/2002,SO90950,553,16567,5,1,2
7/26/2026,7/20/2003,SO90951,573,23349,6,1,1
5/26/2026,9/21/2001,SO90952,456,22622,10,1,1
8/20/2026,8/30/2004,SO90953,268,13335,9,1,1
8/20/2026,11/5/2003,SO90953,457,13335,9,2,2
11/9/2026,3/30/2003,SO90954,452,16388,1,1,2
3/12/2026,11/14/2003,SO90955,301,19067,5,1,2
3/12/2026,2/20/2003,SO90955,288,19067,5,2,2
4/13/2026,5/7/2003,SO90956,342,20755,5,1,1
3/24/2026,9/24/2004,SO90957,531,16479,8,1,2
2/23/2026,9/28/2002,SO90958,476,29313,6,1,1
2/22/2026,4/15/2004,SO90959,350,23615,10,1,2
11/28/2026,2/7/2002,SO90960,542,24898,4,1,2
10/6/2026,2/23/2001,SO90961,453,28687,2,1,2
8/1/2026,8/9/2002,SO90962,429,26968,9,1,3
11/3/2026,9/6/2003,SO90963,474,17645,7,1,2
11/3/2026,10/9/2004,SO90963,399,17645,7,2,1
2/16/2026,5/13/2002,SO90964,449,15970,9,1,1
2/16/2026,6/19/2004,SO90964,288,15970,9,2,1
8/31/2026,3/9/2001,SO90965,599,21454,9,1,2
8/31/2026,2/14/2004,SO90965,278,21454,9,2,1
9/7/2026,11/12/2003,SO90966,520,11503,4,1,1
9/7/2026,11/27/2003,SO90966,594,11503,4,2,1
10/24/2026,8/5/2002,SO90967,601,27801,1,1,3
10/24/2026,2/22/2001,SO90967,555,27801,1,2,1
10/21/2026,12/31/2004,SO90968,238,25374,8,1,2
7/23/2026,8/31/2002,SO90969,594,11852,6,1,2
12/13/2026,12/12/2001,SO90970,214,14760,9,1,1
1/4/2026,1/16/2002,SO90971,235,13853,8,1,1
9/6/2026,10/10/2004,SO90972,375,27785,4,1,1
9/6/2026,12/26/2002,SO90972,567,27785,4,2,2
9/6/2026,11/8/2002,SO90972,358,27785,4,3,2
9/11/2026,10/12/2004,SO90973,499,25431,1,1,1
10/31/2026,9/11/2004,SO90974,546,19360,7,1,1
10/31/2026,5/14/2002,SO90974,338,19360,7,2,1
10/31/2026,1/21/2001,SO90974,410,19360,7,3,1
12/13/2026,10/4/2003,SO90975,270,16912,8,1,2
12/13/2026,1/25/2004,SO90975,332,16912,8,2,1
11/2/2026,3/20/2001,SO90976,395,23834,9,1,2
1/10/2026,4/5/2001,SO90977,336,19500,2,1,2
7/20/2026,9/12/2004,SO90978,413,23403,6,1,2
3/4/2026,3/23/2004,SO90979,304,29317,6,1,2
3/4/2026,1/14/2003,SO90979,585,29317,6,2,2
2/20/2026,1/12/2003,SO90980,293,28407,2,1,1
2/20/2026,3/5/2004,SO90980,256,28407,2,2,3
12/9/2026,1/8/2001,SO90981,511,21014,8,1,2
7/3/2026,7/14/2004,SO90982,507,27673,10,1,2
10/30/2026,8/5/2004,SO90983,354,14829,6,1,2
1/10/2026,6/13/2003,SO90984,439,23731,6,1,1
1/10/2026,5/22/2001,SO90984,448,23731,6,2,3
11/6/2026,1/30/2001,SO90985,501,12576,1,1,1
11/6/2026,8/24/2003,SO90985,377,12576,1,2,1
11/6/2026,1/7/2002,SO90985,562,12576,1,3,2
8/8/2026,2/23/2003,SO90986,226,17994,2,1,2
12/4/2026,8/25/2001,SO90987,410,28167,8,1,2
12/4/2026,11/18/2002,SO90987,569,28167,8,2,2
12/4/2026,3/17/2004,SO90987,581,28167,8,3,2
2/14/2026,4/4/2004,SO90988,291,22575,9,1,1
2/14/2026,7/31/2003,SO90988,521,22575,9,2,2
2/14/2026,11/8/2002,SO90988,482,22575,9,3,1
2/9/2026,7/31/2002,SO90989,533,15618,5,1,2
7/18/2026,9/10/2002,SO90990,505,11378,1,1,1
8/19/2026,12/16/2004,SO90991,342,23401,4,1,1
4/22/2026,8/29/2002,SO90992,299,28525,5,1,3
4/22/2026,8/27/2002,SO90992,593,28525,5,2,1
4/22/2026,7/3/2001,SO90992,484,28525,5,3,2
9/19/2026,8/1/2003,SO90993,507,15962,7,1,2
9/19/2026,5/13/2001,SO90993,336,15962,7,2,1
8/22/2026,4/19/2003,SO90994,585,20206,6,1,2
9/28/2026,8/1/2001,SO90995,370,18452,7,1,1
9/28/2026,5/22/2002,SO90995,583,18452,7,2,2
4/18/2026,2/22/2003,SO90996,580,24413,2,1,3
4/18/2026,10/14/2004,SO90996,454,24413,2,2,2
12/6/2026,8/22/2003,SO90997,433,14593,5,1,2
6/3/2026,9/22/2004,SO90998,311,13400,8,1,1
12/23/2026,6/19/2004,SO90999,256,21580,8,1,2
12/2/2026,5/4/2002,SO91000,370,13571,8,1,1
2/22/2026,12/5/2002,SO91001,369,14154,2,1,1
2/22/2026,2/7/2002,SO91001,405,14154,2,2,1
6/24/2026,3/19/2001,SO91002,268,27746,5,1,1
6/2/2026,6/7/2002,SO91003,566,23887,8,1,1
5/28/2026,6/22/2003,SO91004,403,24698,3,1,1
5/28/2026,1/26/2003,SO91004,348,24698,3,2,2
5/28/2026,11/28/2002,SO91004,301,24698,3,3,2
11/29/2026,7/10/2002,SO91005,480,18722,8,1,2
11/29/2026,8/20/2001,SO91005,326,18722,8,2,2
10/31/2026,1/24/2002,SO91006,454,15299,5,1,2
3/25/2026,6/11/2003,SO91007,431,19961,7,1,2
1/5/2026,2/24/2002,SO91008,498,26883,8,1,2
12/24/2026,11/9/2002,SO91009,322,19677,1,1,2
3/13/2026,1/29/2003,SO91010,312,28051,2,1,2
1/1/2026,8/31/2002,SO91011,411,21714,3,1,2
1/21/2026,2/11/2003,SO91012,460,16929,9,1,1
11/17/2026,6/17/2004,SO91013,424,24050,2,1,1
11/17/2026,1/19/2003,SO91013,315,24050,2,2,2
5/11/2026,4/2/2002,SO91014,241,12341,5,1,2
2/27/2026,11/6/2004,SO91015,591,29013,4,1,1
9/9/2026,6/8/2003,SO91016,537,26506,9,1,1
7/25/2026,3/7/2002,SO91017,601,24760,3,1,2
7/25/2026,10/20/2002,SO91017,320,24760,3,2,1
7/25/2026,8/13/2004,SO91017,412,24760,3,3,1
9/8/2026,4/5/2003,SO91018,279,20101,3,1,1
8/22/2026,2/22/2002,SO91019,545,22563,4,1,2
8/31/2026,1/1/2001,SO91020,354,24868,5,1,2
2/28/2026,6/28/2002,SO91021,360,21064,4,1,3
5/31/2026,2/12/2002,SO91022,342,25854,5,1,1
7/5/2026,1/6/2002,SO91023,279,29282,10,1,1
7/5/2026,8/28/2002,SO91023,536,29282,10,2,1
8/14/2026,6/15/2004,SO91024,513,29483,7,1,1
8/14/2026,4/10/2003,SO91025,437,25184,9,1,1
8/14/2026,3/30/2003,SO91025,604,25184,9,2,2
10/19/2026,8/28/2001,SO91026,574,24606,2,1,1
8/28/2026,4/15/2001,SO91027,454,27120,3,1,2
1/26/2026,8/9/2001,SO91028,393,23248,8,1,2
7/9/2026,7/4/2003,SO91029,429,13736,5,1,2
4/10/2026,1/4/2003,SO91030,573,24032,7,1,1
1/5/2026,8/21/2003,SO91031,526,21657,1,1,1
8/20/2026,8/15/2003,SO91032,354,15722,8,1,1
7/5/2026,3/19/2001,SO91033,524,26108,8,1,2
8/19/2026,7/25/2003,SO91034,464,27345,10,1,1
9/23/2026,8/6/2003,SO91035,385,26920,7,1,1
7/4/2026,10/17/2002,SO91036,526,28633,10,1,2
11/6/2026,6/7/2002,SO91037,497,15784,3,1,1
11/4/2026,12/12/2003,SO91038,414,20214,4,1,1
4/23/2026,8/7/2002,SO91039,475,13718,5,1,1
4/23/2026,8/7/2004,SO91039,370,13718,5,2,1
4/23/2026,5/31/2002,SO91039,275,13718,5,3,3
11/3/2026,9/10/2001,SO91040,316,28436,3,1,2
11/10/2026,1/5/2002,SO91041,594,14111,2,1,1
8/16/2026,2/10/2002,SO91042,506,18351,6,1,1
3/6/2026,7/12/2002,SO91043,270,15340,8,1,1
8/31/2026,11/26/2001,SO91044,595,19034,4,1,2
12/26/2026,10/11/2002,SO91045,300,24096,5,1,1
11/26/2026,6/14/2001,SO91046,389,23905,1,1,1
11/28/2026,4/4/2002,SO91047,332,16738,10,1,2
11/28/2026,5/15/2001,SO91047,547,16738,10,2,2
11/24/2026,5/11/2003,SO91048,567,17925,10,1,1
7/5/2026,8/2/2002,SO91049,589,25554,9,1,1
4/7/2026,10/19/2001,SO91050,279,19008,5,1,2
11/10/2026,2/15/2001,SO91051,349,14563,8,1,1
4/5/2026,5/16/2003,SO91052,424,27733,4,1,1
12/18/2026,7/8/2004,SO91053,476,11444,7,1,1
3/3/2026,1/10/2004,SO91054,277,17514,10,1,1
7/25/2026,6/25/2002,SO91055,519,20225,9,1,2
4/20/2026,8/5/2001,SO91056,545,16218,4,1,1
11/12/2026,9/3/2004,SO91057,496,14986,3,1,2
11/12/2026,3/30/2003,SO91057,288,14986,3,2,2
1/19/2026,6/7/2004,SO91058,460,18987,8,1,1
1/12/2026,6/30/2003,SO91059,512,14014,10,1,1
6/22/2026,3/13/2002,SO91060,594,19515,6,1,1
6/22/2026,1/29/2002,SO91060,266,19515,6,2,1
7/18/2026,7/19/2002,SO91061,490,28677,1,1,2
7/18/2026,2/3/2004,SO91061,499,28677,1,2,2
7/18/2026,2/5/2002,SO91061,570,28677,1,3,2
12/6/2026,7/3/2002,SO91062,476,18154,9,1,3
9/10/2026,4/9/2001,SO91063,462,18496,7,1,1
4/3/2026,10/31/2002,SO91064,542,19646,8,1,1
12/16/2026,10/19/2001,SO91065,304,14531,7,1,1
9/14/2026,5/22/2004,SO91066,310,27393,4,1,2
9/14/2026,8/17/2004,SO91066,582,27393,4,2,1
3/29/2026,9/20/2002,SO91067,423,14868,8,1,1
12/19/2026,7/3/2001,SO91068,488,20173,6,1,1
12/19/2026,8/30/2001,SO91068,235,20173,6,2,1
12/19/2026,7/25/2004,SO91068,346,20173,6,3,1
1/12/2026,10/22/2002,SO91069,250,25154,6,1,2
11/8/2026,12/21/2001,SO91070,288,26496,1,1,1
6/30/2026,8/9/2004,SO91071,423,25199,4,1,1
9/22/2026,6/15/2003,SO91072,476,21354,7,1,1
5/26/2026,12/23/2003,SO91073,503,16925,5,1,2
5/26/2026,12/10/2003,SO91073,495,16925,5,2,1
7/15/2026,7/12/2002,SO91074,588,21303,1,1,2
1/24/2026,5/14/2004,SO91075,247,25378,2,1,1
9/20/2026,6/29/2004,SO91076,403,11337,10,1,3
12/11/2026,10/11/2004,SO91077,546,19628,8,1,1
8/12/2026,6/29/2004,SO91078,529,21667,3,1,2
2/7/2026,6/3/2002,SO91079,332,13369,10,1,2
3/29/2026,4/25/2001,SO91080,264,28366,8,1,2
8/26/2026,7/25/2001,SO91081,439,21777,10,1,2
12/20/2026,8/19/2001,SO91082,498,12179,1,1,2
4/25/2026,9/24/2003,SO91083,427,27169,1,1,1
7/12/2026,11/3/2004,SO91084,476,14076,7,1,3
7/12/2026,2/15/2004,SO91084,513,14076,7,2,1
2/18/2026,9/22/2002,SO91085,547,22524,6,1,1
9/12/2026,5/12/2001,SO91086,366,13020,7,1,1
7/9/2026,10/19/2004,SO91087,574,18296,2,1,1
8/24/2026,6/27/2004,SO91088,564,19054,7,1,1
5/25/2026,2/11/2004,SO91089,347,12942,10,1,1
12/25/2026,9/1/2002,SO91090,582,11748,4,1,1
9/22/2026,7/29/2004,SO91091,549,12038,6,1,1
11/26/2026,7/15/2004,SO91092,487,22293,4,1,1
11/26/2026,9/28/2003,SO91092,433,22293,4,2,1
4/4/2026,9/18/2002,SO91093,247,18697,5,1,1
12/2/2026,8/22/2001,SO91094,414,17506,5,1,1
12/2/2026,5/10/2004,SO91094,541,17506,5,2,2
4/18/2026,7/14/2002,SO91095,568,13098,1,1,3
5/13/2026,7/12/2004,SO91096,552,13959,1,1,1
5/24/2026,2/8/2003,SO91097,367,20813,8,1,1
12/9/2026,5/16/2001,SO91098,561,20505,3,1,1
9/15/2026,11/10/2002,SO91099,445,23389,9,1,3
2/22/2026,8/7/2001,SO91100,351,25262,10,1,1
3/28/2026,4/2/2003,SO91101,581,12971,5,1,3
8/6/2026,4/15/2003,SO91102,278,18966,7,1,1
11/8/2026,10/4/2004,SO91103,433,20621,5,1,2
11/15/2026,5/15/2002,SO91104,482,17435,2,1,2
5/26/2026,8/3/2002,SO91105,403,21942,1,1,1
7/16/2026,11/20/2003,SO91106,473,24383,2,1,1
9/15/2026,5/7/2002,SO91107,584,22555,2,1,1
10/5/2026,11/25/2004,SO91108,368,25004,10,1,1
10/18/2026,4/16/2004,SO91109,371,15711,9,1,1
8/17/2026,1/8/2003,SO91110,362,26251,6,1,1
12/24/2026,9/12/2002,SO91111,563,23198,2,1,1
8/27/2026,1/4/2001,SO91112,537,18337,3,1,1
12/17/2026,12/21/2003,SO91113,332,18940,8,1,1
10/14/2026,11/5/2004,SO91114,547,14541,6,1,2
8/17/2026,10/6/2004,SO91115,559,16554,1,1,1
5/11/2026,8/2/2002,SO91116,414,24018,8,1,1
5/3/2026,12/25/2003,SO91117,472,12435,5,1,1
5/3/2026,12/17/2001,SO91117,405,12435,5,2,1
5/3/2026,12/7/2002,SO91117,369,12435,5,3,1
6/18/2026,8/17/2002,SO91118,423,29032,4,1,1
8/24/2026,2/3/2002,SO91119,282,27560,6,1,1
6/6/2026,2/25/2003,SO91120,484,23826,9,1,2
8/17/2026,9/19/2003,SO91121,276,12905,3,1,2
8/17/2026,3/25/2004,SO91121,567,12905,3,2,1
8/7/2026,11/13/2002,SO91122,454,16052,10,1,1
8/24/2026,5/18/2001,SO91123,604,16787,2,1,1
9/29/2026,4/2/2002,SO91124,475,23079,4,1,2
4/1/2026,5/11/2004,SO91125,549,14949,4,1,2
4/1/2026,12/11/2003,SO91125,448,14949,4,2,1
5/19/2026,10/30/2002,SO91126,366,20359,5,1,1
12/19/2026,5/4/2001,SO91127,441,11685,8,1,3
12/12/2026,1/31/2002,SO91128,320,18171,10,1,2
8/28/2026,12/5/2002,SO91129,419,28919,4,1,3
8/28/2026,5/6/2004,SO91129,445,28919,4,2,1
2/27/2026,6/5/2002,SO91130,417,16226,3,1,1
11/8/2026,10/14/2003,SO91131,338,19955,6,1,1
10/9/2026,2/22/2001,SO91132,468,24818,5,1,2
12/27/2026,10/20/2004,SO91133,540,22239,5,1,1
8/29/2026,2/22/2004,SO91134,517,25187,7,1,1
3/9/2026,3/14/2001,SO91135,534,25268,1,1,2
1/18/2026,8/25/2002,SO91136,413,14946,4,1,2
6/3/2026,5/23/2003,SO91137,563,20827,6,1,3
10/14/2026,10/17/2003,SO91138,279,29363,2,1,1
2/14/2026,2/3/2004,SO91139,399,17171,4,1,2
7/18/2026,7/7/2001,SO91140,417,19383,4,1,2
10/7/2026,5/28/2002,SO91141,599,27474,1,1,1
1/10/2026,6/23/2002,SO91142,532,17812,8,1,1
10/19/2026,4/21/2002,SO91143,307,22805,10,1,2
6/1/2026,1/7/2003,SO91144,275,21096,3,1,2
8/14/2026,11/21/2001,SO91145,310,22758,9,1,2
1/29/2026,6/18/2003,SO91146,590,19463,7,1,2
10/18/2026,7/5/2003,SO91147,513,18657,5,1,3
3/5/2026,1/27/2001,SO91148,293,26866,1,1,2
5/8/2026,5/27/2001,SO91149,479,18777,4,1,1
9/27/2026,1/17/2001,SO91150,266,16132,6,1,1
9/19/2026,1/30/2004,SO91151,427,15824,2,1,2
9/19/2026,12/26/2003,SO91151,250,15824,2,2,1
11/17/2026,5/24/2002,SO91152,266,14176,9,1,1
5/23/2026,5/12/2004,SO91153,403,17232,10,1,2
7/27/2026,5/16/2002,SO91154,545,20161,2,1,2
9/3/2026,9/11/2002,SO91155,312,28065,7,1,1
12/28/2026,9/28/2001,SO91156,604,29259,1,1,1
7/20/2026,8/6/2004,SO91157,253,13221,2,1,1
7/1/2026,1/12/2001,SO91158,471,11303,8,1,1
10/28/2026,1/31/2003,SO91159,441,12781,5,1,2
12/23/2026,4/7/2002,SO91160,324,13338,9,1,1
5/11/2026,8/13/2001,SO91161,489,11031,2,1,1
5/24/2026,8/17/2003,SO91162,525,29116,1,1,2
7/20/2026,9/30/2004,SO91163,370,14661,6,1,2
9/9/2026,9/10/2002,SO91164,394,20990,7,1,2
11/11/2026,4/14/2004,SO91165,486,11615,10,1,2
9/5/2026,12/31/2004,SO91166,567,19424,7,1,1
3/20/2026,10/17/2003,SO91167,573,17818,10,1,1
3/20/2026,6/27/2001,SO91167,560,17818,10,2,1
2/1/2026,3/26/2003,SO91168,522,29316,1,1,2
9/3/2026,4/22/2001,SO91169,272,27799,10,1,1
5/28/2026,11/22/2003,SO91170,319,20707,9,1,2
4/23/2026,9/9/2003,SO91171,439,23620,1,1,3
9/3/2026,9/25/2001,SO91172,279,15727,9,1,1
5/21/2026,10/8/2001,SO91173,441,15868,3,1,2
10/2/2026,12/4/2003,SO91174,461,17151,10,1,1
10/29/2026,8/3/2001,SO91175,521,19436,6,1,2
10/29/2026,11/5/2002,SO91175,585,19436,6,2,2
5/5/2026,3/8/2002,SO91176,518,27418,2,1,1
4/3/2026,3/2/2002,SO91177,484,19002,3,1,1
7/26/2026,4/10/2004,SO91178,397,19097,9,1,1
7/26/2026,8/11/2004,SO91178,310,19097,9,2,1
7/26/2026,3/4/2002,SO91178,345,19097,9,3,1
12/24/2026,9/25/2003,SO91179,358,12777,2,1,1
12/24/2026,10/24/2002,SO91179,492,12777,2,2,2
5/5/2026,2/26/2003,SO91180,577,27744,7,1,1
5/4/2026,6/4/2002,SO91181,549,18769,8,1,2
3/30/2026,11/18/2001,SO91182,270,20970,6,1,2
8/27/2026,2/1/2002,SO91183,572,25825,7,1,2
6/30/2026,9/4/2004,SO91184,475,26410,1,1,2
10/12/2026,7/21/2004,SO91185,422,19940,2,1,1
1/19/2026,2/4/2004,SO91186,483,15264,7,1,2
6/27/2026,3/8/2003,SO91187,385,16915,8,1,2
2/7/2026,9/8/2002,SO91188,477,26341,4,1,1
6/22/2026,9/26/2002,SO91189,459,13457,6,1,2
1/4/2026,6/17/2001,SO91190,354,16796,1,1,1
2/8/2026,2/23/2002,SO91191,487,28207,6,1,2
12/18/2026,12/9/2002,SO91192,356,29083,3,1,1
1/21/2026,2/18/2002,SO91193,525,12187,3,1,1
7/9/2026,5/11/2001,SO91194,600,15997,4,1,1
6/20/2026,10/26/2001,SO91195,397,17574,7,1,1
9/2/2026,10/10/2002,SO91196,389,20332,3,1,3
9/2/2026,10/28/2003,SO91196,259,20332,3,2,1
7/19/2026,8/12/2003,SO91197,469,28893,1,1,1
10/22/2026,6/2/2001,SO91198,549,19658,1,1,2
7/27/2026,11/5/2002,SO91199,328,12197,10,1,1
7/10/2026,6/8/2003,SO91200,370,24321,3,1,3
12/7/2026,2/18/2002,SO91201,274,19435,4,1,2
10/28/2026,5/20/2003,SO91202,358,27558,4,1,1
2/25/2026,4/21/2003,SO91203,490,19441,3,1,1
4/15/2026,4/6/2004,SO91204,539,27928,7,1,3
4/15/2026,7/18/2004,SO91204,592,27928,7,2,2
4/15/2026,5/26/2002,SO91204,296,27928,7,3,1
10/3/2026,1/15/2001,SO91205,420,16020,4,1,3
10/3/2026,10/10/2004,SO91205,523,16020,4,2,1
6/2/2026,11/4/2001,SO91206,322,25096,3,1,1
6/2/2026,1/28/2001,SO91206,311,25096,3,2,2
11/29/2026,12/23/2001,SO91207,507,17330,1,1,1
11/29/2026,5/24/2003,SO91207,527,17330,1,2,1
7/18/2026,3/19/2003,SO91208,507,29416,4,1,2
1/30/2026,11/19/2002,SO91209,277,22627,6,1,1
12/7/2026,5/25/2001,SO91210,471,17640,6,1,2
10/31/2026,9/22/2003,SO91211,232,24895,6,1,1
5/5/2026,7/11/2002,SO91212,425,23705,2,1,2
10/5/2026,8/4/2001,SO91213,502,24679,6,1,1
3/4/2026,12/19/2002,SO91214,468,11203,2,1,2
2/9/2026,8/16/2004,SO91215,420,26530,5,1,3
5/14/2026,3/5/2004,SO91216,488,12497,7,1,1
8/18/2026,8/16/2001,SO91217,552,21362,4,1,2
5/24/2026,10/24/2004,SO91218,282,24671,1,1,1
5/24/2026,4/19/2004,SO91218,516,24671,1,2,1
5/24/2026,9/26/2002,SO91218,235,24671,1,3,1
4/12/2026,9/5/2004,SO91219,241,12408,3,1,1
6/17/2026,10/21/2004,SO91220,392,28641,6,1,1
6/17/2026,3/14/2002,SO91220,307,28641,6,2,1
11/10/2026,6/8/2001,SO91221,449,18967,5,1,2
2/28/2026,12/5/2003,SO91222,469,19169,1,1,2
12/31/2026,6/21/2001,SO91223,453,15513,10,1,2
12/31/2026,6/23/2002,SO91223,369,15513,10,2,1
1/12/2026,11/22/2001,SO91224,322,17853,2,1,2
1/12/2026,6/5/2004,SO91224,501,17853,2,2,2
5/11/2026,4/18/2004,SO91225,375,17434,3,1,1
3/21/2026,11/20/2002,SO91226,590,18784,9,1,2
11/5/2026,10/23/2002,SO91227,535,26633,8,1,3
11/5/2026,7/31/2003,SO91227,247,26633,8,2,2
1/19/2026,2/19/2003,SO91228,464,14777,7,1,3
10/19/2026,8/30/2003,SO91229,505,19189,10,1,2
6/20/2026,4/11/2003,SO91230,311,26088,2,1,1
8/19/2026,5/22/2003,SO91231,451,12465,8,1,1
6/29/2026,7/5/2002,SO91232,367,14279,6,1,1
6/29/2026,2/5/2002,SO91232,364,14279,6,2,1
6/29/2026,6/11/2004,SO91232,328,14279,6,3,2
6/29/2026,6/13/2001,SO91233,352,19983,9,1,1
6/29/2026,7/26/2004,SO91233,540,19983,9,2,2
6/29/2026,12/27/2003,SO91233,413,19983,9,3,1
6/5/2026,11/10/2003,SO91234,476,26429,5,1,1
3/28/2026,12/12/2003,SO91235,548,24091,1,1,1
3/28/2026,11/20/2002,SO91235,315,24091,1,2,1
12/19/2026,5/23/2003,SO91236,345,16861,8,1,1
4/26/2026,11/16/2002,SO91237,351,17143,1,1,1
7/23/2026,5/30/2002,SO91238,537,11423,1,1,3
12/13/2026,11/18/2003,SO91239,214,11350,10,1,1
4/19/2026,7/28/2004,SO91240,567,13671,8,1,2
3/13/2026,6/30/2001,SO91241,482,19162,2,1,1
9/1/2026,5/30/2002,SO91242,451,26724,1,1,1
5/19/2026,1/29/2001,SO91243,259,27837,8,1,3
5/19/2026,9/16/2002,SO91243,576,27837,8,2,3
1/4/2026,7/21/2003,SO91244,489,15267,1,1,1
11/12/2026,5/7/2002,SO91245,407,11768,4,1,2
11/12/2026,1/10/2003,SO91245,501,11768,4,2,1
11/12/2026,1/16/2004,SO91245,518,11768,4,3,1
10/7/2026,9/24/2004,SO91246,576,27869,10,1,2
7/3/2026,3/3/2002,SO91247,488,18020,2,1,2
4/27/2026,7/14/2003,SO91248,544,28298,9,1,1
7/29/2026,2/17/2003,SO91249,530,21512,3,1,2
5/8/2026,12/9/2003,SO91250,262,13856,3,1,1
5/8/2026,10/11/2001,SO91250,274,13856,3,2,1
1/22/2026,12/18/2002,SO91251,449,15651,7,1,2
2/15/2026,9/2/2001,SO91252,588,26188,6,1,1
10/19/2026,8/23/2003,SO91253,348,20297,9,1,1
1/2/2026,1/27/2004,SO91254,451,17038,3,1,2
3/20/2026,9/5/2002,SO91255,603,19463,9,1,1
10/8/2026,11/11/2003,SO91256,508,16841,1,1,1
2/16/2026,5/11/2003,SO91257,567,15866,6,1,2
6/21/2026,12/26/2002,SO91258,328,13470,5,1,1
11/25/2026,12/9/2003,SO91259,599,15184,6,1,1
10/10/2026,10/27/2002,SO91260,288,19381,9,1,1
8/28/2026,7/15/2003,SO91261,598,11597,8,1,1
1/5/2026,2/2/2002,SO91262,332,16733,1,1,3
4/20/2026,4/5/2001,SO91263,330,23040,10,1,1
4/20/2026,8/6/2002,SO91263,420,23040,10,2,2
3/21/2026,4/28/2002,SO91264,515,12765,7,1,1
3/21/2026,10/26/2003,SO91264,483,12765,7,2,1
1/4/2026,4/28/2003,SO91265,549,26189,9,1,2
10/9/2026,5/20/2003,SO91266,551,27888,4,1,1
4/18/2026,6/20/2002,SO91267,576,29202,4,1,2
12/13/2026,6/1/2002,SO91268,410,28174,10,1,1
12/13/2026,6/1/2002,SO91268,352,28174,10,2,3
5/12/2026,2/24/2004,SO91269,364,25278,6,1,1
10/19/2026,3/12/2004,SO91270,449,17179,1,1,2
10/19/2026,11/10/2003,SO91270,304,17179,1,2,1
9/14/2026,9/12/2004,SO91271,577,19504,1,1,1
9/18/2026,5/13/2004,SO91272,539,12636,4,1,1
6/5/2026,11/7/2002,SO91273,285,27989,1,1,2
3/31/2026,1/13/2003,SO91274,529,15651,2,1,2
10/11/2026,3/24/2003,SO91275,336,19116,2,1,1
10/11/2026,9/28/2003,SO91275,596,19116,2,2,2
7/14/2026,2/28/2003,SO91276,451,17126,5,1,1
8/18/2026,12/30/2001,SO91277,489,17701,5,1,2
1/10/2026,11/7/2003,SO91278,431,14585,3,1,1
2/28/2026,8/4/2001,SO91279,523,19643,1,1,1
10/1/2026,7/7/2001,SO91280,522,25149,7,1,2
10/1/2026,9/18/2002,SO91280,383,25149,7,2,1
10/1/2026,7/26/2001,SO91280,391,25149,7,3,1
10/26/2026,11/2/2004,SO91281,602,15128,2,1,2
11/5/2026,6/2/2002,SO91282,502,11294,4,1,2
11/5/2026,2/4/2001,SO91282,556,11294,4,2,3
11/14/2026,7/16/2002,SO91283,420,14080,2,1,1
1/19/2026,5/3/2001,SO91284,342,16845,4,1,2
9/13/2026,12/24/2003,SO91285,330,16860,4,1,1
10/19/2026,8/22/2002,SO91286,542,28527,3,1,1
10/19/2026,2/25/2004,SO91286,392,28527,3,2,2
12/18/2026,3/21/2004,SO91287,414,29450,6,1,2
9/14/2026,2/14/2001,SO91288,450,17723,4,1,3
10/9/2026,7/26/2004,SO91289,509,23674,7,1,1
2/10/2026,3/11/2003,SO91290,370,18769,4,1,1
9/20/2026,4/6/2002,SO91291,563,26668,7,1,2
9/20/2026,12/27/2002,SO91291,564,26668,7,2,1
12/26/2026,12/29/2003,SO91292,477,28000,1,1,1
1/28/2026,3/3/2002,SO91293,348,28813,5,1,2
8/2/2026,8/23/2001,SO91294,510,17995,9,1,2
11/22/2026,12/29/2002,SO91295,494,19853,6,1,1
7/10/2026,9/9/2003,SO91296,569,24095,5,1,2
11/20/2026,4/24/2001,SO91297,395,29123,2,1,2
3/7/2026,4/3/2004,SO91298,431,15687,2,1,1
3/28/2026,8/22/2004,SO91299,586,20304,3,1,1
1/23/2026,10/1/2002,SO91300,377,15823,1,1,1
4/28/2026,3/8/2001,SO91301,464,26576,4,1,2
3/28/2026,9/21/2004,SO91302,584,12302,6,1,1
3/28/2026,3/4/2001,SO91302,525,12302,6,2,1
12/21/2026,9/24/2003,SO91303,578,13368,3,1,2
12/21/2026,2/24/2004,SO91303,387,13368,3,2,1
12/21/2026,2/11/2003,SO91303,470,13368,3,3,1
5/12/2026,12/5/2001,SO91304,326,18259,1,1,2
5/12/2026,2/22/2004,SO91304,538,18259,1,2,3
1/14/2026,6/8/2003,SO91305,410,26902,6,1,1
4/13/2026,2/25/2004,SO91306,293,21390,10,1,2
1/11/2026,1/13/2004,SO91307,486,11076,7,1,2
2/7/2026,11/25/2004,SO91308,479,23057,9,1,1
4/28/2026,9/7/2001,SO91309,517,13401,6,1,2
10/24/2026,12/18/2004,SO91310,554,20432,2,1,1
7/24/2026,10/30/2004,SO91311,478,20181,4,1,1
5/18/2026,3/12/2003,SO91312,413,19809,9,1,1
3/22/2026,8/18/2001,SO91313,546,24936,4,1,3
3/22/2026,12/30/2003,SO91313,569,24936,4,2,1
10/19/2026,3/30/2003,SO91314,501,26840,10,1,2
11/23/2026,6/3/2003,SO91315,330,25262,7,1,1
6/3/2026,7/14/2002,SO91316,371,18411,6,1,3
4/4/2026,4/14/2001,SO91317,277,13520,8,1,1
8/4/2026,12/26/2003,SO91318,523,17001,10,1,2
8/31/2026,4/19/2002,SO91319,580,22514,1,1,1
12/13/2026,4/2/2001,SO91320,293,11229,5,1,2
12/13/2026,9/18/2004,SO91320,563,11229,5,2,1
3/31/2026,1/25/2002,SO91321,450,13505,10,1,2
3/31/2026,1/22/2002,SO91321,474,13505,10,2,1
3/31/2026,2/26/2002,SO91321,461,13505,10,3,1
11/21/2026,12/31/2004,SO91322,593,27503,10,1,2
4/9/2026,8/5/2003,SO91323,268,11897,9,1,1
6/7/2026,8/2/2002,SO91324,602,23991,4,1,1
9/15/2026,10/28/2001,SO91325,375,11670,8,1,3
10/31/2026,11/25/2002,SO91326,428,26720,4,1,2
1/21/2026,10/18/2001,SO91327,373,17884,4,1,1
10/12/2026,2/9/2003,SO91328,481,19109,6,1,2
2/4/2026,1/19/2001,SO91329,336,28462,4,1,1
11/5/2026,12/24/2001,SO91330,358,24884,1,1,1
11/5/2026,5/12/2003,SO91330,410,24884,1,2,2
11/5/2026,7/5/2001,SO91330,364,24884,1,3,2
11/19/2026,2/6/2001,SO91331,253,15586,1,1,1
6/26/2026,6/27/2004,SO91332,564,15072,7,1,2
3/2/2026,8/6/2002,SO91333,377,23684,3,1,2
3/2/2026,10/8/2002,SO91333,558,23684,3,2,1
3/2/2026,1/5/2002,SO91333,328,23684,3,3,1
2/28/2026,11/19/2001,SO91334,586,25283,10,1,2
6/9/2026,1/7/2003,SO91335,364,14535,3,1,2
1/27/2026,12/17/2004,SO91336,427,14059,1,1,2
9/7/2026,1/14/2003,SO91337,356,18243,4,1,1
6/28/2026,1/28/2003,SO91338,320,26020,9,1,1
3/3/2026,5/6/2001,SO91339,322,19399,1,1,3
8/24/2026,8/2/2002,SO91340,431,16959,4,1,1
1/29/2026,11/5/2001,SO91341,601,15718,4,1,1
11/27/2026,3/25/2002,SO91342,364,26220,8,1,3
11/27/2026,2/23/2002,SO91342,276,26220,8,2,1
9/9/2026,10/24/2002,SO91343,486,28961,6,1,1
9/9/2026,8/14/2004,SO91343,403,28961,6,2,2
9/9/2026,10/8/2003,SO91343,413,28961,6,3,2
10/16/2026,10/7/2003,SO91344,488,20980,9,1,1
10/16/2026,12/14/2003,SO91344,598,20980,9,2,2
7/19/2026,6/26/2002,SO91345,544,25809,6,1,1
3/10/2026,4/28/2004,SO91346,229,16661,1,1,2
11/12/2026,1/31/2002,SO91347,543,19176,10,1,1
7/19/2026,11/9/2003,SO91348,490,26011,10,1,2
10/7/2026,7/2/2004,SO91349,336,23641,9,1,2
1/29/2026,11/9/2003,SO91350,477,24129,9,1,1
1/29/2026,9/9/2001,SO91350,278,24129,9,2,1
1/29/2026,10/27/2002,SO91350,312,24129,9,3,2
1/25/2026,10/4/2002,SO91351,591,26528,2,1,3
6/15/2026,5/26/2004,SO91352,553,20659,8,1,3
6/15/2026,5/9/2003,SO91352,585,20659,8,2,2
9/26/2026,7/19/2001,SO91353,579,14514,7,1,1
7/3/2026,3/29/2003,SO91354,413,16035,10,1,2
5/4/2026,1/20/2002,SO91355,373,20292,6,1,2
4/13/2026,12/16/2004,SO91356,556,20552,4,1,2
10/2/2026,6/5/2004,SO91357,451,19177,6,1,3
11/20/2026,5/15/2003,SO91358,559,21673,3,1,2
11/20/2026,12/15/2002,SO91358,593,21673,3,2,1
11/20/2026,8/24/2003,SO91358,542,21673,3,3,1
10/3/2026,2/7/2003,SO91359,470,15836,3,1,3
9/19/2026,8/30/2001,SO91360,291,21365,2,1,1
9/19/2026,10/26/2001,SO91360,468,21365,2,2,3
9/7/2026,10/16/2002,SO91361,219,18459,7,1,1
9/7/2026,11/2/2003,SO91361,347,18459,7,2,1
7/26/2026,4/9/2001,SO91362,415,25445,1,1,2
4/10/2026,7/5/2004,SO91363,350,13928,2,1,1
4/10/2026,8/23/2003,SO91363,362,13928,2,2,2
10/5/2026,7/22/2001,SO91364,416,24559,5,1,2
12/20/2026,8/12/2004,SO91365,278,13487,1,1,1
12/16/2026,5/28/2001,SO91366,387,17636,2,1,2
12/27/2026,2/15/2003,SO91367,322,24367,10,1,1
5/2/2026,6/24/2003,SO91368,223,19892,6,1,2
5/2/2026,6/3/2004,SO91368,410,19892,6,2,2
12/13/2026,8/15/2004,SO91369,443,23668,8,1,2
1/7/2026,11/14/2001,SO91370,488,17475,5,1,2
3/19/2026,2/10/2004,SO91371,601,16759,4,1,2
11/21/2026,7/25/2001,SO91372,301,27403,9,1,1
9/17/2026,6/7/2003,SO91373,300,28290,9,1,1
9/17/2026,10/8/2003,SO91373,477,28290,9,2,3
9/27/2026,6/15/2001,SO91374,601,14858,10,1,1
2/4/2026,3/2/2004,SO91375,336,18529,3,1,2
5/19/2026,1/15/2002,SO91376,575,18597,8,1,2
2/18/2026,8/6/2004,SO91377,530,11957,6,1,1
8/8/2026,7/23/2003,SO91378,587,20910,4,1,3
8/8/2026,3/4/2003,SO91378,392,20910,4,2,1
10/29/2026,9/29/2004,SO91379,595,29147,9,1,3
10/30/2026,5/5/2003,SO91380,506,23235,9,1,1
10/17/2026,3/2/2003,SO91381,514,17109,6,1,1
7/23/2026,7/16/2002,SO91382,454,12055,2,1,2
8/19/2026,10/20/2001,SO91383,473,26401,1,1,1
8/19/2026,4/24/2004,SO91383,527,26401,1,2,1
11/17/2026,10/16/2003,SO91384,524,13819,8,1,2
10/1/2026,10/6/2003,SO91385,285,11607,9,1,2
8/15/2026,2/22/2002,SO91386,403,27366,5,1,1
10/10/2026,1/12/2002,SO91387,278,14931,10,1,1
4/18/2026,7/3/2004,SO91388,381,28203,2,1,1
5/14/2026,1/26/2001,SO91389,446,23773,4,1,2
10/12/2026,4/3/2002,SO91390,526,27607,1,1,2
10/21/2026,3/9/2004,SO91391,377,28964,5,1,2
8/21/2026,10/29/2001,SO91392,568,21127,4,1,1
8/9/2026,6/27/2002,SO91393,462,21924,2,1,2
8/26/2026,4/2/2004,SO91394,347,11584,9,1,2
11/1/2026,5/17/2002,SO91395,480,19465,8,1,1
1/31/2026,7/31/2001,SO91396,425,24340,6,1,2
3/16/2026,4/18/2002,SO91397,537,12537,2,1,1
12/4/2026,9/10/2004,SO91398,533,15511,6,1,2
12/4/2026,8/21/2004,SO91398,244,15511,6,2,1
2/11/2026,9/17/2001,SO91399,441,25402,5,1,2
2/11/2026,10/16/2003,SO91399,377,25402,5,2,2
10/31/2026,10/22/2004,SO91400,421,15918,6,1,3
11/21/2026,1/23/2003,SO91401,392,11370,1,1,1
3/12/2026,3/7/2004,SO91402,542,20426,8,1,2
3/12/2026,3/31/2002,SO91402,311,20426,8,2,2
4/10/2026,9/4/2002,SO91403,383,21395,2,1,2
5/6/2026,6/28/2002,SO91404,433,13236,9,1,1
3/22/2026,2/20/2002,SO91405,354,26263,9,1,2
9/14/2026,4/8/2004,SO91406,529,23405,6,1,2
9/14/2026,1/28/2002,SO91406,551,23405,6,2,2
9/14/2026,7/14/2002,SO91406,519,23405,6,3,3
11/25/2026,12/12/2001,SO91407,522,15035,8,1,2
11/19/2026,11/28/2003,SO91408,574,25360,8,1,1
11/19/2026,9/10/2002,SO91408,524,25360,8,2,2
7/7/2026,10/1/2002,SO91409,530,17508,4,1,2
10/20/2026,6/30/2002,SO91410,527,11623,2,1,1
11/2/2026,12/10/2004,SO91411,431,12098,1,1,2
3/1/2026,5/28/2004,SO91412,450,26080,6,1,1
11/19/2026,5/22/2004,SO91413,554,23217,4,1,2
1/9/2026,10/21/2003,SO91414,422,15457,2,1,2
8/25/2026,9/13/2004,SO91415,515,17585,10,1,2
1/5/2026,11/11/2001,SO91416,576,20051,9,1,1
3/4/2026,3/23/2003,SO91417,266,24758,4,1,1
10/24/2026,1/29/2004,SO91418,311,13659,7,1,2
12/25/2026,10/25/2004,SO91419,499,20687,6,1,2
10/2/2026,3/15/2002,SO91420,469,13038,4,1,2
10/13/2026,7/2/2001,SO91421,603,11125,8,1,1
5/25/2026,6/5/2001,SO91422,573,12759,9,1,1
5/25/2026,3/13/2003,SO91422,315,12759,9,2,1
5/25/2026,4/12/2001,SO91422,413,12759,9,3,2
9/8/2026,12/21/2004,SO91423,471,23476,4,1,1
9/3/2026,8/27/2003,SO91424,556,28415,10,1,2
5/16/2026,11/24/2001,SO91425,449,16499,7,1,1
8/8/2026,4/3/2001,SO91426,392,17829,3,1,1
6/3/2026,12/10/2003,SO91427,549,29077,6,1,1
3/16/2026,12/19/2001,SO91428,351,20542,7,1,1
11/27/2026,2/20/2003,SO91429,448,21673,1,1,2
5/12/2026,1/30/2001,SO91430,340,16729,10,1,3
6/3/2026,4/22/2003,SO91431,532,25964,10,1,1
4/13/2026,10/9/2002,SO91432,351,18060,5,1,1
7/12/2026,12/9/2003,SO91433,304,28083,9,1,1
3/3/2026,7/27/2001,SO91434,278,26180,10,1,1
9/14/2026,10/12/2003,SO91435,310,23193,2,1,2
8/16/2026,10/1/2001,SO91436,510,11639,10,1,1
6/14/2026,6/4/2001,SO91437,466,19854,7,1,2
3/11/2026,8/29/2002,SO91438,492,13821,2,1,2
3/17/2026,1/3/2002,SO91439,347,29453,5,1,1
10/25/2026,3/19/2002,SO91440,480,17424,10,1,2
10/25/2026,11/23/2002,SO91440,513,17424,10,2,1
1/8/2026,6/26/2002,SO91441,459,13647,3,1,2
3/16/2026,4/16/2003,SO91442,291,12764,9,1,3
4/29/2026,10/23/2004,SO91443,575,20268,5,1,2
12/23/2026,2/3/2004,SO91444,575,11218,7,1,2
3/16/2026,5/14/2004,SO91445,592,19303,2,1,1
3/14/2026,11/19/2003,SO91446,539,19777,9,1,1
11/27/2026,6/20/2004,SO91447,450,13200,3,1,2
10/10/2026,8/4/2001,SO91448,540,16749,1,1,2
10/4/2026,3/31/2001,SO91449,364,17220,6,1,2
8/24/2026,4/3/2004,SO91450,546,14578,4,1,1
2/8/2026,7/13/2002,SO91451,377,15306,10,1,1
4/20/2026,3/30/2004,SO91452,474,18337,10,1,2
9/19/2026,5/26/2002,SO91453,274,24135,6,1,1
9/19/2026,3/9/2004,SO91453,419,24135,6,2,1
12/30/2026,12/27/2002,SO91454,385,26041,2,1,1
10/6/2026,7/5/2004,SO91455,543,20770,3,1,2
10/5/2026,8/28/2003,SO91456,270,17740,5,1,2
10/5/2026,5/26/2004,SO91456,470,17740,5,2,1
2/15/2026,1/22/2004,SO91457,293,26383,8,1,2
7/4/2026,1/10/2004,SO91458,529,20638,5,1,3
4/15/2026,5/2/2003,SO91459,514,25970,10,1,1
12/10/2026,12/27/2001,SO91460,464,20356,3,1,1
8/10/2026,10/17/2004,SO91461,292,23710,6,1,1
7/26/2026,5/26/2002,SO91462,588,19292,6,1,1
5/24/2026,12/6/2003,SO91463,519,26718,9,1,1
6/20/2026,5/25/2003,SO91464,437,26436,8,1,1
10/6/2026,2/15/2003,SO91465,534,17242,4,1,1
12/3/2026,10/13/2003,SO91466,464,24868,4,1,1
6/24/2026,12/1/2002,SO91467,511,23127,4,1,2
6/24/2026,12/2/2001,SO91467,487,23127,4,2,2
6/24/2026,6/3/2003,SO91467,471,23127,4,3,1
10/31/2026,10/24/2003,SO91468,391,26035,2,1,2
10/13/2026,7/15/2001,SO91469,504,24985,2,1,2
6/19/2026,9/9/2002,SO91470,504,12734,5,1,2
8/11/2026,8/13/2002,SO91471,448,15063,5,1,2
2/9/2026,10/31/2004,SO91472,313,18467,7,1,2
2/27/2026,9/3/2002,SO91473,338,14463,7,1,2
6/16/2026,5/12/2004,SO91474,493,19301,8,1,2
12/7/2026,2/3/2003,SO91475,488,28496,8,1,1
12/7/2026,11/9/2002,SO91475,241,28496,8,2,1
11/13/2026,7/16/2003,SO91476,282,19638,3,1,1
11/23/2026,3/25/2004,SO91477,317,21592,4,1,1
11/23/2026,1/15/2001,SO91477,416,21592,4,2,1
11/23/2026,11/28/2004,SO91477,219,21592,4,3,1
5/29/2026,2/16/2002,SO91478,580,17348,1,1,1
4/12/2026,9/3/2002,SO91479,576,28768,4,1,2
4/30/2026,1/10/2001,SO91480,415,11972,6,1,1
9/21/2026,10/8/2004,SO91481,326,14168,3,1,1
7/19/2026,8/22/2004,SO91482,524,16066,4,1,1
1/25/2026,5/24/2003,SO91483,262,18677,10,1,1
12/6/2026,6/14/2003,SO91484,472,27649,7,1,3
12/12/2026,11/4/2001,SO91485,354,22146,4,1,1
12/18/2026,10/11/2003,SO91486,364,22555,8,1,1
12/18/2026,11/22/2002,SO91486,322,22555,8,2,1
9/15/2026,2/25/2002,SO91487,311,24419,9,1,1
8/3/2026,8/3/2004,SO91488,497,20550,8,1,1
8/3/2026,6/12/2004,SO91488,334,20550,8,2,1
5/16/2026,8/15/2004,SO91489,487,18177,4,1,1
9/13/2026,4/18/2004,SO91490,538,21327,7,1,1
5/14/2026,3/27/2001,SO91491,516,19243,5,1,2
7/31/2026,8/21/2001,SO91492,524,26920,5,1,1
12/1/2026,2/27/2002,SO91493,492,24825,2,1,1
10/19/2026,8/26/2004,SO91494,345,17653,8,1,2
3/22/2026,2/20/2002,SO91495,347,19763,5,1,1
1/6/2026,1/16/2001,SO91496,409,16713,3,1,1
7/18/2026,6/15/2004,SO91497,500,13022,8,1,1
7/18/2026,11/25/2002,SO91497,478,13022,8,2,1
2/27/2026,8/31/2003,SO91498,471,21886,6,1,1
9/7/2026,2/11/2002,SO91499,596,16890,9,1,1
4/29/2026,2/17/2004,SO91500,448,18369,1,1,2
4/29/2026,1/17/2004,SO91500,338,18369,1,2,1
6/23/2026,10/4/2004,SO91501,570,20556,10,1,1
7/9/2026,6/20/2002,SO91502,393,28939,10,1,1
7/9/2026,8/10/2004,SO91502,523,28939,10,2,1
5/14/2026,8/2/2004,SO91503,416,23184,1,1,1
12/22/2026,3/24/2004,SO91504,356,18839,10,1,1
5/4/2026,6/15/2001,SO91505,511,18833,10,1,2
12/1/2026,4/4/2002,SO91506,416,21082,4,1,1
8/14/2026,11/23/2001,SO91507,471,27126,2,1,2
4/4/2026,9/9/2001,SO91508,454,14430,9,1,2
10/22/2026,5/4/2002,SO91509,528,18328,2,1,3
12/15/2026,11/18/2004,SO91510,487,23298,9,1,1
1/2/2026,6/1/2001,SO91511,473,26428,4,1,1
1/28/2026,3/26/2002,SO91512,291,28056,10,1,1
3/10/2026,7/10/2002,SO91513,496,25844,4,1,1
4/4/2026,7/10/2002,SO91514,470,25759,10,1,1
4/4/2026,6/15/2001,SO91514,362,25759,10,2,3
7/1/2026,11/17/2002,SO91515,475,21590,9,1,1
7/1/2026,2/21/2002,SO91515,533,21590,9,2,2
7/5/2026,9/28/2004,SO91516,472,16877,7,1,1
3/2/2026,12/17/2004,SO91517,518,12926,8,1,2
9/4/2026,5/14/2003,SO91518,541,25990,10,1,1
2/17/2026,11/2/2002,SO91519,350,14426,5,1,1
1/1/2026,6/23/2002,SO91520,597,15410,3,1,1
2/12/2026,8/15/2001,SO91521,319,16774,4,1,2
12/21/2026,4/19/2001,SO91522,475,16145,8,1,1
10/26/2026,8/30/2002,SO91523,409,23455,2,1,1
7/25/2026,4/30/2004,SO91524,443,16686,8,1,1
3/16/2026,3/2/2004,SO91525,454,14652,6,1,1
8/6/2026,4/22/2001,SO91526,259,16359,5,1,2
2/21/2026,2/26/2003,SO91527,232,25944,9,1,2
3/26/2026,1/13/2001,SO91528,567,19888,8,1,1
1/2/2026,9/26/2004,SO91529,241,26818,7,1,2
1/2/2026,4/16/2003,SO91529,328,26818,7,2,1
1/2/2026,4/11/2004,SO91529,548,26818,7,3,1
11/15/2026,2/21/2003,SO91530,511,15776,2,1,2
3/8/2026,6/5/2002,SO91531,592,27126,10,1,1
3/8/2026,6/29/2004,SO91531,292,27126,10,2,1
3/8/2026,4/13/2003,SO91531,215,27126,10,3,1
1/8/2026,11/28/2004,SO91532,498,27099,3,1,1
10/7/2026,3/24/2002,SO91533,542,18359,10,1,1
6/13/2026,6/7/2001,SO91534,554,20398,8,1,2
6/13/2026,3/23/2001,SO91534,551,20398,8,2,1
6/13/2026,3/8/2001,SO91534,409,20398,8,3,2
12/22/2026,6/13/2002,SO91535,561,22614,2,1,1
5/19/2026,10/1/2003,SO91536,543,18599,8,1,1
3/3/2026,1/11/2002,SO91537,250,22392,6,1,1
3/12/2026,8/4/2001,SO91538,555,22208,9,1,2
9/22/2026,9/17/2002,SO91539,421,21190,1,1,1
9/22/2026,3/29/2001,SO91539,570,21190,1,2,1
12/22/2026,2/8/2002,SO91540,489,29155,6,1,2
10/24/2026,5/25/2001,SO91541,394,15114,2,1,1
10/24/2026,2/24/2002,SO91541,494,15114,2,2,2
10/24/2026,2/13/2003,SO91541,301,15114,2,3,1
8/1/2026,1/12/2003,SO91542,320,27188,9,1,1
12/9/2026,7/4/2004,SO91543,566,22256,9,1,1
3/12/2026,3/18/2003,SO91544,351,13597,7,1,1
3/12/2026,12/1/2001,SO91544,565,13597,7,2,1
3/6/2026,8/6/2004,SO91545,218,19702,6,1,1
3/6/2026,3/22/2004,SO91545,370,19702,6,2,3
3/2/2026,12/20/2004,SO91546,524,21019,4,1,1
3/12/2026,8/14/2001,SO91547,464,19836,4,1,2
3/10/2026,9/29/2004,SO91548,539,12928,7,1,2
5/16/2026,3/3/2003,SO91549,545,21913,8,1,2
5/16/2026,7/12/2001,SO91549,336,21913,8,2,1
5/16/2026,7/8/2004,SO91549,340,21913,8,3,1
11/21/2026,7/31/2004,SO91550,512,11271,10,1,1
12/24/2026,12/26/2003,SO91551,259,29068,10,1,2
5/1/2026,3/5/2004,SO91552,387,16277,6,1,2
5/1/2026,6/21/2001,SO91552,502,16277,6,2,1
5/1/2026,6/25/2002,SO91552,594,16277,6,3,3
1/24/2026,4/23/2002,SO91553,219,21758,4,1,2
12/7/2026,5/20/2002,SO91554,447,29010,5,1,1
4/27/2026,6/14/2002,SO91555,351,15629,6,1,2
1/10/2026,3/23/2002,SO91556,462,15449,10,1,2
7/1/2026,9/1/2003,SO91557,488,16782,4,1,2
7/25/2026,12/16/2004,SO91558,541,28241,7,1,2
2/22/2026,6/15/2002,SO91559,538,24363,8,1,2
6/3/2026,7/5/2001,SO91560,288,16741,4,1,1
7/25/2026,7/9/2003,SO91561,350,15147,3,1,1
9/24/2026,9/26/2003,SO91562,310,14054,7,1,2
9/24/2026,8/3/2003,SO91562,427,14054,7,2,2
1/31/2026,10/26/2004,SO91563,368,28631,2,1,1
1/17/2026,10/7/2003,SO91564,458,17905,4,1,1
8/15/2026,9/27/2004,SO91565,497,21491,6,1,2
8/15/2026,8/30/2004,SO91565,482,21491,6,2,1
12/20/2026,8/4/2004,SO91566,392,23413,6,1,1
3/13/2026,11/14/2002,SO91567,310,29119,8,1,1
10/10/2026,6/12/2003,SO91568,401,27302,3,1,2
10/10/2026,4/11/2003,SO91568,499,27302,3,2,2
8/10/2026,8/30/2003,SO91569,488,12274,10,1,2
8/10/2026,1/14/2001,SO91569,482,12274,10,2,3
7/16/2026,10/2/2004,SO91570,471,15223,7,1,1
1/22/2026,4/11/2001,SO91571,516,25316,8,1,1
8/27/2026,10/8/2001,SO91572,315,22939,7,1,1
2/4/2026,4/5/2003,SO91573,596,29109,2,1,2
7/18/2026,1/31/2002,SO91574,417,28052,10,1,1
8/22/2026,4/4/2003,SO91575,508,27397,2,1,1
1/18/2026,2/9/2004,SO91576,395,13250,6,1,1
9/8/2026,5/23/2003,SO91577,318,20856,10,1,2
5/19/2026,1/31/2003,SO91578,366,22026,4,1,3
5/26/2026,6/16/2001,SO91579,530,17653,10,1,2
5/31/2026,8/26/2001,SO91580,564,24444,10,1,1
7/13/2026,11/4/2003,SO91581,232,11453,4,1,1
7/8/2026,3/11/2003,SO91582,433,16404,2,1,3
10/26/2026,11/28/2004,SO91583,403,11961,3,1,1
10/26/2026,3/12/2003,SO91583,399,11961,3,2,1
10/26/2026,6/1/2003,SO91583,596,11961,3,3,2
4/24/2026,8/17/2003,SO91584,547,26182,8,1,2
6/25/2026,3/11/2001,SO91585,426,17834,9,1,2
6/25/2026,1/4/2004,SO91585,505,17834,9,2,2
6/25/2026,4/16/2001,SO91585,316,17834,9,3,1
3/30/2026,12/31/2004,SO91586,262,15281,6,1,1
8/14/2026,12/4/2003,SO91587,300,16420,8,1,1
1/6/2026,11/9/2002,SO91588,570,25322,5,1,3
5/21/2026,6/10/2001,SO91589,558,23616,3,1,2
5/21/2026,3/17/2002,SO91589,597,23616,3,2,1
12/11/2026,2/5/2003,SO91590,421,25915,1,1,1
2/22/2026,5/25/2003,SO91591,291,22274,6,1,1
4/25/2026,1/3/2002,SO91592,514,15763,3,1,1
8/24/2026,11/10/2002,SO91593,453,14388,7,1,3
12/29/2026,8/25/2002,SO91594,379,27559,6,1,1
10/2/2026,1/30/2001,SO91595,540,25137,8,1,1
8/23/2026,11/13/2003,SO91596,347,17761,8,1,2
8/23/2026,7/1/2002,SO91596,525,17761,8,2,2
8/23/2026,11/6/2003,SO91596,445,17761,8,3,2
6/29/2026,10/4/2003,SO91597,596,20554,4,1,1
6/29/2026,12/24/2002,SO91597,547,20554,4,2,2
6/29/2026,9/11/2002,SO91597,446,20554,4,3,2
8/9/2026,9/16/2002,SO91598,515,13763,2,1,2
10/14/2026,12/20/2002,SO91599,218,19519,6,1,1
6/3/2026,1/18/2002,SO91600,538,23585,9,1,2
5/23/2026,5/6/2003,SO91601,366,27153,5,1,1
3/21/2026,1/11/2002,SO91602,579,13056,4,1,2
9/11/2026,2/14/2003,SO91603,530,23331,1,1,1
8/2/2026,12/11/2001,SO91604,391,17020,3,1,2
1/12/2026,8/7/2004,SO91605,537,24611,1,1,1
3/18/2026,4/24/2004,SO91606,278,22774,3,1,2
11/27/2026,11/30/2004,SO91607,215,27018,10,1,2
7/28/2026,11/4/2003,SO91608,338,16380,5,1,1
12/4/2026,2/24/2003,SO91609,244,14627,3,1,2
10/1/2026,6/11/2001,SO91610,399,14201,9,1,1
10/1/2026,4/8/2001,SO91610,448,14201,9,2,3
10/1/2026,4/23/2002,SO91610,235,14201,9,3,1
5/22/2026,6/28/2003,SO91611,266,24341,7,1,1
12/11/2026,5/6/2002,SO91612,520,25080,2,1,3
8/2/2026,11/21/2003,SO91613,431,14232,2,1,1
8/2/2026,5/29/2003,SO91613,514,14232,2,2,1
8/1/2026,1/11/2001,SO91614,276,11944,10,1,2
7/19/2026,11/26/2002,SO91615,453,22189,1,1,1
7/8/2026,12/14/2002,SO91616,383,24902,6,1,1
12/20/2026,1/10/2002,SO91617,466,28897,4,1,2
8/14/2026,7/23/2001,SO91618,573,14827,8,1,1
8/14/2026,8/1/2001,SO91618,277,14827,8,2,2
8/14/2026,12/17/2003,SO91618,590,14827,8,3,2
10/28/2026,11/1/2002,SO91619,534,19473,8,1,2
11/1/2026,9/24/2004,SO91620,520,18349,3,1,2
11/1/2026,6/11/2001,SO91620,401,18349,3,2,2
7/22/2026,9/7/2003,SO91621,595,20556,9,1,2
12/2/2026,4/23/2004,SO91622,553,21905,9,1,1
7/3/2026,10/20/2003,SO91623,536,26440,3,1,2
10/29/2026,6/15/2002,SO91624,330,16182,6,1,2
10/29/2026,7/15/2001,SO91624,373,16182,6,2,1
11/26/2026,11/20/2004,SO91625,582,14958,8,1,1
3/11/2026,5/21/2002,SO91626,478,13516,10,1,3
9/1/2026,3/30/2004,SO91627,247,25981,1,1,1
1/20/2026,7/7/2004,SO91628,517,18110,6,1,1
5/17/2026,2/9/2002,SO91629,520,14168,4,1,1
2/23/2026,11/30/2003,SO91630,334,14108,10,1,2
11/27/2026,12/20/2001,SO91631,522,13663,2,1,1
10/19/2026,9/16/2003,SO91632,501,22980,7,1,1
10/5/2026,8/19/2002,SO91633,480,12540,9,1,1
8/22/2026,3/26/2001,SO91634,464,24755,5,1,2
5/16/2026,9/28/2004,SO91635,259,16642,6,1,2
8/6/2026,10/12/2003,SO91636,589,19204,10,1,2
11/8/2026,9/20/2004,SO91637,497,25168,6,1,1
11/8/2026,11/6/2003,SO91637,266,25168,6,2,3
11/8/2026,4/14/2003,SO91637,256,25168,6,3,1
1/5/2026,5/29/2002,SO91638,358,16352,8,1,3
1/5/2026,9/13/2001,SO91638,510,16352,8,2,2
4/16/2026,11/30/2004,SO91639,411,17261,8,1,2
3/1/2026,5/17/2001,SO91640,476,13627,8,1,1
8/7/2026,4/9/2004,SO91641,307,21209,4,1,1
4/30/2026,11/10/2004,SO91642,484,27505,10,1,1
7/22/2026,12/26/2002,SO91643,555,15805,10,1,1
7/22/2026,3/16/2003,SO91643,377,15805,10,2,2
3/17/2026,10/4/2003,SO91644,433,13966,7,1,1
1/19/2026,5/13/2003,SO91645,578,20027,8,1,2
12/21/2026,2/4/2003,SO91646,580,14392,2,1,3
3/5/2026,11/19/2003,SO91647,264,28195,4,1,1
3/5/2026,8/12/2001,SO91647,275,28195,4,2,1
9/18/2026,3/1/2004,SO91648,517,28709,4,1,1
7/21/2026,12/19/2004,SO91649,594,21920,7,1,2
5/13/2026,12/3/2004,SO91650,506,16445,3,1,2
9/8/2026,6/3/2003,SO91651,347,13957,8,1,1
7/28/2026,8/16/2004,SO91652,358,21245,7,1,3
8/29/2026,6/6/2002,SO91653,561,11787,5,1,1
10/19/2026,6/8/2004,SO91654,575,13679,6,1,1
10/19/2026,6/10/2004,SO91654,512,13679,6,2,1
10/19/2026,4/11/2003,SO91654,350,13679,6,3,1
9/27/2026,7/19/2004,SO91655,311,27373,9,1,2
4/3/2026,11/2/2001,SO91656,278,26129,4,1,1
5/8/2026,8/23/2003,SO91657,365,19909,7,1,1
1/26/2026,5/7/2001,SO91658,394,17257,8,1,3
8/3/2026,7/22/2003,SO91659,544,23424,9,1,1
5/4/2026,1/31/2003,SO91660,338,29156,6,1,1
7/9/2026,4/12/2002,SO91661,336,28466,1,1,1
6/27/2026,4/14/2001,SO91662,330,28417,8,1,2
3/10/2026,11/15/2002,SO91663,429,18973,2,1,1
11/26/2026,12/9/2001,SO91664,253,20788,3,1,2
8/17/2026,2/5/2002,SO91665,427,14847,6,1,2
10/24/2026,6/26/2002,SO91666,568,25082,2,1,1
5/12/2026,5/3/2004,SO91667,307,29190,5,1,2
4/20/2026,8/29/2004,SO91668,235,24930,7,1,2
3/13/2026,6/8/2004,SO91669,488,22537,2,1,1
9/14/2026,5/17/2003,SO91670,322,21280,4,1,1
5/29/2026,10/21/2002,SO91671,555,11674,3,1,1
5/29/2026,8/13/2004,SO91671,565,11674,3,2,2
2/2/2026,4/10/2002,SO91672,317,12637,6,1,2
12/20/2026,12/30/2001,SO91673,349,22376,1,1,2
12/20/2026,5/3/2001,SO91673,577,22376,1,2,2
12/20/2026,8/16/2004,SO91673,364,22376,1,3,2
11/16/2026,9/29/2001,SO91674,340,12238,8,1,1
1/26/2026,5/4/2002,SO91675,315,14837,10,1,1
8/12/2026,8/1/2004,SO91676,367,24990,10,1,1
8/12/2026,6/12/2004,SO91676,414,24990,10,2,1
6/1/2026,12/27/2002,SO91677,412,13469,5,1,1
5/27/2026,12/31/2003,SO91678,274,24810,9,1,1
3/30/2026,12/4/2001,SO91679,387,26056,6,1,2
5/14/2026,7/3/2001,SO91680,320,24709,10,1,2
5/14/2026,3/27/2001,SO91680,458,24709,10,2,2
5/14/2026,7/14/2002,SO91680,478,24709,10,3,1
2/5/2026,11/5/2002,SO91681,511,25820,1,1,1
2/5/2026,7/3/2003,SO91681,407,25820,1,2,3
5/30/2026,4/15/2004,SO91682,545,22686,1,1,1
2/5/2026,9/23/2001,SO91683,535,11361,1,1,2
5/3/2026,8/19/2001,SO91684,582,18790,10,1,2
11/22/2026,12/7/2002,SO91685,503,13313,8,1,1
6/18/2026,7/20/2002,SO91686,555,15290,7,1,1
4/29/2026,5/20/2004,SO91687,360,12252,7,1,2
3/8/2026,11/5/2002,SO91688,358,16967,6,1,2
1/1/2026,8/13/2003,SO91689,220,25467,7,1,1
5/13/2026,3/31/2001,SO91690,580,26914,7,1,1
11/12/2026,3/15/2001,SO91691,419,26845,4,1,1
7/16/2026,10/27/2004,SO91692,420,17242,2,1,1
7/16/2026,5/3/2001,SO91692,561,17242,2,2,1
12/31/2026,4/22/2002,SO91693,328,14544,4,1,2
1/19/2026,7/24/2001,SO91694,340,15015,3,1,2
4/18/2026,10/8/2003,SO91695,580,21687,3,1,1
12/7/2026,6/14/2001,SO91696,577,11563,8,1,1
2/22/2026,6/2/2001,SO91697,477,23105,3,1,1
2/22/2026,2/16/2001,SO91697,238,23105,3,2,1
11/8/2026,6/11/2003,SO91698,514,12532,6,1,2
8/11/2026,9/12/2002,SO91699,452,13662,1,1,2
8/11/2026,1/2/2001,SO91699,401,13662,1,2,1
12/29/2026,11/15/2001,SO91700,370,27763,5,1,2
8/6/2026,10/20/2001,SO91701,555,21617,8,1,1
10/25/2026,1/25/2004,SO91702,336,27337,6,1,1
3/5/2026,7/18/2002,SO91703,494,12659,2,1,3
5/22/2026,6/5/2003,SO91704,564,29397,8,1,1
5/22/2026,9/21/2004,SO91704,346,29397,8,2,1
5/22/2026,2/20/2002,SO91704,557,29397,8,3,1
3/12/2026,4/3/2003,SO91705,505,19512,8,1,2
1/4/2026,6/21/2001,SO91706,493,29093,6,1,2
10/1/2026,12/10/2003,SO91707,238,13739,3,1,2
11/22/2026,3/16/2001,SO91708,282,22186,5,1,1
8/31/2026,2/14/2004,SO91709,223,25187,8,1,2
12/29/2026,5/27/2001,SO91710,229,22046,4,1,1
6/12/2026,8/25/2001,SO91711,381,12574,7,1,1
10/29/2026,4/18/2003,SO91712,344,15673,5,1,1
4/9/2026,1/13/2003,SO91713,542,23691,2,1,1
4/9/2026,1/13/2002,SO91713,395,23691,2,2,3
1/1/2026,1/21/2002,SO91714,556,16816,3,1,1
1/1/2026,10/24/2004,SO91714,379,16816,3,2,2
1/1/2026,8/24/2002,SO91714,352,16816,3,3,2
1/2/2026,4/29/2004,SO91715,285,20267,1,1,1
9/8/2026,12/3/2004,SO91716,558,20894,9,1,2
5/14/2026,4/27/2002,SO91717,448,11834,3,1,1
5/26/2026,6/15/2004,SO91718,476,23593,5,1,1
11/29/2026,9/30/2002,SO91719,324,26928,10,1,2
4/7/2026,9/20/2003,SO91720,350,21829,2,1,2
6/14/2026,5/6/2003,SO91721,592,13449,7,1,2
8/10/2026,7/22/2003,SO91722,419,13214,1,1,2
12/7/2026,6/20/2001,SO91723,215,24342,7,1,2
5/22/2026,9/6/2002,SO91724,457,19065,6,1,2
7/25/2026,3/10/2002,SO91725,449,28042,3,1,2
8/11/2026,9/24/2001,SO91726,472,19060,9,1,1
8/4/2026,10/27/2004,SO91727,223,16180,3,1,2
8/4/2026,11/25/2001,SO91727,304,16180,3,2,1
11/26/2026,12/29/2004,SO91728,482,29300,6,1,1
10/16/2026,2/18/2003,SO91729,304,19465,2,1,2
5/16/2026,3/19/2004,SO91730,496,17891,9,1,1
6/13/2026,11/29/2002,SO91731,262,17070,1,1,2
3/4/2026,8/9/2002,SO91732,529,23627,9,1,1
5/15/2026,8/26/2003,SO91733,364,23676,1,1,1
10/2/2026,2/2/2002,SO91734,576,25988,8,1,1
12/31/2026,11/22/2004,SO91735,505,26406,3,1,1
12/1/2026,10/18/2003,SO91736,415,19741,7,1,1
10/29/2026,11/5/2002,SO91737,493,16628,8,1,1
10/29/2026,4/30/2001,SO91737,483,16628,8,2,1
4/15/2026,3/4/2001,SO91738,504,14214,1,1,2
2/16/2026,4/2/2001,SO91739,278,20183,3,1,2
1/2/2026,4/4/2003,SO91740,475,16130,6,1,2
10/26/2026,10/13/2004,SO91741,546,14732,5,1,2
10/26/2026,6/9/2003,SO91741,347,14732,5,2,1
10/26/2026,7/24/2001,SO91741,558,14732,5,3,2
2/28/2026,6/9/2001,SO91742,506,27352,10,1,1
2/28/2026,7/13/2004,SO91742,538,27352,10,2,1
2/28/2026,1/14/2004,SO91742,566,27352,10,3,1
10/24/2026,6/28/2001,SO91743,232,28789,9,1,2
7/11/2026,11/12/2003,SO91744,345,28826,9,1,1
7/11/2026,4/5/2003,SO91744,453,28826,9,2,1
7/11/2026,1/30/2003,SO91744,403,28826,9,3,3
4/23/2026,1/1/2004,SO91745,461,16739,6,1,2
8/6/2026,9/6/2003,SO91746,282,27584,2,1,3
3/13/2026,10/3/2004,SO91747,485,14862,10,1,2
2/20/2026,11/23/2002,SO91748,522,26901,7,1,2
4/7/2026,5/22/2002,SO91749,232,28082,9,1,1
4/7/2026,10/21/2003,SO91749,541,28082,9,2,1
7/8/2026,4/11/2002,SO91750,377,20139,1,1,1
10/16/2026,10/31/2003,SO91751,456,16227,1,1,1
2/19/2026,8/16/2004,SO91752,559,13991,5,1,1
2/19/2026,6/19/2003,SO91752,504,13991,5,2,1
2/19/2026,11/24/2004,SO91752,452,13991,5,3,2
9/27/2026,1/28/2004,SO91753,446,25061,5,1,2
7/16/2026,5/22/2004,SO91754,351,19605,4,1,1
3/1/2026,5/24/2001,SO91755,515,15708,10,1,3
9/17/2026,3/13/2002,SO91756,505,13555,4,1,2
12/1/2026,8/3/2003,SO91757,288,18765,9,1,1
11/7/2026,1/29/2001,SO91758,470,14794,7,1,3
6/24/2026,2/10/2002,SO91759,468,16768,5,1,1
6/15/2026,4/30/2004,SO91760,592,15864,2,1,2
12/16/2026,9/21/2003,SO91761,594,16890,8,1,2
12/16/2026,2/28/2002,SO91761,389,16890,8,2,3
2/26/2026,2/28/2001,SO91762,423,18864,10,1,1
2/26/2026,11/12/2004,SO91762,584,18864,10,2,2
5/19/2026,8/30/2003,SO91763,279,15314,5,1,1
4/14/2026,4/24/2003,SO91764,350,22002,3,1,3
10/27/2026,8/7/2001,SO91765,481,20001,3,1,1
4/10/2026,6/1/2004,SO91766,348,27521,2,1,2
5/13/2026,9/12/2003,SO91767,304,16946,6,1,1
11/19/2026,10/12/2002,SO91768,475,28649,6,1,1
2/23/2026,8/5/2003,SO91769,502,21954,9,1,1
6/11/2026,11/28/2002,SO91770,410,18506,8,1,2
3/4/2026,1/2/2004,SO91771,479,14711,2,1,1
1/22/2026,8/14/2002,SO91772,598,15772,1,1,1
12/14/2026,2/4/2004,SO91773,454,23414,1,1,1
8/7/2026,12/22/2001,SO91774,215,20524,2,1,1
8/11/2026,2/14/2003,SO91775,326,13819,7,1,2
9/4/2026,9/27/2001,SO91776,547,24604,6,1,1
6/11/2026,4/20/2004,SO91777,318,17579,3,1,3
1/1/2026,8/8/2002,SO91778,474,25805,10,1,1
1/1/2026,10/7/2004,SO91778,347,25805,10,2,2
8/8/2026,4/13/2004,SO91779,505,16085,4,1,2
6/23/2026,8/28/2001,SO91780,481,27531,7,1,2
8/9/2026,7/17/2003,SO91781,410,20795,6,1,1
8/9/2026,7/2/2004,SO91781,502,20795,6,2,2
3/12/2026,4/28/2003,SO91782,504,14402,8,1,1
5/23/2026,7/27/2002,SO91783,477,16334,5,1,2
5/31/2026,9/5/2003,SO91784,554,23895,2,1,2
8/21/2026,6/24/2004,SO91785,385,18467,4,1,1
11/22/2026,5/31/2004,SO91786,481,14939,2,1,2
1/19/2026,6/29/2002,SO91787,522,23311,10,1,1
1/19/2026,12/5/2003,SO91787,401,23311,10,2,1
9/22/2026,9/15/2004,SO91788,315,24734,2,1,1
9/22/2026,2/21/2002,SO91788,577,24734,2,2,1
3/27/2026,6/18/2002,SO91789,431,19624,5,1,1
1/11/2026,1/29/2002,SO91790,598,17363,1,1,3
8/7/2026,9/6/2001,SO91791,332,27241,6,1,2
4/26/2026,11/18/2001,SO91792,549,14135,7,1,2
12/9/2026,12/27/2003,SO91793,259,25863,7,1,1
7/14/2026,12/20/2004,SO91794,272,21794,7,1,1
7/14/2026,1/25/2002,SO91794,506,21794,7,2,1
12/29/2026,4/7/2003,SO91795,561,28298,9,1,2
3/16/2026,1/25/2001,SO91796,330,23549,6,1,2
9/11/2026,1/23/2002,SO91797,591,13370,10,1,1
9/11/2026,12/24/2004,SO91797,600,13370,10,2,1
9/11/2026,12/20/2003,SO91797,375,13370,10,3,1
6/30/2026,10/29/2001,SO91798,425,16465,3,1,3
6/30/2026,6/25/2004,SO91798,551,16465,3,2,1
9/26/2026,11/13/2001,SO91799,317,26498,3,1,2
1/3/2026,7/27/2001,SO91800,570,20553,1,1,1
2/19/2026,8/16/2001,SO91801,223,15392,4,1,1
2/19/2026,6/17/2003,SO91801,579,15392,4,2,2
2/19/2026,12/13/2004,SO91801,405,15392,4,3,1
8/28/2026,7/2/2004,SO91802,330,15697,4,1,2
6/20/2026,11/16/2004,SO91803,354,16831,4,1,1
7/9/2026,12/8/2004,SO91804,551,14923,3,1,1
1/15/2026,6/12/2003,SO91805,431,13802,5,1,1
5/7/2026,12/29/2001,SO91806,597,25199,1,1,1
3/1/2026,9/15/2001,SO91807,464,13429,8,1,1
12/1/2026,5/29/2003,SO91808,556,16619,7,1,2
2/3/2026,12/30/2003,SO91809,567,15824,1,1,1
4/9/2026,8/9/2003,SO91810,346,22471,5,1,1
4/16/2026,6/13/2002,SO91811,568,11115,4,1,1
3/15/2026,12/13/2004,SO91812,531,19743,6,1,1
6/26/2026,6/24/2001,SO91813,414,22189,4,1,1
6/26/2026,4/19/2002,SO91813,285,22189,4,2,1
2/16/2026,9/3/2004,SO91814,483,29075,1,1,1
2/3/2026,9/13/2003,SO91815,299,23405,7,1,3
7/16/2026,12/22/2003,SO91816,396,17066,6,1,2
6/9/2026,8/2/2004,SO91817,508,21831,4,1,3
6/9/2026,2/21/2004,SO91817,562,21831,4,2,1
10/25/2026,2/15/2003,SO91818,356,13837,8,1,1
8/20/2026,4/27/2003,SO91819,574,21233,6,1,1
6/13/2026,4/22/2003,SO91820,457,20674,3,1,1
4/30/2026,6/25/2004,SO91821,338,12450,3,1,1
5/24/2026,2/4/2003,SO91822,279,24620,3,1,1
11/28/2026,5/1/2002,SO91823,590,14869,8,1,1
4/20/2026,8/17/2003,SO91824,399,14861,4,1,1
4/20/2026,4/26/2004,SO91824,566,14861,4,2,2
4/20/2026,11/8/2004,SO91824,420,14861,4,3,1
8/21/2026,2/9/2001,SO91825,451,23712,2,1,2
8/21/2026,9/12/2001,SO91825,319,23712,2,2,1
4/24/2026,9/28/2004,SO91826,564,15643,1,1,1
10/17/2026,11/30/2001,SO91827,417,27809,3,1,2
3/1/2026,4/30/2003,SO91828,285,11934,1,1,1
10/27/2026,11/5/2004,SO91829,526,14199,1,1,2
2/17/2026,8/6/2003,SO91830,530,17534,6,1,1
10/1/2026,10/22/2004,SO91831,322,20494,10,1,1
10/1/2026,8/4/2004,SO91831,527,20494,10,2,1
6/4/2026,2/27/2001,SO91832,604,26212,4,1,2
9/10/2026,2/4/2002,SO91833,586,26425,5,1,1
2/9/2026,7/3/2004,SO91834,552,23229,5,1,2
6/18/2026,1/2/2001,SO91835,588,25498,6,1,2
5/8/2026,3/26/2001,SO91836,601,16241,4,1,3
11/16/2026,9/24/2003,SO91837,567,26638,3,1,2
2/4/2026,9/14/2003,SO91838,566,28255,2,1,2
2/4/2026,11/17/2003,SO91838,399,28255,2,2,2
8/12/2026,9/3/2001,SO91839,511,29389,4,1,1
5/28/2026,5/15/2003,SO91840,439,24000,2,1,2
6/13/2026,4/8/2001,SO91841,358,21116,6,1,2
11/17/2026,10/23/2003,SO91842,385,22789,2,1,2
5/15/2026,11/13/2003,SO91843,515,11622,2,1,2
9/24/2026,10/6/2001,SO91844,552,22590,3,1,1
12/5/2026,12/7/2003,SO91845,585,13107,8,1,1
5/2/2026,8/19/2002,SO91846,566,26629,7,1,2
4/29/2026,1/21/2004,SO91847,433,21968,3,1,1
4/5/2026,12/14/2001,SO91848,603,14394,8,1,1
8/23/2026,12/7/2002,SO91849,394,15753,3,1,1
8/23/2026,10/19/2002,SO91849,452,15753,3,2,3
12/5/2026,5/12/2002,SO91850,407,15477,3,1,2
4/26/2026,9/26/2003,SO91851,452,27451,5,1,1
4/26/2026,7/29/2001,SO91851,604,27451,5,2,2
11/10/2026,9/2/2001,SO91852,521,13028,10,1,2
5/21/2026,10/31/2004,SO91853,422,24733,1,1,1
11/7/2026,1/31/2001,SO91854,503,28559,10,1,2
11/7/2026,6/11/2001,SO91854,590,28559,10,2,1
1/21/2026,9/3/2003,SO91855,541,13273,2,1,1
2/17/2026,7/7/2004,SO91856,385,14958,9,1,1
5/4/2026,5/23/2002,SO91857,296,23319,2,1,2
9/27/2026,3/16/2001,SO91858,504,20749,10,1,2
4/11/2026,4/13/2001,SO91859,371,11078,6,1,1
10/4/2026,9/14/2003,SO91860,460,12206,3,1,1
7/15/2026,7/6/2002,SO91861,599,24919,6,1,2
3/1/2026,12/12/2004,SO91862,494,15784,10,1,2
3/1/2026,6/17/2001,SO91862,264,15784,10,2,1
3/1/2026,6/26/2001,SO91862,420,15784,10,3,2
3/9/2026,4/21/2002,SO91863,433,25938,3,1,1
3/9/2026,1/8/2003,SO91863,317,25938,3,2,2
1/18/2026,3/17/2002,SO91864,488,25695,9,1,2
11/15/2026,11/13/2004,SO91865,310,13394,7,1,2
11/15/2026,5/1/2002,SO91865,334,13394,7,2,3
4/27/2026,2/6/2003,SO91866,504,17896,8,1,1
4/27/2026,5/23/2003,SO91866,328,17896,8,2,1
2/23/2026,10/4/2004,SO91867,509,25036,1,1,2
7/6/2026,10/31/2004,SO91868,369,23657,10,1,1
3/22/2026,1/25/2004,SO91869,578,21550,4,1,2
6/8/2026,8/23/2003,SO91870,562,19669,7,1,1
6/8/2026,6/19/2003,SO91870,288,19669,7,2,1
6/11/2026,10/25/2002,SO91871,496,27423,10,1,3
10/17/2026,1/1/2002,SO91872,351,16108,6,1,2
10/17/2026,12/25/2004,SO91872,394,16108,6,2,1
8/3/2026,10/21/2004,SO91873,553,23594,7,1,1
1/17/2026,6/26/2001,SO91874,373,15973,3,1,2
2/13/2026,10/11/2003,SO91875,270,27185,9,1,1
1/10/2026,1/8/2003,SO91876,489,12846,9,1,2
1/16/2026,9/3/2004,SO91877,417,26318,5,1,2
1/16/2026,2/3/2003,SO91877,516,26318,5,2,3
1/16/2026,1/27/2002,SO91877,389,26318,5,3,1
9/6/2026,3/19/2001,SO91878,346,18941,10,1,1
3/31/2026,1/5/2002,SO91879,454,20214,2,1,1
8/16/2026,8/7/2003,SO91880,464,19974,2,1,2
5/27/2026,4/21/2004,SO91881,235,15014,8,1,2
6/13/2026,4/27/2002,SO91882,338,15618,1,1,2
6/13/2026,9/30/2003,SO91882,422,15618,1,2,2
8/17/2026,9/6/2004,SO91883,499,11683,4,1,2
7/30/2026,11/29/2001,SO91884,223,26086,1,1,1
12/21/2026,4/2/2002,SO91885,494,23142,8,1,2
12/23/2026,8/7/2001,SO91886,346,23204,9,1,2
6/13/2026,1/28/2002,SO91887,472,29220,3,1,3
12/4/2026,9/24/2001,SO91888,499,12211,5,1,3
12/4/2026,7/8/2002,SO91888,588,12211,5,2,1
1/3/2026,6/29/2002,SO91889,324,21385,6,1,1
11/2/2026,8/30/2002,SO91890,561,23583,6,1,1
5/14/2026,9/23/2001,SO91891,358,21365,6,1,1
5/14/2026,9/11/2003,SO91891,600,21365,6,2,1
5/14/2026,3/12/2004,SO91891,578,21365,6,3,1
8/3/2026,6/21/2002,SO91892,477,24774,4,1,1
8/14/2026,3/7/2004,SO91893,288,15408,1,1,1
12/7/2026,5/1/2003,SO91894,601,17672,4,1,3
3/4/2026,3/31/2004,SO91895,377,12308,9,1,1
2/4/2026,2/22/2004,SO91896,480,19353,4,1,2
2/4/2026,7/31/2004,SO91896,558,19353,4,2,1
12/4/2026,2/5/2001,SO91897,488,20760,7,1,1
12/4/2026,5/22/2002,SO91897,399,20760,7,2,1
12/4/2026,7/28/2004,SO91897,561,20760,7,3,1
2/4/2026,11/25/2001,SO91898,509,27399,8,1,1
9/18/2026,1/21/2003,SO91899,482,16576,10,1,2
11/24/2026,9/7/2001,SO91900,534,27952,1,1,1
11/24/2026,1/2/2003,SO91900,521,27952,1,2,1
11/24/2026,10/29/2002,SO91900,415,27952,1,3,3
2/4/2026,12/21/2003,SO91901,371,25476,4,1,1
3/2/2026,8/10/2001,SO91902,458,11043,6,1,1
5/28/2026,11/18/2003,SO91903,455,14920,7,1,3
5/28/2026,5/18/2001,SO91903,486,14920,7,2,3
1/23/2026,10/21/2003,SO91904,427,15589,9,1,2
8/26/2026,3/12/2002,SO91905,428,12659,5,1,1
12/22/2026,11/19/2002,SO91906,571,20309,10,1,1
8/14/2026,7/20/2002,SO91907,421,21141,2,1,2
8/10/2026,5/4/2001,SO91908,449,13993,9,1,3
8/10/2026,4/4/2004,SO91908,371,13993,9,2,1
8/10/2026,5/10/2003,SO91908,504,13993,9,3,2
12/24/2026,10/17/2003,SO91909,520,14107,6,1,1
1/17/2026,9/13/2004,SO91910,421,25651,4,1,1
1/17/2026,12/26/2004,SO91910,557,25651,4,2,1
7/7/2026,7/14/2003,SO91911,392,13581,5,1,2
8/6/2026,8/24/2004,SO91912,326,23535,2,1,2
4/8/2026,7/14/2004,SO91913,517,13373,6,1,2
10/5/2026,4/29/2004,SO91914,489,18953,9,1,1
12/18/2026,4/8/2001,SO91915,474,13098,6,1,1
6/19/2026,3/12/2002,SO91916,439,12174,6,1,1
12/17/2026,4/20/2002,SO91917,559,24607,7,1,1
6/22/2026,2/3/2002,SO91918,330,18582,10,1,1
7/20/2026,9/19/2001,SO91919,272,23075,6,1,1
5/16/2026,1/3/2004,SO91920,483,21690,10,1,1
10/20/2026,8/29/2001,SO91921,275,29115,3,1,2
10/20/2026,3/1/2002,SO91921,315,29115,3,2,2
10/20/2026,10/4/2002,SO91921,594,29115,3,3,2
11/26/2026,1/30/2003,SO91922,546,24873,10,1,1
4/21/2026,5/10/2003,SO91923,369,22014,1,1,1
4/21/2026,2/17/2003,SO91923,214,22014,1,2,2
4/21/2026,11/5/2004,SO91923,597,22014,1,3,2
1/19/2026,7/14/2004,SO91924,324,16344,2,1,1
1/19/2026,8/21/2002,SO91924,375,16344,2,2,1
3/19/2026,7/14/2004,SO91925,571,14592,3,1,2
4/11/2026,4/14/2003,SO91926,360,22424,9,1,1
10/15/2026,2/6/2001,SO91927,232,28276,3,1,1
1/15/2026,8/23/2003,SO91928,565,26722,2,1,1
7/30/2026,7/23/2002,SO91929,410,27610,9,1,2
7/30/2026,1/17/2004,SO91929,579,27610,9,2,2
8/27/2026,4/26/2002,SO91930,365,13355,4,1,1
3/1/2026,2/8/2003,SO91931,328,13864,3,1,2
5/20/2026,3/10/2001,SO91932,531,12979,2,1,1
5/20/2026,11/6/2003,SO91932,431,12979,2,2,2
2/20/2026,11/5/2002,SO91933,428,15077,10,1,1
2/20/2026,12/12/2001,SO91933,407,15077,10,2,1
9/6/2026,5/1/2001,SO91934,319,19142,3,1,1
7/20/2026,2/18/2001,SO91935,514,25928,5,1,2
1/18/2026,6/21/2002,SO91936,448,16523,8,1,1
2/12/2026,12/7/2001,SO91937,250,19222,6,1,2
6/28/2026,5/18/2003,SO91938,416,20941,1,1,1
6/28/2026,3/31/2004,SO91938,595,20941,1,2,1
6/29/2026,8/7/2002,SO91939,509,11263,1,1,2
7/17/2026,3/28/2001,SO91940,322,14202,3,1,1
7/17/2026,7/1/2002,SO91940,396,14202,3,2,1
7/17/2026,10/15/2003,SO91940,500,14202,3,3,2
12/7/2026,12/25/2004,SO91941,336,13363,4,1,1
2/22/2026,2/13/2001,SO91942,475,24051,5,1,1
3/7/2026,10/1/2002,SO91943,510,16406,3,1,2
11/17/2026,10/21/2003,SO91944,291,23629,3,1,1
5/30/2026,3/2/2001,SO91945,443,18278,4,1,2
1/22/2026,12/18/2004,SO91946,220,27171,5,1,1
12/18/2026,7/31/2003,SO91947,320,25023,8,1,1
11/27/2026,5/18/2003,SO91948,488,28694,1,1,1
2/12/2026,2/1/2004,SO91949,393,15112,3,1,1
3/20/2026,5/18/2004,SO91950,419,22730,2,1,1
10/18/2026,11/14/2001,SO91951,275,26941,1,1,1
2/19/2026,5/11/2003,SO91952,276,19120,1,1,2
2/19/2026,4/9/2002,SO91952,311,19120,1,2,1
1/6/2026,9/26/2003,SO91953,493,19542,7,1,1
6/10/2026,9/11/2001,SO91954,511,24748,10,1,2
9/12/2026,3/1/2002,SO91955,468,27926,6,1,1
9/12/2026,12/15/2004,SO91955,250,27926,6,2,1
9/12/2026,2/9/2002,SO91955,468,27926,6,3,2
8/21/2026,6/23/2004,SO91956,279,13083,4,1,2
4/17/2026,11/22/2003,SO91957,592,20352,6,1,1
6/29/2026,6/22/2004,SO91958,568,27751,8,1,1
8/24/2026,1/12/2004,SO91959,514,21610,2,1,2
1/19/2026,12/13/2001,SO91960,494,18661,3,1,2
6/11/2026,11/20/2002,SO91961,589,24877,9,1,1
8/3/2026,6/8/2004,SO91962,561,16148,4,1,1
8/3/2026,10/6/2002,SO91962,356,16148,4,2,2
4/9/2026,8/8/2002,SO91963,582,15378,3,1,1
2/10/2026,11/4/2001,SO91964,481,20313,4,1,2
9/23/2026,2/20/2002,SO91965,346,16565,5,1,1
3/7/2026,2/22/2004,SO91966,586,17390,5,1,2
9/16/2026,3/28/2002,SO91967,226,28728,8,1,1
8/7/2026,2/29/2004,SO91968,278,14933,10,1,1
1/29/2026,9/30/2004,SO91969,356,28415,9,1,1
4/3/2026,12/31/2004,SO91970,413,12787,8,1,1
1/22/2026,1/26/2002,SO91971,455,14208,2,1,2
11/8/2026,7/26/2003,SO91972,583,20492,10,1,1
6/12/2026,10/22/2001,SO91973,476,15344,10,1,2
8/3/2026,6/26/2001,SO91974,362,12490,5,1,1
8/3/2026,1/20/2004,SO91974,464,12490,5,2,1
10/17/2026,6/15/2001,SO91975,319,11802,4,1,3
1/30/2026,2/5/2002,SO91976,392,23404,8,1,2
10/28/2026,9/6/2001,SO91977,554,24399,10,1,3
1/12/2026,2/19/2003,SO91978,456,16696,4,1,1
4/19/2026,4/9/2001,SO91979,414,28899,7,1,2
7/23/2026,7/26/2002,SO91980,235,11211,4,1,2
2/27/2026,3/1/2004,SO91981,330,11836,9,1,2
4/8/2026,9/22/2004,SO91982,460,11892,9,1,2
4/8/2026,8/9/2004,SO91982,272,11892,9,2,1
1/14/2026,7/18/2003,SO91983,583,23694,9,1,2
1/14/2026,5/29/2004,SO91983,550,23694,9,2,1
1/14/2026,1/16/2001,SO91983,326,23694,9,3,1
1/12/2026,7/21/2002,SO91984,241,14236,3,1,3
2/5/2026,8/27/2003,SO91985,455,17913,1,1,2
2/5/2026,5/14/2002,SO91985,577,17913,1,2,2
2/5/2026,11/6/2003,SO91985,529,17913,1,3,1
12/13/2026,12/29/2001,SO91986,320,28466,7,1,1
11/21/2026,4/12/2004,SO91987,235,19807,4,1,2
1/9/2026,1/27/2004,SO91988,487,18021,3,1,2
7/20/2026,1/26/2001,SO91989,356,13193,1,1,1
7/20/2026,3/12/2004,SO91989,495,13193,1,2,1
8/10/2026,1/22/2002,SO91990,489,19376,5,1,2
4/1/2026,9/18/2001,SO91991,304,18355,3,1,1
10/2/2026,8/16/2003,SO91992,253,21669,1,1,1
8/30/2026,11/28/2002,SO91993,220,14452,5,1,1
8/30/2026,2/22/2004,SO91993,527,14452,5,2,2
8/30/2026,4/2/2001,SO91993,489,14452,5,3,3
1/15/2026,7/10/2001,SO91994,375,15375,6,1,2
5/7/2026,1/10/2002,SO91995,247,12809,3,1,1
5/7/2026,1/26/2001,SO91995,279,12809,3,2,2
5/7/2026,2/5/2001,SO91995,445,12809,3,3,2
2/7/2026,12/20/2001,SO91996,358,25783,7,1,2
11/2/2026,8/15/2001,SO91997,336,27232,6,1,1
4/11/2026,1/30/2002,SO91998,422,28976,5,1,1
5/27/2026,7/26/2003,SO91999,499,26551,7,1,1
11/14/2026,12/26/2004,SO92000,288,16865,4,1,2
9/14/2026,9/8/2001,SO92001,387,13457,4,1,2
6/15/2026,6/27/2002,SO92002,572,12311,7,1,2
6/15/2026,8/9/2002,SO92002,530,12311,7,2,1
7/24/2026,3/6/2001,SO92003,532,15766,6,1,2
8/23/2026,11/18/2003,SO92004,480,17980,7,1,1
9/2/2026,1/6/2003,SO92005,375,14701,3,1,1
9/2/2026,7/1/2002,SO92005,232,14701,3,2,2
9/2/2026,12/18/2002,SO92005,375,14701,3,3,1
6/14/2026,11/7/2003,SO92006,366,15416,3,1,1
10/24/2026,7/17/2002,SO92007,232,16825,5,1,1
11/2/2026,1/17/2001,SO92008,450,26489,4,1,1
5/7/2026,6/28/2004,SO92009,479,22568,4,1,1
5/5/2026,7/29/2001,SO92010,220,27092,9,1,1
7/22/2026,8/18/2003,SO92011,220,25456,3,1,2
3/27/2026,9/21/2004,SO92012,270,18060,10,1,2
4/1/2026,6/21/2002,SO92013,582,28162,5,1,1
6/18/2026,4/25/2001,SO92014,594,16362,8,1,1
6/9/2026,4/13/2004,SO92015,472,19084,10,1,1
5/31/2026,5/27/2001,SO92016,443,21645,4,1,1
9/13/2026,8/25/2001,SO92017,519,17054,10,1,1
9/13/2026,4/23/2002,SO92018,550,24558,2,1,2
1/20/2026,6/24/2002,SO92019,584,29456,4,1,1
1/20/2026,5/10/2001,SO92019,318,29456,4,2,1
7/27/2026,5/14/2002,SO92020,419,13760,4,1,2
7/27/2026,1/13/2003,SO92020,457,13760,4,2,2
7/27/2026,12/31/2002,SO92020,572,13760,4,3,2
3/6/2026,10/23/2002,SO92021,291,18117,9,1,1
4/20/2026,12/10/2003,SO92022,605,21706,8,1,1
4/20/2026,10/7/2002,SO92022,502,21706,8,2,3
3/29/2026,12/27/2003,SO92023,566,17498,1,1,1
4/13/2026,4/17/2003,SO92024,405,16298,3,1,1
8/19/2026,2/18/2004,SO92025,501,17925,8,1,1
7/19/2026,3/14/2001,SO92026,364,20365,1,1,1
7/19/2026,1/3/2002,SO92026,259,20365,1,2,1
7/19/2026,4/15/2003,SO92026,330,20365,1,3,2
3/8/2026,10/24/2003,SO92027,531,27203,8,1,1
3/8/2026,1/25/2001,SO92027,451,27203,8,2,2
8/28/2026,11/30/2004,SO92028,479,20798,5,1,1
3/9/2026,4/17/2003,SO92029,533,28871,10,1,1
3/1/2026,9/18/2002,SO92030,421,13984,9,1,1
3/24/2026,12/8/2003,SO92031,547,16394,1,1,2
6/21/2026,6/13/2001,SO92032,278,23791,1,1,1
2/17/2026,8/25/2004,SO92033,395,12546,2,1,3
11/3/2026,3/21/2002,SO92034,336,14428,9,1,1
6/23/2026,11/19/2001,SO92035,462,12145,6,1,1
7/6/2026,4/22/2003,SO92036,592,12965,9,1,2
5/28/2026,1/14/2003,SO92037,581,15009,10,1,1
7/4/2026,7/30/2001,SO92038,241,17968,5,1,1
10/23/2026,7/30/2004,SO92039,481,23219,9,1,1
10/23/2026,4/2/2002,SO92039,232,23219,9,2,2
1/24/2026,5/3/2004,SO92040,421,27434,6,1,1
9/20/2026,2/23/2003,SO92041,511,28289,6,1,2
4/22/2026,9/7/2002,SO92042,282,21765,10,1,1
4/22/2026,4/1/2003,SO92042,274,21765,10,2,2
4/22/2026,12/24/2001,SO92042,547,21765,10,3,1
9/10/2026,11/9/2002,SO92043,433,19703,4,1,2
3/28/2026,3/11/2004,SO92044,312,13922,4,1,2
9/21/2026,12/19/2004,SO92045,599,19463,7,1,2
12/16/2026,11/12/2002,SO92046,417,25399,3,1,2
8/30/2026,12/4/2002,SO92047,601,21807,4,1,1
9/27/2026,7/16/2004,SO92048,485,24571,7,1,2
6/10/2026,9/13/2001,SO92049,300,29012,8,1,1
1/19/2026,5/31/2001,SO92050,475,25574,6,1,1
1/19/2026,6/16/2004,SO92050,368,25574,6,2,1
8/8/2026,9/13/2004,SO92051,395,28199,1,1,1
10/15/2026,9/25/2001,SO92052,448,14027,10,1,1
10/15/2026,11/28/2002,SO92052,214,14027,10,2,2
10/15/2026,1/7/2004,SO92052,342,14027,10,3,1
7/17/2026,12/19/2001,SO92053,351,28256,3,1,1
6/17/2026,6/18/2001,SO92054,220,15183,1,1,2
11/28/2026,8/6/2002,SO92055,503,18765,9,1,1
1/20/2026,6/18/2001,SO92056,529,27563,7,1,1
3/16/2026,1/14/2001,SO92057,495,18567,9,1,2
12/11/2026,3/25/2004,SO92058,598,14754,7,1,1
3/11/2026,2/14/2001,SO92059,498,29066,3,1,1
1/23/2026,1/12/2002,SO92060,394,20519,9,1,2
8/25/2026,11/5/2002,SO92061,570,20864,4,1,1
7/13/2026,4/16/2004,SO92062,595,15677,9,1,1
7/13/2026,5/5/2002,SO92062,320,15677,9,2,1
1/3/2026,12/5/2001,SO92063,381,25712,5,1,1
6/12/2026,9/27/2002,SO92064,513,25692,2,1,2
4/28/2026,3/15/2001,SO92065,462,20014,7,1,2
3/18/2026,2/28/2004,SO92066,454,29266,9,1,2
11/27/2026,7/14/2004,SO92067,464,19260,3,1,2
5/17/2026,5/5/2002,SO92068,312,27979,5,1,1
5/17/2026,8/8/2004,SO92068,594,27979,5,2,2
5/21/2026,8/9/2003,SO92069,422,28539,9,1,2
3/10/2026,1/26/2001,SO92070,588,18483,10,1,1
12/17/2026,5/27/2002,SO92071,220,28256,6,1,1
3/24/2026,2/27/2003,SO92072,340,11031,8,1,1
10/8/2026,11/19/2001,SO92073,256,23631,9,1,1
6/10/2026,10/24/2004,SO92074,509,24858,7,1,1
11/25/2026,12/26/2003,SO92075,525,29180,9,1,1
11/25/2026,11/9/2004,SO92075,324,29180,9,2,2
3/29/2026,9/19/2002,SO92076,259,20742,5,1,1
8/23/2026,4/14/2001,SO92077,364,19723,5,1,2
3/8/2026,8/29/2004,SO92078,324,14948,9,1,1
3/8/2026,4/28/2004,SO92078,585,14948,9,2,2
1/3/2026,1/14/2003,SO92079,471,28606,6,1,2
3/3/2026,2/16/2003,SO92080,445,20939,7,1,1
2/23/2026,10/22/2002,SO92081,598,12092,8,1,3
11/7/2026,3/4/2001,SO92082,544,20522,9,1,1
11/19/2026,1/9/2002,SO92083,573,16362,8,1,2
7/12/2026,6/4/2002,SO92084,581,18978,10,1,1
7/26/2026,10/17/2003,SO92085,268,23706,1,1,1
3/9/2026,1/18/2002,SO92086,422,17307,7,1,2
12/21/2026,7/16/2002,SO92087,528,20980,6,1,2
7/13/2026,5/9/2003,SO92088,510,11937,5,1,1
7/6/2026,8/12/2003,SO92089,528,28567,4,1,1
5/9/2026,5/5/2002,SO92090,532,22495,10,1,1
12/1/2026,11/21/2004,SO92091,542,22904,2,1,1
11/2/2026,7/26/2002,SO92092,338,12393,7,1,1
7/1/2026,6/3/2003,SO92093,292,25447,6,1,2
7/1/2026,3/12/2002,SO92093,226,25447,6,2,2
7/1/2026,12/31/2003,SO92093,520,25447,6,3,1
5/20/2026,1/23/2003,SO92094,307,26296,8,1,2
12/17/2026,7/11/2004,SO92095,226,23729,1,1,1
12/17/2026,5/5/2004,SO92095,529,23729,1,2,2
1/16/2026,9/30/2003,SO92096,364,28424,4,1,2
5/22/2026,11/7/2002,SO92097,393,13532,4,1,1
4/12/2026,11/30/2003,SO92098,215,13955,10,1,1
11/18/2026,6/10/2002,SO92099,391,15662,3,1,2
10/28/2026,10/8/2002,SO92100,268,12868,7,1,2
9/23/2026,6/4/2001,SO92101,322,24574,10,1,1
11/28/2026,4/18/2003,SO92102,424,12006,5,1,1
8/25/2026,6/30/2001,SO92103,322,11579,3,1,1
8/25/2026,3/5/2002,SO92103,229,11579,3,2,1
8/29/2026,11/7/2002,SO92104,347,12705,10,1,1
12/2/2026,2/5/2004,SO92105,588,23189,2,1,1
12/24/2026,2/24/2002,SO92106,391,14789,1,1,1
6/25/2026,2/26/2002,SO92107,518,21050,5,1,2
6/25/2026,2/17/2002,SO92107,316,21050,5,2,2
11/3/2026,7/22/2003,SO92108,358,20238,10,1,2
5/18/2026,12/16/2001,SO92109,274,25193,2,1,2
5/18/2026,10/9/2004,SO92109,385,25193,2,2,2
7/12/2026,4/9/2002,SO92110,583,23709,4,1,1
4/7/2026,12/12/2002,SO92111,426,28273,4,1,2
4/7/2026,11/27/2004,SO92111,476,28273,4,2,1
2/28/2026,12/17/2002,SO92112,557,29237,8,1,1
5/28/2026,11/26/2003,SO92113,539,16708,4,1,2
4/14/2026,12/6/2001,SO92114,498,11071,2,1,1
4/14/2026,5/6/2003,SO92114,452,11071,2,2,2
6/27/2026,5/24/2001,SO92115,238,16496,10,1,3
6/5/2026,5/30/2003,SO92116,256,26597,9,1,2
1/6/2026,1/26/2001,SO92117,519,15984,6,1,3
1/6/2026,11/1/2001,SO92117,478,15984,6,2,2
9/11/2026,10/17/2002,SO92118,503,26126,1,1,1
4/19/2026,10/16/2002,SO92119,528,22958,1,1,1
4/19/2026,6/15/2002,SO92119,259,22958,1,2,2
12/27/2026,7/13/2001,SO92120,354,26804,9,1,1
12/27/2026,4/9/2001,SO92120,539,26804,9,2,1
8/6/2026,9/19/2001,SO92121,451,21093,8,1,2
6/4/2026,10/7/2002,SO92122,552,25995,8,1,1
4/30/2026,11/11/2001,SO92123,581,16290,9,1,2
1/28/2026,7/12/2002,SO92124,393,15323,6,1,1
1/28/2026,11/8/2003,SO92125,505,20706,2,1,2
1/15/2026,2/24/2004,SO92126,486,16009,6,1,1
2/26/2026,2/1/2001,SO92127,457,29361,7,1,2
2/26/2026,12/15/2002,SO92127,314,29361,7,2,1
1/10/2026,11/30/2001,SO92128,450,20235,10,1,1
7/28/2026,5/25/2002,SO92129,344,12946,3,1,1
12/12/2026,9/8/2001,SO92130,334,22292,9,1,1
11/3/2026,7/4/2003,SO92131,452,26337,8,1,2
9/23/2026,8/3/2004,SO92132,437,24465,8,1,3
12/3/2026,11/18/2002,SO92133,410,23248,7,1,1
2/19/2026,6/6/2001,SO92134,414,14608,6,1,2
3/9/2026,1/16/2002,SO92135,366,19475,1,1,2
9/26/2026,1/12/2001,SO92136,266,16916,3,1,1
7/15/2026,8/7/2003,SO92137,587,24709,6,1,1
3/3/2026,9/27/2004,SO92138,593,26921,8,1,1
2/18/2026,6/30/2003,SO92139,371,24325,5,1,1
3/23/2026,11/8/2001,SO92140,458,17591,5,1,1
5/3/2026,1/27/2004,SO92141,532,28956,6,1,1
4/24/2026,3/7/2001,SO92142,472,25769,9,1,1
6/26/2026,2/19/2001,SO92143,345,26525,9,1,1
1/19/2026,4/10/2001,SO92144,551,22624,5,1,1
5/28/2026,12/9/2004,SO92145,360,17769,1,1,2
10/29/2026,3/3/2001,SO92146,479,28598,9,1,1
10/24/2026,2/7/2003,SO92147,311,26595,9,1,2
9/6/2026,3/6/2003,SO92148,475,23488,4,1,1
1/12/2026,2/3/2004,SO92149,464,11044,8,1,1
8/12/2026,6/25/2004,SO92150,426,28584,3,1,1
6/7/2026,8/19/2002,SO92151,543,13640,5,1,3
1/31/2026,10/4/2002,SO92152,405,26295,4,1,1
4/2/2026,9/29/2003,SO92153,268,23148,5,1,2
11/3/2026,12/24/2004,SO92154,371,15035,5,1,1
5/1/2026,6/27/2002,SO92155,336,18343,3,1,1
10/20/2026,11/18/2003,SO92156,490,25510,6,1,1
7/14/2026,7/1/2003,SO92157,413,26639,2,1,2
7/24/2026,12/13/2004,SO92158,596,24702,6,1,1
1/31/2026,7/31/2002,SO92159,293,11903,5,1,1
12/28/2026,9/19/2003,SO92160,426,26206,9,1,1
11/11/2026,11/22/2004,SO92161,314,24302,5,1,1
11/11/2026,3/18/2004,SO92161,320,24302,5,2,1
10/7/2026,9/27/2004,SO92162,338,16117,6,1,1
4/21/2026,8/16/2001,SO92163,435,23738,5,1,2
5/13/2026,9/21/2003,SO92164,247,29198,4,1,2
1/10/2026,12/15/2001,SO92165,499,17471,4,1,1
7/8/2026,5/22/2004,SO92166,531,15669,6,1,1
7/8/2026,2/28/2001,SO92166,550,15669,6,2,1
1/28/2026,3/17/2004,SO92167,468,25785,3,1,1
1/28/2026,4/15/2003,SO92167,450,25785,3,2,2
3/5/2026,1/27/2004,SO92168,496,12679,6,1,1
2/25/2026,10/1/2003,SO92169,523,15017,4,1,1
9/9/2026,8/30/2004,SO92170,521,24960,8,1,1
4/30/2026,11/15/2002,SO92171,342,22708,5,1,1
7/19/2026,5/5/2002,SO92172,526,22830,2,1,1
7/19/2026,1/11/2002,SO92172,223,22830,2,2,1
1/28/2026,8/26/2003,SO92173,401,27825,5,1,1
11/29/2026,4/9/2001,SO92174,377,19882,5,1,1
10/21/2026,12/31/2003,SO92175,579,24652,4,1,3
11/12/2026,4/8/2002,SO92176,480,20019,2,1,1
11/12/2026,11/16/2003,SO92176,569,20019,2,2,1
11/12/2026,12/15/2001,SO92176,413,20019,2,3,1
8/23/2026,3/26/2002,SO92177,474,23704,9,1,1
11/9/2026,6/9/2001,SO92178,588,20633,2,1,1
3/22/2026,9/6/2001,SO92179,439,21318,7,1,1
5/24/2026,10/17/2002,SO92180,459,13957,3,1,2
6/25/2026,4/16/2003,SO92181,468,11502,9,1,2
6/25/2026,3/28/2001,SO92181,313,11502,9,2,2
6/20/2026,3/19/2004,SO92182,394,13662,10,1,2
4/20/2026,8/23/2004,SO92183,498,22775,3,1,1
4/20/2026,12/11/2002,SO92183,238,22775,3,2,1
6/23/2026,3/3/2001,SO92184,292,13755,5,1,1
11/6/2026,10/23/2002,SO92185,493,26463,7,1,2
11/6/2026,6/20/2002,SO92185,524,26463,7,2,2
8/27/2026,8/11/2003,SO92186,474,26508,4,1,2
6/5/2026,6/7/2004,SO92187,566,14362,1,1,2
6/12/2026,8/6/2002,SO92188,487,20515,7,1,3
9/23/2026,11/18/2004,SO92189,421,21582,7,1,2
11/30/2026,7/15/2004,SO92190,453,24335,9,1,2
8/23/2026,3/4/2002,SO92191,493,27895,10,1,1
12/17/2026,12/5/2003,SO92192,600,25412,5,1,1
1/19/2026,4/1/2004,SO92193,464,19703,8,1,1
7/28/2026,5/23/2001,SO92194,215,23319,3,1,2
10/16/2026,9/11/2004,SO92195,583,18196,5,1,3
1/9/2026,4/14/2002,SO92196,573,16475,4,1,1
6/15/2026,4/26/2003,SO92197,576,14692,10,1,3
1/5/2026,6/10/2003,SO92198,419,29130,7,1,2
5/9/2026,7/15/2002,SO92199,504,28469,6,1,1
3/31/2026,6/17/2004,SO92200,250,19895,6,1,1
11/25/2026,2/7/2002,SO92201,586,28292,1,1,2
9/25/2026,2/11/2004,SO92202,429,26235,4,1,1
4/15/2026,8/8/2002,SO92203,502,15417,2,1,1
3/12/2026,2/3/2002,SO92204,330,12972,6,1,3
6/9/2026,11/15/2001,SO92205,578,19505,8,1,1
1/26/2026,11/22/2001,SO92206,304,19046,6,1,2
6/5/2026,4/24/2002,SO92207,328,23413,7,1,2
6/5/2026,4/8/2002,SO92207,551,23413,7,2,1
6/5/2026,5/12/2003,SO92207,560,23413,7,3,1
1/2/2026,1/19/2004,SO92208,598,17908,9,1,2
6/18/2026,12/19/2004,SO92209,577,19308,1,1,1
4/8/2026,7/15/2001,SO92210,544,27521,3,1,1
9/6/2026,1/18/2004,SO92211,554,14430,10,1,1
5/21/2026,10/17/2001,SO92212,540,28462,3,1,1
5/21/2026,8/28/2001,SO92212,393,28462,3,2,1
5/30/2026,6/8/2004,SO92213,502,21665,4,1,1
5/30/2026,3/30/2004,SO92213,326,21665,4,2,3
5/30/2026,6/11/2003,SO92213,484,21665,4,3,1
6/1/2026,8/26/2002,SO92214,594,22859,10,1,1
2/25/2026,6/27/2001,SO92215,253,14450,10,1,1
5/8/2026,9/15/2002,SO92216,391,28064,3,1,2
5/8/2026,4/8/2002,SO92216,578,28064,3,2,2
7/22/2026,10/20/2003,SO92217,481,21027,1,1,2
3/20/2026,10/17/2002,SO92218,375,20070,9,1,2
2/3/2026,8/12/2002,SO92219,354,23367,5,1,1
8/23/2026,9/1/2002,SO92220,595,23965,7,1,2
8/11/2026,2/15/2001,SO92221,345,12076,2,1,1
1/16/2026,8/27/2002,SO92222,567,11564,6,1,1
4/9/2026,12/19/2004,SO92223,536,25372,9,1,2
4/9/2026,2/26/2002,SO92223,395,25372,9,2,1
8/1/2026,11/11/2001,SO92224,469,26945,7,1,1
8/1/2026,7/2/2003,SO92224,352,26945,7,2,2
3/8/2026,8/21/2001,SO92225,391,15107,7,1,1
5/22/2026,5/7/2002,SO92226,532,14200,8,1,2
3/2/2026,10/15/2004,SO92227,538,12899,3,1,1
1/19/2026,11/21/2003,SO92228,568,12408,6,1,1
11/13/2026,5/15/2001,SO92229,274,15129,8,1,3
3/5/2026,2/3/2003,SO92230,334,18729,1,1,1
4/1/2026,10/4/2002,SO92231,387,15661,9,1,2
1/26/2026,12/21/2003,SO92232,495,26015,7,1,2
1/26/2026,8/26/2003,SO92232,275,26015,7,2,1
9/1/2026,6/14/2004,SO92233,322,11982,6,1,2
10/21/2026,8/30/2004,SO92234,469,14112,10,1,2
2/20/2026,10/19/2002,SO92235,563,17409,1,1,2
7/11/2026,3/20/2002,SO92236,490,20020,2,1,2
11/27/2026,10/17/2002,SO92237,487,21242,9,1,1
11/26/2026,7/31/2004,SO92238,518,23409,6,1,1
3/5/2026,11/15/2002,SO92239,560,12427,5,1,2
3/9/2026,5/20/2004,SO92240,567,25759,3,1,1
7/19/2026,1/28/2004,SO92241,492,16570,2,1,2
5/25/2026,10/11/2001,SO92242,296,21284,8,1,1
4/30/2026,3/13/2001,SO92243,528,27991,6,1,1
4/30/2026,9/9/2001,SO92243,232,27991,6,2,1
4/30/2026,8/22/2004,SO92243,241,27991,6,3,1
5/17/2026,10/26/2004,SO92244,455,25372,1,1,2
11/27/2026,3/20/2003,SO92245,318,18388,5,1,1
6/23/2026,5/14/2003,SO92246,399,27122,6,1,1
10/21/2026,9/12/2002,SO92247,367,27925,2,1,1
2/13/2026,12/29/2003,SO92248,349,24446,2,1,2
1/23/2026,5/22/2004,SO92249,383,25481,2,1,3
12/28/2026,10/17/2003,SO92250,538,28173,8,1,3
12/28/2026,2/7/2002,SO92250,496,28173,8,2,1
11/19/2026,10/4/2001,SO92251,366,14909,7,1,2
11/30/2026,2/10/2003,SO92252,425,19794,7,1,1
7/24/2026,7/26/2001,SO92253,483,15871,7,1,1
2/15/2026,3/31/2002,SO92254,427,19936,2,1,1
8/16/2026,5/31/2004,SO92255,468,16262,6,1,2
4/8/2026,6/5/2004,SO92256,279,14260,1,1,1
8/1/2026,10/2/2004,SO92257,352,19218,6,1,1
8/6/2026,1/31/2004,SO92258,492,25010,9,1,3
9/12/2026,9/8/2003,SO92259,409,22182,1,1,1
9/12/2026,1/12/2002,SO92259,352,22182,1,2,1
6/29/2026,5/20/2004,SO92260,247,29238,3,1,1
9/24/2026,7/17/2002,SO92261,461,27525,6,1,1
7/20/2026,2/14/2002,SO92262,577,12978,1,1,1
10/8/2026,11/3/2004,SO92263,589,15209,10,1,1
10/8/2026,12/21/2003,SO92263,319,15209,10,2,2
10/24/2026,11/13/2003,SO92264,319,20708,2,1,2
5/1/2026,11/10/2003,SO92265,405,11942,5,1,2
8/26/2026,4/13/2001,SO92266,276,24883,4,1,2
7/16/2026,11/22/2004,SO92267,469,25398,3,1,2
6/5/2026,7/26/2002,SO92268,420,17946,2,1,1
11/22/2026,3/4/2001,SO92269,272,21402,10,1,2
11/22/2026,5/1/2004,SO92269,597,21402,10,2,1
11/22/2026,1/19/2001,SO92269,307,21402,10,3,2
10/22/2026,8/22/2004,SO92270,576,22294,5,1,1
10/22/2026,11/2/2004,SO92270,593,22294,5,2,1
6/4/2026,7/17/2004,SO92271,391,22979,2,1,2
2/8/2026,7/10/2001,SO92272,516,18249,9,1,1
2/21/2026,4/26/2002,SO92273,484,16988,3,1,1
2/21/2026,9/20/2003,SO92273,395,16988,3,2,3
2/21/2026,10/6/2002,SO92273,259,16988,3,3,1
11/16/2026,1/9/2004,SO92274,489,24311,5,1,1
7/19/2026,2/7/2002,SO92275,585,19128,2,1,2
7/19/2026,7/8/2002,SO92275,472,19128,2,2,2
12/19/2026,11/22/2004,SO92276,543,18267,5,1,3
10/22/2026,5/27/2002,SO92277,454,17217,1,1,2
5/29/2026,1/22/2004,SO92278,330,12509,9,1,1
1/27/2026,5/10/2002,SO92279,356,28297,10,1,1
5/3/2026,10/21/2004,SO92280,501,13613,7,1,1
3/30/2026,3/8/2003,SO92281,604,24591,9,1,1
7/9/2026,4/15/2001,SO92282,586,27860,6,1,2
9/2/2026,5/16/2001,SO92283,527,13001,4,1,2
1/30/2026,5/24/2004,SO92284,602,28947,10,1,3
12/16/2026,10/29/2002,SO92285,593,13475,6,1,1
8/18/2026,10/11/2002,SO92286,365,15312,5,1,3
4/1/2026,9/18/2001,SO92287,275,29112,4,1,2
7/24/2026,12/2/2003,SO92288,296,16332,1,1,1
10/20/2026,5/10/2002,SO92289,532,23277,9,1,1
2/4/2026,10/30/2002,SO92290,558,24068,10,1,2
9/1/2026,12/28/2004,SO92291,497,20310,10,1,2
9/1/2026,6/6/2003,SO92291,544,20310,10,2,2
11/5/2026,2/5/2004,SO92292,480,17216,1,1,1
2/16/2026,1/20/2003,SO92293,583,27027,5,1,1
2/16/2026,9/7/2004,SO92293,547,27027,5,2,1
8/26/2026,3/29/2001,SO92294,459,27282,4,1,1
4/4/2026,6/21/2001,SO92295,567,22197,10,1,1
6/2/2026,5/15/2002,SO92296,328,23026,5,1,2
6/11/2026,10/21/2001,SO92297,403,28748,4,1,2
2/28/2026,9/28/2001,SO92298,410,12682,9,1,1
1/16/2026,12/16/2001,SO92299,509,28556,4,1,1
6/27/2026,4/29/2004,SO92300,356,13332,3,1,2
5/5/2026,8/26/2003,SO92301,476,24550,2,1,1
8/20/2026,8/5/2001,SO92302,387,14811,3,1,1
3/29/2026,7/2/2003,SO92303,551,13438,9,1,1
9/16/2026,1/17/2002,SO92304,399,25543,6,1,3
9/8/2026,5/20/2004,SO92305,575,27216,3,1,1
8/6/2026,9/6/2002,SO92306,542,13251,7,1,2
2/5/2026,6/4/2001,SO92307,338,25935,8,1,1
2/5/2026,9/30/2001,SO92307,554,25935,8,2,1
3/13/2026,7/29/2001,SO92308,220,12476,6,1,1
3/13/2026,11/5/2001,SO92308,590,12476,6,2,1
5/10/2026,1/20/2003,SO92309,535,24558,7,1,2
5/10/2026,11/9/2003,SO92309,433,24558,7,2,1
10/6/2026,8/25/2004,SO92310,338,21003,3,1,1
12/7/2026,7/2/2002,SO92311,511,15484,5,1,2
6/26/2026,8/2/2002,SO92312,250,11233,1,1,1
7/23/2026,5/24/2004,SO92313,348,12798,6,1,2
12/29/2026,1/11/2004,SO92314,605,14784,5,1,3
3/31/2026,5/26/2004,SO92315,511,14301,8,1,2
5/26/2026,11/18/2002,SO92316,472,20521,7,1,1
8/17/2026,5/13/2003,SO92317,578,22417,8,1,2
11/10/2026,6/20/2004,SO92318,527,25894,7,1,1
11/7/2026,3/7/2004,SO92319,584,14562,1,1,2
6/13/2026,12/11/2003,SO92320,462,19242,8,1,2
5/23/2026,4/1/2001,SO92321,581,27728,10,1,2
5/23/2026,5/17/2001,SO92321,529,27728,10,2,1
5/23/2026,5/5/2002,SO92321,577,27728,10,3,2
6/27/2026,2/13/2002,SO92322,564,20898,3,1,3
6/27/2026,8/13/2003,SO92322,278,20898,3,2,1
8/27/2026,3/30/2002,SO92323,262,14454,2,1,1
8/27/2026,8/1/2002,SO92323,529,14454,2,2,1
8/27/2026,10/21/2004,SO92323,368,14454,2,3,1
8/2/2026,5/1/2004,SO92324,491,12133,6,1,2
8/2/2026,6/10/2001,SO92324,427,12133,6,2,3
2/23/2026,6/24/2001,SO92325,427,14090,4,1,1
2/23/2026,5/27/2003,SO92325,511,14090,4,2,1
11/30/2026,5/27/2003,SO92326,439,14967,5,1,2
7/28/2026,1/5/2004,SO92327,508,24489,10,1,1
8/1/2026,6/18/2001,SO92328,316,28783,5,1,2
8/1/2026,5/1/2002,SO92328,489,28783,5,2,2
4/23/2026,8/20/2002,SO92329,534,12956,8,1,1
4/23/2026,10/19/2002,SO92329,502,12956,8,2,1
12/30/2026,8/8/2002,SO92330,415,11535,4,1,3
4/24/2026,5/15/2002,SO92331,497,16907,9,1,1
5/7/2026,10/17/2001,SO92332,544,22999,2,1,1
5/7/2026,3/25/2003,SO92332,493,22999,2,2,1
5/7/2026,11/28/2001,SO92332,588,22999,2,3,1
4/11/2026,7/5/2003,SO92333,540,15836,9,1,1
9/13/2026,11/21/2002,SO92334,422,28407,3,1,2
3/28/2026,11/24/2002,SO92335,524,13624,4,1,2
2/9/2026,6/13/2001,SO92336,535,14577,1,1,1
3/23/2026,1/15/2003,SO92337,439,11097,3,1,2
3/23/2026,12/23/2004,SO92337,553,11097,3,2,1
11/24/2026,11/23/2001,SO92338,423,25682,6,1,1
6/27/2026,4/9/2001,SO92339,595,28122,1,1,1
6/27/2026,10/23/2004,SO92339,370,28122,1,2,1
3/27/2026,1/17/2001,SO92340,445,27157,6,1,1
10/10/2026,3/24/2003,SO92341,554,18349,3,1,2
10/10/2026,12/27/2004,SO92341,591,18349,3,2,1
10/10/2026,10/19/2004,SO92341,525,18349,3,3,1
8/3/2026,8/3/2002,SO92342,590,22071,1,1,1
4/16/2026,1/20/2002,SO92343,580,17976,9,1,1
3/9/2026,10/16/2004,SO92344,550,13415,4,1,1
1/3/2026,2/4/2001,SO92345,573,21860,9,1,2
5/28/2026,6/22/2001,SO92346,503,13508,5,1,1
5/28/2026,1/14/2004,SO92346,474,13508,5,2,1
1/11/2026,7/25/2002,SO92347,365,18630,2,1,1
3/28/2026,10/13/2002,SO92348,462,20214,10,1,2
4/24/2026,1/25/2004,SO92349,345,25663,7,1,1
4/24/2026,3/22/2001,SO92349,505,25663,7,2,2
12/7/2026,1/21/2003,SO92350,455,22398,8,1,2
2/9/2026,1/29/2002,SO92351,424,25711,9,1,2
7/15/2026,12/18/2002,SO92352,566,13684,4,1,3
5/8/2026,7/26/2002,SO92353,571,26345,7,1,1
6/13/2026,12/24/2003,SO92354,219,24895,2,1,2
5/23/2026,11/30/2004,SO92355,385,24311,6,1,1
3/22/2026,4/18/2001,SO92356,397,27693,3,1,1
3/22/2026,7/26/2003,SO92356,412,27693,3,2,2
2/25/2026,7/4/2004,SO92357,578,29199,5,1,1
6/4/2026,12/1/2004,SO92358,368,26278,2,1,3
8/21/2026,2/4/2001,SO92359,313,26758,6,1,1
1/4/2026,10/28/2001,SO92360,419,28169,7,1,2
2/6/2026,2/13/2002,SO92361,600,11390,8,1,1
11/12/2026,1/14/2002,SO92362,523,28745,6,1,1
10/7/2026,11/3/2001,SO92363,437,25736,1,1,1
5/8/2026,1/28/2001,SO92364,491,15696,8,1,2
5/20/2026,12/24/2001,SO92365,315,15261,6,1,1
1/18/2026,7/25/2002,SO92366,460,23900,10,1,1
9/2/2026,8/7/2002,SO92367,482,25076,4,1,1
11/22/2026,11/20/2003,SO92368,219,14040,6,1,2
2/12/2026,11/17/2003,SO92369,428,23279,6,1,2
2/12/2026,8/29/2004,SO92369,536,23279,6,2,2
4/9/2026,9/16/2001,SO92370,342,27032,9,1,1
4/9/2026,6/28/2003,SO92370,596,27032,9,2,1
4/11/2026,5/23/2002,SO92371,369,20505,9,1,1
2/17/2026,4/15/2004,SO92372,453,14994,4,1,1
11/9/2026,10/24/2003,SO92373,218,24904,5,1,2
8/1/2026,10/7/2004,SO92374,350,20742,10,1,1
1/8/2026,10/31/2001,SO92375,462,18996,7,1,3
12/29/2026,12/6/2004,SO92376,506,12635,8,1,1
4/16/2026,8/9/2004,SO92377,414,17803,3,1,1
2/13/2026,11/20/2002,SO92378,461,25393,5,1,1
2/7/2026,4/30/2001,SO92379,603,29431,3,1,1
1/14/2026,3/2/2003,SO92380,445,18210,4,1,2
2/22/2026,6/10/2002,SO92381,345,22813,7,1,2
2/22/2026,12/9/2003,SO92381,368,22813,7,2,1
12/14/2026,9/29/2001,SO92382,450,20593,2,1,2
8/8/2026,7/28/2002,SO92383,285,15400,9,1,1
8/8/2026,8/27/2001,SO92383,262,15400,9,2,2
8/8/2026,1/19/2001,SO92383,314,15400,9,3,1
10/2/2026,7/12/2002,SO92384,375,28944,10,1,2
9/6/2026,9/25/2002,SO92385,598,21188,5,1,2
9/6/2026,7/27/2001,SO92385,405,21188,5,2,2
9/6/2026,9/22/2003,SO92385,392,21188,5,3,1
2/16/2026,11/24/2003,SO92386,483,20008,3,1,1
4/11/2026,5/8/2001,SO92387,226,20776,1,1,1
4/2/2026,2/23/2003,SO92388,264,24946,2,1,1
4/2/2026,3/17/2004,SO92388,345,24946,2,2,1
4/2/2026,10/29/2003,SO92388,515,24946,2,3,1
11/22/2026,4/10/2001,SO92389,316,25279,3,1,2
10/10/2026,12/15/2003,SO92390,311,25810,1,1,3
1/5/2026,2/12/2004,SO92391,291,15572,1,1,2
11/14/2026,7/5/2002,SO92392,521,19131,9,1,1
1/14/2026,7/31/2001,SO92393,596,14805,10,1,1
4/20/2026,6/27/2003,SO92394,559,15793,8,1,2
6/6/2026,4/8/2001,SO92395,499,14250,1,1,2
12/9/2026,5/25/2003,SO92396,214,26870,10,1,1
2/25/2026,4/2/2004,SO92397,414,22816,9,1,1
2/2/2026,8/24/2003,SO92398,362,27423,9,1,1
8/24/2026,2/10/2003,SO92399,469,24629,10,1,3
9/5/2026,2/24/2004,SO92400,407,19243,10,1,2
12/12/2026,7/8/2004,SO92401,452,11428,6,1,1
2/8/2026,8/11/2003,SO92402,454,22390,10,1,2
2/22/2026,4/16/2003,SO92403,583,17512,2,1,1
4/23/2026,3/30/2003,SO92404,590,12741,9,1,2
1/11/2026,3/30/2002,SO92405,439,15751,9,1,2
8/9/2026,10/14/2001,SO92406,370,18019,4,1,2
4/27/2026,1/16/2004,SO92407,585,17156,1,1,2
4/27/2026,2/14/2004,SO92407,313,17156,1,2,1
7/9/2026,3/22/2002,SO92408,563,20659,4,1,1
7/9/2026,6/4/2004,SO92408,413,20659,4,2,1
4/15/2026,2/10/2004,SO92409,517,12724,10,1,2
1/11/2026,5/28/2001,SO92410,600,16327,6,1,2
1/11/2026,12/13/2001,SO92410,453,16327,6,2,2
6/21/2026,3/4/2002,SO92411,454,26604,3,1,1
3/20/2026,3/2/2001,SO92412,350,28952,8,1,2
3/9/2026,2/22/2002,SO92413,526,13457,1,1,2
9/27/2026,8/25/2003,SO92414,401,13494,3,1,1
3/19/2026,2/9/2004,SO92415,480,29255,4,1,2
2/20/2026,2/8/2003,SO92416,220,23005,9,1,2
2/9/2026,7/1/2003,SO92417,346,26262,8,1,1
2/7/2026,7/2/2004,SO92418,531,14638,10,1,2
1/9/2026,11/20/2004,SO92419,462,21913,1,1,2
12/17/2026,10/27/2001,SO92420,364,25705,10,1,2
12/17/2026,3/31/2004,SO92420,471,25705,10,2,2
5/26/2026,8/12/2004,SO92421,268,24925,5,1,2
7/14/2026,2/1/2004,SO92422,590,20317,4,1,2
10/27/2026,11/19/2001,SO92423,499,28046,9,1,1
7/22/2026,11/20/2003,SO92424,604,13871,3,1,2
10/1/2026,3/11/2001,SO92425,292,13228,2,1,1
10/1/2026,10/28/2004,SO92425,446,13228,2,2,1
9/15/2026,1/24/2002,SO92426,524,12482,1,1,2
9/15/2026,5/29/2003,SO92426,276,12482,1,2,1
5/11/2026,2/20/2003,SO92427,546,12632,7,1,1
8/24/2026,4/1/2001,SO92428,425,26967,9,1,1
4/19/2026,5/10/2001,SO92429,568,28440,6,1,2
8/28/2026,2/25/2003,SO92430,550,17466,6,1,2
10/16/2026,1/18/2004,SO92431,318,17835,7,1,2
2/14/2026,9/23/2003,SO92432,317,18955,10,1,2
11/2/2026,10/20/2003,SO92433,441,14462,1,1,2
8/3/2026,1/12/2002,SO92434,441,13634,7,1,2
12/29/2026,11/7/2004,SO92435,304,14106,3,1,1
10/24/2026,9/22/2001,SO92436,419,11763,3,1,1
9/30/2026,2/20/2004,SO92437,393,25383,9,1,1
3/26/2026,3/13/2004,SO92438,250,25354,10,1,1
7/7/2026,4/12/2004,SO92439,543,18344,9,1,2
5/22/2026,10/28/2002,SO92440,344,11536,2,1,1
1/30/2026,10/29/2004,SO92441,367,12798,9,1,2
1/30/2026,5/3/2003,SO92441,416,12798,9,2,3
1/26/2026,4/12/2002,SO92442,425,23407,1,1,2
7/7/2026,11/13/2002,SO92443,554,15829,8,1,1
8/20/2026,11/21/2002,SO92444,504,17393,3,1,1
4/2/2026,5/3/2003,SO92445,569,12525,6,1,1
2/24/2026,1/30/2003,SO92446,371,17266,2,1,2
9/10/2026,1/7/2004,SO92447,572,12207,5,1,1
12/19/2026,1/27/2003,SO92448,488,17541,3,1,1
2/13/2026,5/1/2003,SO92449,576,27271,10,1,1
6/30/2026,2/14/2001,SO92450,296,17328,9,1,2
6/30/2026,10/3/2003,SO92450,401,17328,9,2,1
7/14/2026,12/8/2004,SO92451,460,27511,9,1,2
1/6/2026,6/7/2002,SO92452,603,11491,8,1,1
6/17/2026,2/25/2001,SO92453,423,27026,10,1,1
5/6/2026,8/26/2003,SO92454,582,13480,9,1,3
6/8/2026,8/29/2004,SO92455,517,21823,8,1,2
2/3/2026,1/28/2002,SO92456,278,15703,9,1,1
3/8/2026,7/5/2003,SO92457,328,19065,10,1,2
8/15/2026,2/3/2003,SO92458,415,12690,7,1,1
7/10/2026,1/31/2003,SO92459,396,14769,6,1,2
7/10/2026,6/11/2004,SO92459,352,14769,6,2,1
7/10/2026,11/4/2004,SO92459,381,14769,6,3,2
4/19/2026,2/8/2003,SO92460,497,16020,4,1,1
10/4/2026,1/9/2002,SO92461,219,15260,2,1,2
10/4/2026,3/31/2004,SO92461,319,15260,2,2,2
10/4/2026,12/24/2001,SO92461,241,15260,2,3,2
10/13/2026,3/22/2002,SO92462,573,22538,3,1,1
2/6/2026,1/27/2004,SO92463,592,15823,4,1,1
8/5/2026,1/30/2004,SO92464,358,15825,6,1,1
8/5/2026,4/7/2004,SO92464,558,15825,6,2,2
8/5/2026,12/6/2003,SO92464,585,15825,6,3,1
10/19/2026,7/12/2003,SO92465,367,23477,2,1,1
8/25/2026,4/28/2003,SO92466,589,13234,10,1,1
3/25/2026,12/4/2004,SO92467,536,18327,9,1,1
3/25/2026,3/16/2003,SO92467,530,18327,9,2,1
4/12/2026,7/6/2002,SO92468,496,17869,9,1,1
6/21/2026,5/11/2002,SO92469,316,26779,2,1,2
6/21/2026,4/15/2004,SO92469,241,26779,2,2,1
8/9/2026,4/2/2002,SO92470,441,27224,9,1,1
8/9/2026,8/20/2003,SO92470,601,27224,9,2,1
12/12/2026,12/28/2004,SO92471,315,23319,2,1,2
6/8/2026,9/10/2001,SO92472,570,20203,3,1,2
7/1/2026,1/10/2003,SO92473,394,22341,2,1,3
1/17/2026,5/2/2003,SO92474,532,23459,2,1,1
12/2/2026,7/25/2001,SO92475,531,11443,1,1,2
12/2/2026,1/9/2002,SO92475,369,11443,1,2,2
3/2/2026,5/23/2001,SO92476,576,15044,7,1,1
1/29/2026,2/8/2003,SO92477,447,12560,8,1,1
1/29/2026,9/6/2003,SO92477,360,12560,8,2,1
6/10/2026,2/28/2003,SO92478,518,11812,5,1,1
11/19/2026,12/27/2003,SO92479,554,29013,9,1,2
8/16/2026,11/25/2001,SO92480,531,16099,7,1,1
3/19/2026,8/13/2002,SO92481,527,26500,10,1,1
3/19/2026,6/16/2004,SO92481,405,26500,10,2,1
3/19/2026,2/10/2001,SO92481,219,26500,10,3,2
9/18/2026,6/22/2003,SO92482,515,29267,3,1,1
4/21/2026,6/21/2004,SO92483,597,11099,9,1,2
7/8/2026,9/18/2001,SO92484,264,21521,3,1,2
4/23/2026,7/26/2004,SO92485,507,17690,4,1,2
12/11/2026,5/22/2004,SO92486,282,12938,1,1,2
8/12/2026,12/19/2003,SO92487,548,17457,7,1,1
4/12/2026,2/15/2003,SO92488,533,12689,4,1,1
9/29/2026,1/9/2003,SO92489,424,26743,5,1,1
9/21/2026,3/23/2001,SO92490,516,27580,10,1,1
8/30/2026,2/22/2004,SO92491,481,21325,1,1,2
10/14/2026,3/19/2003,SO92492,481,18785,2,1,2
9/22/2026,7/16/2001,SO92493,574,18864,8,1,2
11/25/2026,12/20/2002,SO92494,232,18079,4,1,1
1/17/2026,2/1/2001,SO92495,342,18891,1,1,1
6/23/2026,11/9/2004,SO92496,524,25655,9,1,1
3/18/2026,5/9/2003,SO92497,401,13714,6,1,1
11/29/2026,10/21/2003,SO92498,521,24710,9,1,3
9/8/2026,7/4/2001,SO92499,345,11087,8,1,2
7/1/2026,12/16/2003,SO92500,558,15551,5,1,3
6/11/2026,7/8/2003,SO92501,555,23949,3,1,2
8/15/2026,3/31/2003,SO92502,349,12817,6,1,2
1/24/2026,3/30/2004,SO92503,389,17234,6,1,1
6/21/2026,2/18/2001,SO92504,274,21488,2,1,1
6/21/2026,9/12/2002,SO92504,332,21488,2,2,2
6/21/2026,4/19/2003,SO92504,426,21488,2,3,1
9/23/2026,4/4/2001,SO92505,429,16913,9,1,2
11/23/2026,9/6/2004,SO92506,498,28387,1,1,1
11/23/2026,1/23/2003,SO92506,401,28387,1,2,1
12/27/2026,1/19/2004,SO92507,533,28363,3,1,2
4/8/2026,10/27/2002,SO92508,516,15995,6,1,2
9/14/2026,10/5/2003,SO92509,485,23777,7,1,1
12/29/2026,9/23/2002,SO92510,481,28639,7,1,2
6/4/2026,11/12/2002,SO92511,541,24213,7,1,2
6/4/2026,8/24/2002,SO92511,422,24213,7,2,1
6/4/2026,2/11/2003,SO92511,495,24213,7,3,1
6/30/2026,11/7/2004,SO92512,580,21404,5,1,1
7/16/2026,1/12/2002,SO92513,497,15115,1,1,1
11/20/2026,12/11/2003,SO92514,576,20302,9,1,2
11/20/2026,11/3/2003,SO92514,471,20302,9,2,2
4/21/2026,9/5/2003,SO92515,593,26627,8,1,2
4/21/2026,1/15/2002,SO92515,519,26627,8,2,1
4/21/2026,12/24/2003,SO92515,399,26627,8,3,2
9/28/2026,11/16/2002,SO92516,244,28424,7,1,1
10/23/2026,5/26/2003,SO92517,505,22901,1,1,1
8/10/2026,9/19/2001,SO92518,577,13069,2,1,2
8/10/2026,6/15/2004,SO92518,485,13069,2,2,1
8/10/2026,1/5/2002,SO92518,423,13069,2,3,2
12/25/2026,9/9/2003,SO92519,497,23303,10,1,1
12/14/2026,12/8/2001,SO92520,379,24573,7,1,2
12/14/2026,9/30/2004,SO92520,241,24573,7,2,1
3/13/2026,11/10/2004,SO92521,220,16334,1,1,1
2/5/2026,9/26/2003,SO92522,405,11424,3,1,2
3/12/2026,8/6/2002,SO92523,516,15656,7,1,1
5/13/2026,4/28/2001,SO92524,445,11809,6,1,3
1/16/2026,12/18/2004,SO92525,605,27068,7,1,1
12/7/2026,1/6/2001,SO92526,253,13863,2,1,2
12/7/2026,4/3/2004,SO92526,279,13863,2,2,1
8/20/2026,7/8/2004,SO92527,455,23377,1,1,2
8/20/2026,3/21/2001,SO92527,350,23377,1,2,2
1/6/2026,12/18/2003,SO92528,330,27018,5,1,1
10/24/2026,6/13/2003,SO92529,433,27817,9,1,2
6/22/2026,7/16/2002,SO92530,551,18908,7,1,1
4/15/2026,5/30/2002,SO92531,543,18320,1,1,3
5/11/2026,5/14/2002,SO92532,399,16283,4,1,1
8/24/2026,10/15/2001,SO92533,266,27436,3,1,2
8/24/2026,4/19/2001,SO92533,433,27436,3,2,1
2/11/2026,2/11/2002,SO92534,330,14858,8,1,1
2/11/2026,4/22/2001,SO92534,560,14858,8,2,2
4/20/2026,11/26/2002,SO92535,456,28066,8,1,2
9/10/2026,11/16/2004,SO92536,576,20343,1,1,2
9/21/2026,12/4/2003,SO92537,561,24665,7,1,1
11/18/2026,9/11/2003,SO92538,550,12820,6,1,2
3/20/2026,3/28/2001,SO92539,474,26505,9,1,2
3/20/2026,2/1/2003,SO92539,457,26505,9,2,2
9/26/2026,3/2/2003,SO92540,324,21821,8,1,1
9/26/2026,9/7/2001,SO92540,310,21821,8,2,1
10/9/2026,6/22/2002,SO92541,441,18488,4,1,1
12/26/2026,6/22/2002,SO92542,530,28716,6,1,1
11/15/2026,12/23/2002,SO92543,606,14374,3,1,1
10/26/2026,9/7/2003,SO92544,338,26915,6,1,2
10/26/2026,8/22/2003,SO92544,326,26915,6,2,1
8/12/2026,5/5/2003,SO92545,423,14325,4,1,1
12/17/2026,6/15/2001,SO92546,396,27599,10,1,1
11/7/2026,4/12/2003,SO92547,559,18762,2,1,2
10/14/2026,4/25/2003,SO92548,411,18841,9,1,1
7/19/2026,9/21/2001,SO92549,486,16516,10,1,1
5/17/2026,4/6/2004,SO92550,570,11425,4,1,2
1/8/2026,11/14/2004,SO92551,381,21590,1,1,1
5/21/2026,5/26/2001,SO92552,319,25876,10,1,1
4/13/2026,8/27/2004,SO92553,510,23399,1,1,1
12/28/2026,11/9/2003,SO92554,597,16867,10,1,2
9/6/2026,3/20/2001,SO92555,316,15173,4,1,1
10/26/2026,10/18/2003,SO92556,285,28471,2,1,2
4/19/2026,5/3/2001,SO92557,318,17378,1,1,1
9/15/2026,12/17/2004,SO92558,555,20194,9,1,1
9/15/2026,11/20/2002,SO92558,541,20194,9,2,2
1/25/2026,4/28/2002,SO92559,449,13914,5,1,1
1/25/2026,5/16/2002,SO92559,223,13914,5,2,1
1/16/2026,3/31/2003,SO92560,347,19135,10,1,2
7/10/2026,1/11/2004,SO92561,416,17344,2,1,1
6/10/2026,9/13/2001,SO92562,509,28595,8,1,1
7/29/2026,11/4/2001,SO92563,525,27228,4,1,1
7/29/2026,4/3/2001,SO92563,313,27228,4,2,2
5/10/2026,9/11/2001,SO92564,506,24462,4,1,1
5/27/2026,12/23/2002,SO92565,368,27215,3,1,2
7/8/2026,9/9/2004,SO92566,508,28119,1,1,1
11/18/2026,9/19/2002,SO92567,446,19948,4,1,1
11/18/2026,6/7/2002,SO92567,330,19948,4,2,3
1/17/2026,11/24/2001,SO92568,332,15930,5,1,2
3/24/2026,9/9/2002,SO92569,571,14024,9,1,3
9/6/2026,3/11/2002,SO92570,326,25904,1,1,2
12/30/2026,3/12/2001,SO92571,488,13502,10,1,1
12/30/2026,1/7/2003,SO92571,429,13502,10,2,1
8/20/2026,5/20/2004,SO92572,391,20463,2,1,1
1/30/2026,12/17/2001,SO92573,437,21610,7,1,1
2/26/2026,3/29/2004,SO92574,559,14521,1,1,1
2/26/2026,7/2/2001,SO92574,334,14521,1,2,1
4/13/2026,7/24/2004,SO92575,426,15357,5,1,2
6/13/2026,2/9/2004,SO92576,532,22486,7,1,1
8/9/2026,4/30/2004,SO92577,447,23024,5,1,2
8/9/2026,3/17/2003,SO92577,487,23024,5,2,2
1/15/2026,11/2/2004,SO92578,548,23445,6,1,2
12/26/2026,10/25/2004,SO92579,394,20328,3,1,1
12/26/2026,3/31/2004,SO92579,316,20328,3,2,3
5/11/2026,8/15/2004,SO92580,238,14841,3,1,1
3/25/2026,6/22/2002,SO92581,268,27245,8,1,2
2/28/2026,5/2/2002,SO92582,279,23147,9,1,2
10/31/2026,2/28/2001,SO92583,316,16319,8,1,1
10/31/2026,11/1/2002,SO92583,307,16319,8,2,1
10/31/2026,9/9/2001,SO92583,596,16319,8,3,1
2/27/2026,8/24/2003,SO92584,480,25036,6,1,1
11/10/2026,1/8/2004,SO92585,379,25665,4,1,2
11/10/2026,5/22/2001,SO92585,545,25665,4,2,1
11/10/2026,4/10/2004,SO92585,220,25665,4,3,1
7/24/2026,1/7/2001,SO92586,587,27654,10,1,2
5/27/2026,7/11/2003,SO92587,588,19535,10,1,1
5/27/2026,6/21/2003,SO92587,279,19535,10,2,1
5/13/2026,3/6/2003,SO92588,554,24533,2,1,1
5/13/2026,11/22/2003,SO92588,421,24533,2,2,1
8/10/2026,4/7/2002,SO92589,244,25712,4,1,2
7/25/2026,3/16/2003,SO92590,509,15010,1,1,1
6/29/2026,3/28/2002,SO92591,495,28906,8,1,1
12/15/2026,4/28/2003,SO92592,366,13079,9,1,2
1/10/2026,10/13/2004,SO92593,461,26812,3,1,1
5/14/2026,4/16/2001,SO92594,391,16543,10,1,1
2/28/2026,7/12/2001,SO92595,554,13332,5,1,2
1/22/2026,8/20/2001,SO92596,279,22090,2,1,1
5/26/2026,6/14/2003,SO92597,330,13624,9,1,1
7/24/2026,1/22/2003,SO92598,250,21788,10,1,2
5/4/2026,12/17/2002,SO92599,540,13441,1,1,1
1/11/2026,12/3/2001,SO92600,232,14320,8,1,1
1/11/2026,7/21/2002,SO92600,443,14320,8,2,2
6/5/2026,6/23/2004,SO92601,377,12867,2,1,1
12/12/2026,1/30/2001,SO92602,569,22840,7,1,1
7/2/2026,7/24/2003,SO92603,417,29372,4,1,1
6/15/2026,2/12/2004,SO92604,572,26832,10,1,1
12/21/2026,1/30/2002,SO92605,358,16552,6,1,2
2/5/2026,11/6/2002,SO92606,396,26604,4,1,1
2/26/2026,11/2/2003,SO92607,367,11942,1,1,2
2/26/2026,7/27/2003,SO92607,235,11942,1,2,1
8/16/2026,10/30/2004,SO92608,514,11112,3,1,1
8/16/2026,2/6/2004,SO92608,373,11112,3,2,1
1/15/2026,2/3/2001,SO92609,573,22263,7,1,1
1/15/2026,5/28/2003,SO92609,419,22263,7,2,1
1/15/2026,12/17/2002,SO92609,605,22263,7,3,2
11/30/2026,6/19/2003,SO92610,509,12734,6,1,2
10/25/2026,2/21/2004,SO92611,573,13442,3,1,2
1/23/2026,12/2/2002,SO92612,356,24424,8,1,1
1/23/2026,3/28/2003,SO92612,377,24424,8,2,1
1/23/2026,8/27/2004,SO92612,461,24424,8,3,1
11/10/2026,5/29/2003,SO92613,293,20100,9,1,1
7/12/2026,1/14/2002,SO92614,314,16259,8,1,1
5/26/2026,6/11/2003,SO92615,497,28869,1,1,1
1/4/2026,10/31/2001,SO92616,545,27493,6,1,1
7/6/2026,8/21/2002,SO92617,448,18206,8,1,2
8/29/2026,10/14/2003,SO92618,340,18807,5,1,1
2/1/2026,12/18/2003,SO92619,492,12042,3,1,2
8/8/2026,4/21/2003,SO92620,488,12521,4,1,1
10/7/2026,11/30/2004,SO92621,497,15773,9,1,2
5/20/2026,2/28/2004,SO92622,276,12930,7,1,2
10/22/2026,4/7/2001,SO92623,342,16413,4,1,2
4/29/2026,5/8/2002,SO92624,574,13580,7,1,1
12/17/2026,2/24/2002,SO92625,247,25439,9,1,2
7/11/2026,5/25/2004,SO92626,532,20680,1,1,1
5/27/2026,10/19/2004,SO92627,387,12170,5,1,2
9/28/2026,10/2/2004,SO92628,282,28382,6,1,1
9/28/2026,5/24/2001,SO92629,538,19684,10,1,1
9/2/2026,8/6/2002,SO92630,416,13675,3,1,1
9/18/2026,11/12/2003,SO92631,603,28078,6,1,2
4/12/2026,11/10/2001,SO92632,585,17393,5,1,1
1/1/2026,5/30/2002,SO92633,471,14015,7,1,1
10/17/2026,2/22/2002,SO92634,350,21920,10,1,2
8/31/2026,11/3/2001,SO92635,268,21965,3,1,1
5/6/2026,3/13/2002,SO92636,365,21155,1,1,2
2/10/2026,8/12/2004,SO92637,518,18006,4,1,1
12/7/2026,6/30/2001,SO92638,540,16373,9,1,1
2/13/2026,1/10/2004,SO92639,475,14015,10,1,2
12/22/2026,8/10/2002,SO92640,433,23027,4,1,1
5/13/2026,10/26/2003,SO92641,334,26973,4,1,1
1/26/2026,4/7/2003,SO92642,393,28613,4,1,2
1/14/2026,2/23/2004,SO92643,457,24716,10,1,1
5/6/2026,8/10/2003,SO92644,345,19822,1,1,1
4/15/2026,12/25/2003,SO92645,259,26590,9,1,2
7/26/2026,4/29/2002,SO92646,487,16146,6,1,1
7/12/2026,1/17/2002,SO92647,485,17059,8,1,1
7/12/2026,3/22/2001,SO92647,425,17059,8,2,2
8/20/2026,10/16/2001,SO92648,385,24439,2,1,2
5/9/2026,3/23/2004,SO92649,320,11570,1,1,1
8/27/2026,1/12/2004,SO92650,565,27585,2,1,2
3/15/2026,6/23/2004,SO92651,545,19485,1,1,1
3/15/2026,2/19/2001,SO92651,536,19485,1,2,1
3/15/2026,5/16/2003,SO92651,525,19485,1,3,1
11/6/2026,8/3/2003,SO92652,566,28416,10,1,1
6/3/2026,7/2/2003,SO92653,421,14463,2,1,1
6/28/2026,8/4/2004,SO92654,606,17025,9,1,1
6/11/2026,1/13/2004,SO92655,532,21795,5,1,1
12/3/2026,7/11/2003,SO92656,393,11652,8,1,1
5/26/2026,1/22/2003,SO92657,496,12764,3,1,2
2/20/2026,1/24/2003,SO92658,345,13733,9,1,2
2/20/2026,11/19/2004,SO92658,410,13733,9,2,1
2/20/2026,9/2/2001,SO92658,487,13733,9,3,1
2/14/2026,4/16/2001,SO92659,492,14079,10,1,2
2/14/2026,4/9/2002,SO92659,560,14079,10,2,2
10/21/2026,4/20/2002,SO92660,520,18971,4,1,1
10/21/2026,8/27/2001,SO92660,591,18971,4,2,1
4/10/2026,3/5/2003,SO92661,464,25688,4,1,2
11/3/2026,4/29/2003,SO92662,405,22389,3,1,1
8/2/2026,2/19/2004,SO92663,461,22330,2,1,1
2/17/2026,8/10/2002,SO92664,553,27847,1,1,2
2/7/2026,6/27/2002,SO92665,594,25177,5,1,1
9/12/2026,11/10/2004,SO92666,520,18202,5,1,1
9/12/2026,9/27/2001,SO92666,511,18202,5,2,3
6/10/2026,1/31/2001,SO92667,315,18214,5,1,2
6/10/2026,3/28/2002,SO92667,489,18214,5,2,1
6/10/2026,10/18/2004,SO92667,423,18214,5,3,2
11/20/2026,2/28/2004,SO92668,419,28779,9,1,2
6/8/2026,11/16/2001,SO92669,241,12354,10,1,2
6/8/2026,3/22/2001,SO92669,223,12354,10,2,1
6/8/2026,4/19/2001,SO92669,455,12354,10,3,2
7/23/2026,3/27/2003,SO92670,454,13435,4,1,1
7/23/2026,4/19/2003,SO92670,393,13435,4,2,2
7/14/2026,11/6/2004,SO92671,547,28317,6,1,2
8/29/2026,7/13/2001,SO92672,456,15718,10,1,1
5/10/2026,6/7/2004,SO92673,535,27853,9,1,3
12/26/2026,1/12/2002,SO92674,358,15116,10,1,1
9/28/2026,9/9/2001,SO92675,370,15336,1,1,2
2/22/2026,8/3/2002,SO92676,424,22877,6,1,3
9/23/2026,1/9/2001,SO92677,379,13906,6,1,2
5/28/2026,7/20/2001,SO92678,373,28556,5,1,2
12/9/2026,2/28/2004,SO92679,285,18572,3,1,1
12/9/2026,1/11/2003,SO92679,574,18572,3,2,1
12/9/2026,6/24/2002,SO92679,320,18572,3,3,1
9/21/2026,8/3/2001,SO92680,370,23860,3,1,1
5/22/2026,2/4/2001,SO92681,526,27281,4,1,1
9/26/2026,5/8/2001,SO92682,449,13113,7,1,2
9/26/2026,2/20/2002,SO92682,536,13113,7,2,1
5/11/2026,7/3/2002,SO92683,515,13118,6,1,3
11/9/2026,11/25/2002,SO92684,443,15609,3,1,1
9/25/2026,10/22/2003,SO92685,534,23907,9,1,1
10/12/2026,11/24/2001,SO92686,278,19902,3,1,2
10/12/2026,7/14/2001,SO92686,360,19902,3,2,1
3/15/2026,12/16/2002,SO92687,474,19488,5,1,3
4/27/2026,11/20/2002,SO92688,514,15480,3,1,2
1/16/2026,1/16/2004,SO92689,562,12836,5,1,2
4/28/2026,12/10/2001,SO92690,566,11443,6,1,1
8/28/2026,3/8/2004,SO92691,340,18548,5,1,2
8/28/2026,10/6/2002,SO92691,498,18548,5,2,1
8/4/2026,7/6/2001,SO92692,576,16747,7,1,1
8/4/2026,4/13/2004,SO92692,468,16747,7,2,2
2/8/2026,8/26/2003,SO92693,368,20073,4,1,1
5/12/2026,9/14/2003,SO92694,520,23906,2,1,1
4/18/2026,4/22/2001,SO92695,232,24463,4,1,2
6/4/2026,1/27/2001,SO92696,564,25988,4,1,1
2/23/2026,7/4/2001,SO92697,570,14709,6,1,1
2/9/2026,9/6/2001,SO92698,595,26729,4,1,1
2/9/2026,11/24/2004,SO92698,527,26729,4,2,1
6/4/2026,10/23/2002,SO92699,425,15520,9,1,2
5/26/2026,3/31/2002,SO92700,299,22938,1,1,1
12/23/2026,1/25/2004,SO92701,431,19757,3,1,2
10/21/2026,6/23/2001,SO92702,272,19580,3,1,1
12/26/2026,5/29/2004,SO92703,461,12778,6,1,1
6/3/2026,8/3/2001,SO92704,262,17359,4,1,1
6/16/2026,7/16/2001,SO92705,552,15804,1,1,3
6/17/2026,3/28/2002,SO92706,501,25923,5,1,2
8/5/2026,11/1/2002,SO92707,458,29275,8,1,2
8/5/2026,1/10/2002,SO92707,367,29275,8,2,1
3/17/2026,11/9/2002,SO92708,484,12177,9,1,1
3/17/2026,9/27/2002,SO92708,597,12177,9,2,1
2/28/2026,5/25/2003,SO92709,520,20248,9,1,1
10/31/2026,10/25/2002,SO92710,407,19832,6,1,1
7/17/2026,8/16/2002,SO92711,587,17688,4,1,1
6/19/2026,4/15/2001,SO92712,330,22772,6,1,1
6/27/2026,3/18/2001,SO92713,542,28222,6,1,1
12/25/2026,1/11/2002,SO92714,296,26480,10,1,1
12/25/2026,8/9/2001,SO92715,346,16994,6,1,1
9/19/2026,3/14/2004,SO92716,411,14660,7,1,2
11/2/2026,12/30/2003,SO92717,266,17825,2,1,1
11/2/2026,12/8/2001,SO92717,499,17825,2,2,2
4/3/2026,5/14/2001,SO92718,567,11176,9,1,1
4/27/2026,4/2/2004,SO92719,566,16394,4,1,1
1/20/2026,12/11/2004,SO92720,507,13114,4,1,2
1/20/2026,6/21/2004,SO92720,460,13114,4,2,1
7/30/2026,4/29/2004,SO92721,569,14300,3,1,2
3/28/2026,9/30/2004,SO92722,490,25601,3,1,2
3/28/2026,6/8/2003,SO92722,299,25601,3,2,1
5/12/2026,11/28/2001,SO92723,527,12913,2,1,1
4/3/2026,6/4/2001,SO92724,571,20784,7,1,2
9/24/2026,12/12/2001,SO92725,446,11222,1,1,2
2/19/2026,11/22/2001,SO92726,471,22111,10,1,1
7/13/2026,8/13/2004,SO92727,403,18357,6,1,2
1/4/2026,10/8/2004,SO92728,259,17061,5,1,3
1/9/2026,8/16/2004,SO92729,441,25204,9,1,1
4/24/2026,4/18/2002,SO92730,551,15312,5,1,1
10/6/2026,11/7/2004,SO92731,493,23097,8,1,1
10/6/2026,11/23/2004,SO92731,270,23097,8,2,1
5/20/2026,2/4/2003,SO92732,597,26069,8,1,1
1/10/2026,3/18/2001,SO92733,348,13297,1,1,2
4/29/2026,10/17/2002,SO92734,405,24842,1,1,3
4/29/2026,7/21/2002,SO92734,316,24842,1,2,1
5/17/2026,3/4/2002,SO92735,401,12025,6,1,1
8/5/2026,2/29/2004,SO92736,385,22646,5,1,2
8/5/2026,3/7/2003,SO92736,368,22646,5,2,1
8/1/2026,12/21/2001,SO92737,500,26211,5,1,1
7/30/2026,10/21/2004,SO92738,546,20497,2,1,1
1/20/2026,10/31/2004,SO92739,417,26532,5,1,2
7/22/2026,7/6/2001,SO92740,567,25414,10,1,2
7/22/2026,10/13/2004,SO92740,593,25414,10,2,1
7/22/2026,11/5/2003,SO92740,581,25414,10,3,2
4/11/2026,11/21/2001,SO92741,235,15680,8,1,3
4/11/2026,8/2/2001,SO92741,299,15680,8,2,1
1/7/2026,12/10/2001,SO92742,567,19770,6,1,1
1/7/2026,11/7/2002,SO92742,307,19770,6,2,1
8/26/2026,5/14/2001,SO92743,551,12237,1,1,1
6/1/2026,8/18/2003,SO92744,292,23398,6,1,2
11/25/2026,3/29/2003,SO92745,584,20335,8,1,3
3/15/2026,2/14/2002,SO92746,364,24485,3,1,1
11/23/2026,1/8/2001,SO92747,270,24290,10,1,1
3/21/2026,1/9/2001,SO92748,451,16859,9,1,1
3/21/2026,5/3/2003,SO92748,368,16859,9,2,1
5/1/2026,6/13/2003,SO92749,485,18861,1,1,1
1/29/2026,1/27/2004,SO92750,471,14742,1,1,3
4/5/2026,12/8/2002,SO92751,544,16658,9,1,2
5/24/2026,4/19/2003,SO92752,300,25459,6,1,1
5/24/2026,8/15/2004,SO92752,256,25459,6,2,1
5/24/2026,3/19/2003,SO92752,566,25459,6,3,2
9/13/2026,2/22/2004,SO92753,561,27310,5,1,1
1/11/2026,3/19/2001,SO92754,466,12074,8,1,1
3/15/2026,11/9/2001,SO92755,595,27546,5,1,1
6/25/2026,2/13/2002,SO92756,537,16535,9,1,1
8/20/2026,8/27/2003,SO92757,414,11479,10,1,3
11/29/2026,9/1/2001,SO92758,494,28810,10,1,1
10/5/2026,5/23/2003,SO92759,598,12575,10,1,2
10/13/2026,2/3/2002,SO92760,568,11684,1,1,2
3/3/2026,12/12/2004,SO92761,557,12277,9,1,1
5/7/2026,10/11/2004,SO92762,601,15840,2,1,1
5/7/2026,12/3/2002,SO92762,577,15840,2,2,1
9/6/2026,1/6/2003,SO92763,417,13844,1,1,1
12/31/2026,5/4/2004,SO92764,296,22158,1,1,1
7/25/2026,10/22/2001,SO92765,555,25086,9,1,2
12/9/2026,5/1/2001,SO92766,278,28332,5,1,1
1/29/2026,9/15/2003,SO92767,549,14163,2,1,2
8/4/2026,2/7/2002,SO92768,521,18655,5,1,1
11/16/2026,8/21/2004,SO92769,364,27652,3,1,1
6/22/2026,12/3/2003,SO92770,419,26516,5,1,2
5/8/2026,4/25/2004,SO92771,491,21857,9,1,2
6/21/2026,3/18/2002,SO92772,530,27315,10,1,2
1/21/2026,9/7/2002,SO92773,421,11689,7,1,1
7/2/2026,1/1/2001,SO92774,304,15116,6,1,1
4/21/2026,6/14/2002,SO92775,533,21639,2,1,1
1/9/2026,12/3/2004,SO92776,423,12120,1,1,1
7/19/2026,10/19/2004,SO92777,494,21146,4,1,1
10/31/2026,2/26/2004,SO92778,596,14632,5,1,1
8/16/2026,4/2/2002,SO92779,344,26427,1,1,2
4/10/2026,4/19/2002,SO92780,399,26589,3,1,1
8/18/2026,6/7/2001,SO92781,543,14424,7,1,1
9/3/2026,6/17/2004,SO92782,551,25982,3,1,2
6/18/2026,5/18/2003,SO92783,365,19781,1,1,2
6/1/2026,4/28/2003,SO92784,539,19708,9,1,2
3/8/2026,4/21/2002,SO92785,409,11400,10,1,2
3/8/2026,3/23/2004,SO92785,285,11400,10,2,1
10/15/2026,1/1/2004,SO92786,241,18144,5,1,2
11/13/2026,9/2/2004,SO92787,389,16769,9,1,1
5/15/2026,5/16/2001,SO92788,507,25549,4,1,1
7/18/2026,1/21/2004,SO92789,485,28059,5,1,2
12/12/2026,12/15/2001,SO92790,223,21365,4,1,2
7/21/2026,3/13/2002,SO92791,480,14493,1,1,3
10/4/2026,9/23/2001,SO92792,532,17420,9,1,1
12/20/2026,6/15/2004,SO92793,342,24927,10,1,1
5/13/2026,6/15/2001,SO92794,451,18365,7,1,3
6/24/2026,1/10/2002,SO92795,530,27060,4,1,2
12/15/2026,4/19/2002,SO92796,507,20068,8,1,2
9/26/2026,7/26/2004,SO92797,278,13823,5,1,2
12/26/2026,1/31/2001,SO92798,275,14519,7,1,1
12/26/2026,9/1/2004,SO92798,241,14519,7,2,2
10/29/2026,6/5/2002,SO92799,449,20372,7,1,1
10/29/2026,1/14/2004,SO92799,354,20372,7,2,1
5/31/2026,5/7/2003,SO92800,409,23164,2,1,1
2/21/2026,4/19/2004,SO92801,599,25721,3,1,1
7/30/2026,6/9/2004,SO92802,512,22914,7,1,2
7/30/2026,5/22/2001,SO92802,536,22914,7,2,2
2/14/2026,9/2/2001,SO92803,481,14790,6,1,1
9/25/2026,5/5/2004,SO92804,603,27080,6,1,3
1/11/2026,2/6/2001,SO92805,572,25307,5,1,2
1/27/2026,5/13/2002,SO92806,377,29450,4,1,1
12/7/2026,12/5/2002,SO92807,540,19309,9,1,1
12/7/2026,2/22/2003,SO92807,391,19309,9,2,1
12/7/2026,11/22/2001,SO92807,342,19309,9,3,3
9/6/2026,6/8/2001,SO92808,548,19811,9,1,1
1/18/2026,4/14/2002,SO92809,425,14686,1,1,2
3/17/2026,7/5/2004,SO92810,291,17267,6,1,2
11/2/2026,9/25/2004,SO92811,499,17994,7,1,1
11/2/2026,12/21/2001,SO92811,276,17994,7,2,1
5/21/2026,9/2/2004,SO92812,409,27981,5,1,1
2/18/2026,7/17/2004,SO92813,508,28226,7,1,2
9/8/2026,6/3/2004,SO92814,474,28920,4,1,1
9/8/2026,4/11/2003,SO92814,570,28920,4,2,1
9/8/2026,7/23/2004,SO92814,560,28920,4,3,1
11/16/2026,12/15/2004,SO92815,439,20215,5,1,1
11/12/2026,12/9/2004,SO92816,494,25340,3,1,2
4/9/2026,2/6/2004,SO92817,250,22961,1,1,1
3/6/2026,7/22/2003,SO92818,383,23690,3,1,1
6/20/2026,5/19/2002,SO92819,274,21021,7,1,1
1/23/2026,10/12/2002,SO92820,478,23953,8,1,2
3/14/2026,10/25/2003,SO92821,311,26968,3,1,3
5/25/2026,3/14/2004,SO92822,601,14538,5,1,1
5/25/2026,6/20/2004,SO92822,264,14538,5,2,2
8/14/2026,6/1/2003,SO92823,307,12127,3,1,1
2/5/2026,7/13/2004,SO92824,424,23929,3,1,1
7/23/2026,4/12/2002,SO92825,525,13675,8,1,1
8/14/2026,12/9/2003,SO92826,557,16857,2,1,1
8/14/2026,4/23/2004,SO92826,493,16857,2,2,1
2/2/2026,10/1/2003,SO92827,443,26015,6,1,1
4/18/2026,4/12/2004,SO92828,563,27862,3,1,1
1/2/2026,9/8/2004,SO92829,488,18238,6,1,1
10/11/2026,5/3/2002,SO92830,587,25007,5,1,1
2/10/2026,3/29/2002,SO92831,401,13329,5,1,2
2/10/2026,9/20/2002,SO92831,285,13329,5,2,1
1/19/2026,9/10/2004,SO92832,517,21293,4,1,1
7/9/2026,4/30/2002,SO92833,244,12670,8,1,2
3/31/2026,8/7/2001,SO92834,478,14488,2,1,1
3/31/2026,2/23/2004,SO92834,585,14488,2,2,2
8/7/2026,5/21/2003,SO92835,570,15470,9,1,2
10/22/2026,12/4/2004,SO92836,226,14026,8,1,3
5/25/2026,4/25/2003,SO92837,296,11816,2,1,1
5/25/2026,11/27/2003,SO92837,421,11816,2,2,2
5/25/2026,3/12/2002,SO92837,453,11816,2,3,1
1/7/2026,3/13/2004,SO92838,315,23458,8,1,3
1/7/2026,1/1/2001,SO92838,420,23458,8,2,1
2/8/2026,12/29/2001,SO92839,578,29099,1,1,1
6/8/2026,12/14/2001,SO92840,560,25580,5,1,3
8/14/2026,9/17/2004,SO92841,548,13898,3,1,2
12/31/2026,12/31/2002,SO92842,241,18346,4,1,1
9/1/2026,2/19/2002,SO92843,507,27749,9,1,1
6/22/2026,10/2/2004,SO92844,575,28614,7,1,2
1/23/2026,7/27/2003,SO92845,589,12440,3,1,1
11/26/2026,3/18/2004,SO92846,364,14586,5,1,2
11/26/2026,12/7/2003,SO92846,364,14586,5,2,1
11/26/2026,2/27/2002,SO92846,528,14586,5,3,1
12/13/2026,11/18/2001,SO92847,420,24248,4,1,1
4/17/2026,1/12/2001,SO92848,431,12999,5,1,1
12/9/2026,10/5/2004,SO92849,250,27256,9,1,3
11/5/2026,12/20/2004,SO92850,330,11322,2,1,1
11/5/2026,6/18/2004,SO92850,292,11322,2,2,1
10/26/2026,7/5/2003,SO92851,385,15347,7,1,2
4/26/2026,7/14/2001,SO92852,396,28681,1,1,1
10/23/2026,8/5/2002,SO92853,431,18353,10,1,1
8/3/2026,7/5/2003,SO92854,450,27087,4,1,1
6/23/2026,9/24/2002,SO92855,543,20073,2,1,2
1/9/2026,5/13/2003,SO92856,310,29315,4,1,2
11/20/2026,8/20/2002,SO92857,547,21023,9,1,1
11/18/2026,3/4/2004,SO92858,445,20037,1,1,2
11/11/2026,1/10/2002,SO92859,598,25596,8,1,3
12/3/2026,5/10/2002,SO92860,582,23273,5,1,1
9/10/2026,1/11/2001,SO92861,495,18288,4,1,1
7/12/2026,12/13/2002,SO92862,563,16556,2,1,1
3/23/2026,3/2/2002,SO92863,534,24715,6,1,1
3/19/2026,12/30/2002,SO92864,351,20516,6,1,1
6/9/2026,5/22/2003,SO92865,215,12049,10,1,1
10/13/2026,8/25/2002,SO92866,553,12169,2,1,1
1/1/2026,6/23/2003,SO92867,385,27392,9,1,1
11/25/2026,1/18/2001,SO92868,352,21103,8,1,2
4/15/2026,1/12/2004,SO92869,574,14747,1,1,1
4/15/2026,1/31/2003,SO92869,515,14747,1,2,2
1/12/2026,12/24/2004,SO92870,350,28287,9,1,2
1/12/2026,2/23/2002,SO92870,256,28287,9,2,2
1/12/2026,5/17/2001,SO92870,422,28287,9,3,2
1/22/2026,4/1/2001,SO92871,485,25207,6,1,1
4/21/2026,2/22/2001,SO92872,397,13821,7,1,3
8/10/2026,9/7/2004,SO92873,214,17778,5,1,2
11/18/2026,11/14/2002,SO92874,457,17609,1,1,1
11/18/2026,6/30/2003,SO92874,594,17609,1,2,3
4/15/2026,8/16/2003,SO92875,601,22757,5,1,2
9/9/2026,3/12/2001,SO92876,542,25807,10,1,2
12/7/2026,4/10/2003,SO92877,371,22216,6,1,1
6/25/2026,3/26/2001,SO92878,475,21822,1,1,1
10/1/2026,5/3/2003,SO92879,385,14341,6,1,2
8/18/2026,4/1/2001,SO92880,601,12691,6,1,1
12/3/2026,9/5/2004,SO92881,577,17803,6,1,2
9/18/2026,4/26/2003,SO92882,336,12275,7,1,3
2/2/2026,3/23/2002,SO92883,241,23246,4,1,1
3/29/2026,3/28/2002,SO92884,455,23339,9,1,2
9/7/2026,11/11/2003,SO92885,330,26090,8,1,1
10/19/2026,7/25/2004,SO92886,600,16530,2,1,2
10/19/2026,2/13/2002,SO92886,292,16530,2,2,2
9/8/2026,7/29/2001,SO92887,428,24085,7,1,1
12/18/2026,12/15/2002,SO92888,595,17669,5,1,1
1/20/2026,10/15/2001,SO92889,575,12345,9,1,1
11/19/2026,12/18/2004,SO92890,419,17443,1,1,1
11/19/2026,12/7/2004,SO92890,447,17443,1,2,1
8/4/2026,1/28/2001,SO92891,316,27881,8,1,1
8/25/2026,6/18/2001,SO92892,395,26270,8,1,1
11/25/2026,9/12/2001,SO92893,431,26919,8,1,2
10/11/2026,10/1/2004,SO92894,594,12311,9,1,2
9/23/2026,3/17/2004,SO92895,279,29257,4,1,1
4/14/2026,8/28/2001,SO92896,385,23032,3,1,1
1/9/2026,12/7/2004,SO92897,455,24221,6,1,2
4/5/2026,11/22/2001,SO92898,253,24733,4,1,1
2/25/2026,6/5/2001,SO92899,356,20322,2,1,2
2/25/2026,9/14/2003,SO92899,586,20322,2,2,1
2/25/2026,1/30/2002,SO92899,540,20322,2,3,2
5/4/2026,11/3/2003,SO92900,470,27687,8,1,2
4/26/2026,12/13/2004,SO92901,358,27356,2,1,1
12/13/2026,4/17/2001,SO92902,392,29282,6,1,1
6/8/2026,9/27/2003,SO92903,366,17795,4,1,1
12/19/2026,5/13/2002,SO92904,391,23873,1,1,3
12/28/2026,2/22/2004,SO92905,423,17570,9,1,1
12/28/2026,9/2/2003,SO92905,593,17570,9,2,2
7/11/2026,8/9/2002,SO92906,389,15694,6,1,1
7/11/2026,2/18/2004,SO92906,364,15694,6,2,1
6/8/2026,5/3/2002,SO92907,218,13475,2,1,1
9/17/2026,1/7/2004,SO92908,396,12361,3,1,1
11/23/2026,1/23/2002,SO92909,566,15447,2,1,1
4/29/2026,1/4/2003,SO92910,448,24200,10,1,1
4/29/2026,8/2/2003,SO92910,511,24200,10,2,2
9/19/2026,6/30/2004,SO92911,544,16980,4,1,1
2/25/2026,2/6/2004,SO92912,483,26708,1,1,2
2/25/2026,12/12/2002,SO92912,268,26708,1,2,1
11/18/2026,4/4/2002,SO92913,559,20395,2,1,1
8/24/2026,9/22/2002,SO92914,579,15621,4,1,2
4/2/2026,9/22/2003,SO92915,498,15872,5,1,1
6/19/2026,10/1/2002,SO92916,500,12547,8,1,2
6/6/2026,7/20/2002,SO92917,526,25067,2,1,1
10/4/2026,6/27/2004,SO92918,592,14497,5,1,3
9/27/2026,3/15/2003,SO92919,552,20863,7,1,2
1/25/2026,3/12/2003,SO92920,492,11862,10,1,1
9/13/2026,12/11/2001,SO92921,494,24123,5,1,1
9/13/2026,9/6/2004,SO92921,250,24123,5,2,3
6/27/2026,11/21/2001,SO92922,241,26855,10,1,1
5/22/2026,6/27/2002,SO92923,545,27299,4,1,1
10/26/2026,5/12/2004,SO92924,591,18413,3,1,2
3/28/2026,12/3/2002,SO92925,443,16547,2,1,1
8/22/2026,2/20/2001,SO92926,496,21299,8,1,2
10/27/2026,6/17/2002,SO92927,282,12153,5,1,2
5/15/2026,12/13/2002,SO92928,268,15361,4,1,1
1/14/2026,6/1/2001,SO92929,505,15765,5,1,2
9/9/2026,5/6/2001,SO92930,506,27971,3,1,2
7/19/2026,3/31/2004,SO92931,599,16111,7,1,1
5/15/2026,2/4/2001,SO92932,568,14070,8,1,2
7/13/2026,12/5/2002,SO92933,332,19256,5,1,1
5/19/2026,12/16/2004,SO92934,347,26607,1,1,1
4/29/2026,1/13/2003,SO92935,504,24060,4,1,1
3/12/2026,8/2/2002,SO92936,274,17251,8,1,1
6/19/2026,3/29/2001,SO92937,397,29342,9,1,2
6/5/2026,1/29/2002,SO92938,420,15044,2,1,2
8/9/2026,4/7/2004,SO92939,232,26002,9,1,2
11/10/2026,1/30/2002,SO92940,367,28792,3,1,2
2/10/2026,6/2/2002,SO92941,563,20728,6,1,1
11/9/2026,1/5/2004,SO92942,598,18739,6,1,1
2/14/2026,10/30/2002,SO92943,552,18647,6,1,2
9/2/2026,2/14/2003,SO92944,501,20679,7,1,1
9/2/2026,6/19/2003,SO92944,489,20679,7,2,2
5/19/2026,10/6/2002,SO92945,522,19393,4,1,2
9/24/2026,3/18/2004,SO92946,498,17830,7,1,2
5/27/2026,5/2/2003,SO92947,424,26941,4,1,1
7/13/2026,7/30/2003,SO92948,544,13097,6,1,1
5/11/2026,9/25/2004,SO92949,531,26717,3,1,1
1/16/2026,8/13/2002,SO92950,561,24858,9,1,2
1/23/2026,12/5/2002,SO92951,593,20291,9,1,2
10/11/2026,11/8/2004,SO92952,497,26329,2,1,1
12/25/2026,3/4/2001,SO92953,582,17963,7,1,1
8/26/2026,1/7/2001,SO92954,509,25975,10,1,1
8/7/2026,10/29/2004,SO92955,452,12367,10,1,1
5/16/2026,5/25/2001,SO92956,586,27186,3,1,1
8/9/2026,7/28/2003,SO92957,304,27786,6,1,2
11/6/2026,7/23/2002,SO92958,264,17788,10,1,1
8/18/2026,7/27/2001,SO92959,508,26421,3,1,1
8/18/2026,1/6/2004,SO92959,443,26421,3,2,2
7/27/2026,2/17/2002,SO92960,518,18217,4,1,2
1/24/2026,4/12/2001,SO92961,559,21981,5,1,1
2/24/2026,2/10/2002,SO92962,458,15793,4,1,2
8/7/2026,9/15/2002,SO92963,356,23380,3,1,3
1/26/2026,10/21/2001,SO92964,593,21277,2,1,2
1/26/2026,2/7/2003,SO92964,524,21277,2,2,1
1/22/2026,7/29/2002,SO92965,441,16450,2,1,2
1/22/2026,8/26/2001,SO92965,563,16450,2,2,1
1/22/2026,8/7/2001,SO92965,583,16450,2,3,3
12/7/2026,5/3/2001,SO92966,483,11079,1,1,1
12/4/2026,7/11/2001,SO92967,349,13986,10,1,2
12/4/2026,1/10/2002,SO92967,223,13986,10,2,2
6/2/2026,9/17/2003,SO92968,553,16399,5,1,1
6/12/2026,2/12/2003,SO92969,399,15457,3,1,1
3/5/2026,2/28/2001,SO92970,498,22225,8,1,1
12/12/2026,6/17/2003,SO92971,474,21703,3,1,1
7/1/2026,2/20/2004,SO92972,502,15765,9,1,1
12/15/2026,2/26/2004,SO92973,502,26822,10,1,1
1/31/2026,6/14/2001,SO92974,443,23448,10,1,2
11/28/2026,12/9/2001,SO92975,560,15191,5,1,1
9/27/2026,8/3/2003,SO92976,585,17131,4,1,2
5/12/2026,10/25/2001,SO92977,288,26685,1,1,1
3/17/2026,12/4/2003,SO92978,580,12773,3,1,1
3/14/2026,5/21/2001,SO92979,324,13652,3,1,2
3/14/2026,12/20/2004,SO92979,491,13652,3,2,1
3/14/2026,4/28/2001,SO92979,568,13652,3,3,1
3/13/2026,9/15/2004,SO92980,592,18039,7,1,1
10/27/2026,2/10/2004,SO92981,478,13224,2,1,1
12/17/2026,9/22/2002,SO92982,509,14284,7,1,1
7/8/2026,9/17/2002,SO92983,214,21442,10,1,1
3/26/2026,12/28/2002,SO92984,435,25325,7,1,1
9/16/2026,5/7/2001,SO92985,299,21610,10,1,1
7/31/2026,7/9/2003,SO92986,605,20624,1,1,2
7/4/2026,10/24/2001,SO92987,564,13323,9,1,2
3/22/2026,8/7/2001,SO92988,334,12212,8,1,1
7/8/2026,7/5/2003,SO92989,604,22312,6,1,1
10/16/2026,10/21/2002,SO92990,421,24085,1,1,2
5/25/2026,8/2/2004,SO92991,470,11468,2,1,2
9/21/2026,2/27/2004,SO92992,425,12240,10,1,1
7/2/2026,8/27/2004,SO92993,536,29435,1,1,2
7/2/2026,8/14/2004,SO92993,549,29435,1,2,1
7/15/2026,12/25/2003,SO92994,215,24905,2,1,1
8/3/2026,3/24/2004,SO92995,399,20643,6,1,1
8/3/2026,8/31/2002,SO92995,495,20643,6,2,2
8/3/2026,8/25/2004,SO92995,541,20643,6,3,1
5/12/2026,6/22/2003,SO92996,459,28637,7,1,3
1/29/2026,2/28/2003,SO92997,428,26641,7,1,1
1/29/2026,2/14/2001,SO92997,316,26641,7,2,2
1/29/2026,11/5/2001,SO92997,597,26641,7,3,3
8/25/2026,8/30/2001,SO92998,304,16179,6,1,1
6/3/2026,9/17/2003,SO92999,505,14040,4,1,2
6/16/2026,1/23/2004,SO93000,423,28115,3,1,1
6/16/2026,10/15/2004,SO93000,358,28115,3,2,1
6/16/2026,4/20/2004,SO93000,588,28115,3,3,1
6/9/2026,10/8/2004,SO93001,415,14613,1,1,1
6/9/2026,7/11/2002,SO93001,385,14613,1,2,1
6/9/2026,1/25/2002,SO93001,586,14613,1,3,2
6/27/2026,7/12/2002,SO93002,583,13113,1,1,1
2/26/2026,10/25/2003,SO93003,485,26185,8,1,2
2/26/2026,3/28/2002,SO93003,232,26185,8,2,2
6/16/2026,8/19/2001,SO93004,519,24758,5,1,2
6/25/2026,2/10/2004,SO93005,494,22285,2,1,2
3/4/2026,1/10/2003,SO93006,433,13055,4,1,1
9/4/2026,9/19/2003,SO93007,410,13820,8,1,1
1/25/2026,7/5/2001,SO93008,479,21062,4,1,1
7/2/2026,5/4/2003,SO93009,379,16523,1,1,1
8/3/2026,6/8/2004,SO93010,605,24008,5,1,2
3/4/2026,7/5/2001,SO93011,318,18850,7,1,1
7/16/2026,2/2/2001,SO93012,250,23042,9,1,1
6/12/2026,11/14/2003,SO93013,215,12932,1,1,1
6/12/2026,9/7/2001,SO93013,274,12932,1,2,2
12/19/2026,10/20/2004,SO93014,219,12439,9,1,2
8/12/2026,1/17/2001,SO93015,581,19963,6,1,2
2/7/2026,2/11/2003,SO93016,508,12558,4,1,2
12/8/2026,7/18/2003,SO93017,232,17099,10,1,2
4/22/2026,8/10/2001,SO93018,517,28261,4,1,2
4/22/2026,9/10/2004,SO93018,250,28261,4,2,2
4/17/2026,1/21/2002,SO93019,310,26975,5,1,1
12/30/2026,5/11/2004,SO93020,214,26810,8,1,1
3/18/2026,12/12/2002,SO93021,501,28324,4,1,1
1/12/2026,11/4/2004,SO93022,417,28804,8,1,2
3/9/2026,10/1/2002,SO93023,511,29432,9,1,2
11/14/2026,7/24/2004,SO93024,425,22279,3,1,1
2/23/2026,9/12/2001,SO93025,598,17099,5,1,2
3/26/2026,5/2/2001,SO93026,347,25444,7,1,1
11/10/2026,8/13/2003,SO93027,340,23621,4,1,1
5/25/2026,1/5/2003,SO93028,429,12336,4,1,2
4/13/2026,11/15/2002,SO93029,575,12165,2,1,1
6/11/2026,8/8/2003,SO93030,296,11228,1,1,2
1/13/2026,8/18/2004,SO93031,511,27217,8,1,1
8/8/2026,1/1/2004,SO93032,468,24651,8,1,1
1/8/2026,3/17/2003,SO93033,326,23030,4,1,2
8/15/2026,7/21/2002,SO93034,564,20515,3,1,1
8/15/2026,3/9/2001,SO93034,469,20515,3,2,2
4/28/2026,11/22/2001,SO93035,292,22919,3,1,2
4/29/2026,3/11/2004,SO93036,364,26427,2,1,1
4/29/2026,3/31/2001,SO93036,546,26427,2,2,1
4/29/2026,1/7/2002,SO93036,369,26427,2,3,1
1/6/2026,6/18/2002,SO93037,549,27146,8,1,2
5/18/2026,6/4/2001,SO93038,422,27002,3,1,2
5/18/2026,12/1/2001,SO93038,524,27002,3,2,2
7/19/2026,3/7/2002,SO93039,385,26567,10,1,1
8/23/2026,6/15/2003,SO93040,468,24521,7,1,3
1/9/2026,7/15/2004,SO93041,354,25995,8,1,2
1/22/2026,7/1/2003,SO93042,389,14736,3,1,2
5/21/2026,11/4/2001,SO93043,497,11700,9,1,1
11/30/2026,8/11/2003,SO93044,534,17689,2,1,1
6/21/2026,8/5/2001,SO93045,588,19648,7,1,1
5/29/2026,7/10/2003,SO93046,268,21570,8,1,3
2/18/2026,5/28/2001,SO93047,334,16799,4,1,2
7/31/2026,4/10/2001,SO93048,464,12783,7,1,1
7/4/2026,7/14/2001,SO93049,293,13432,6,1,1
5/2/2026,9/22/2002,SO93050,591,12743,9,1,2
5/2/2026,4/18/2001,SO93050,387,12743,9,2,2
3/21/2026,2/8/2001,SO93051,493,20428,1,1,1
6/13/2026,8/6/2004,SO93052,266,15349,10,1,1
6/13/2026,9/5/2001,SO93052,531,15349,10,2,1
12/26/2026,1/9/2002,SO93053,304,28103,6,1,3
2/7/2026,12/4/2002,SO93054,541,11544,6,1,2
2/24/2026,4/1/2001,SO93055,393,26732,5,1,2
8/12/2026,1/5/2001,SO93056,587,23212,5,1,2
12/27/2026,10/6/2001,SO93057,314,22252,2,1,2
1/3/2026,11/7/2001,SO93058,296,18387,6,1,1
11/2/2026,4/29/2002,SO93059,494,27886,9,1,2
1/9/2026,11/27/2002,SO93060,564,24769,4,1,1
3/8/2026,12/10/2003,SO93061,379,24149,9,1,2
3/8/2026,4/16/2003,SO93061,296,24149,9,2,1
8/31/2026,8/14/2004,SO93062,564,16449,7,1,1
4/26/2026,10/25/2001,SO93063,543,23206,8,1,1
1/10/2026,5/24/2004,SO93064,566,12590,9,1,1
10/10/2026,3/20/2004,SO93065,485,19797,8,1,1
3/23/2026,2/16/2001,SO93066,425,20705,8,1,1
3/5/2026,9/28/2002,SO93067,350,17149,6,1,1
2/20/2026,8/31/2001,SO93068,494,15098,2,1,2
8/21/2026,7/13/2002,SO93069,488,15030,10,1,1
8/21/2026,3/27/2003,SO93069,580,15030,10,2,1
1/20/2026,9/11/2004,SO93070,601,23192,5,1,2
2/27/2026,9/10/2003,SO93071,435,13214,4,1,1
9/6/2026,9/30/2002,SO93072,545,26212,2,1,2
3/11/2026,4/9/2001,SO93073,571,18776,10,1,1
10/16/2026,12/28/2002,SO93074,270,25799,6,1,2
10/16/2026,3/20/2004,SO93074,602,25799,6,2,2
3/23/2026,5/13/2002,SO93075,312,16314,7,1,1
7/3/2026,5/19/2003,SO93076,518,18446,10,1,1
2/17/2026,5/24/2004,SO93077,301,15964,1,1,1
2/17/2026,3/11/2001,SO93077,552,15964,1,2,1
2/17/2026,4/13/2003,SO93077,574,15964,1,3,2
5/16/2026,5/24/2001,SO93078,356,18482,9,1,3
6/9/2026,11/6/2001,SO93079,544,16254,8,1,2
6/9/2026,7/27/2004,SO93079,426,16254,8,2,1
1/10/2026,4/9/2003,SO93080,407,24194,3,1,2
1/23/2026,4/6/2002,SO93081,606,13403,6,1,2
2/12/2026,2/7/2004,SO93082,561,19323,7,1,1
8/27/2026,8/16/2003,SO93083,562,18193,4,1,1
6/17/2026,5/7/2002,SO93084,535,11876,5,1,2
10/21/2026,2/10/2001,SO93085,405,14920,6,1,1
10/21/2026,10/19/2003,SO93085,385,14920,6,2,2
2/19/2026,7/16/2003,SO93086,352,13489,4,1,2
10/22/2026,4/2/2003,SO93087,396,25682,1,1,1
2/15/2026,9/27/2004,SO93088,270,12302,8,1,2
2/15/2026,4/9/2004,SO93088,338,12302,8,2,2
2/24/2026,6/18/2002,SO93089,275,15324,9,1,2
4/28/2026,10/20/2003,SO93090,220,20246,7,1,1
1/8/2026,8/3/2003,SO93091,299,22121,3,1,1
2/20/2026,11/7/2003,SO93092,278,20854,6,1,1
1/29/2026,3/30/2002,SO93093,483,17260,6,1,1
2/16/2026,6/14/2001,SO93094,526,25973,7,1,1
4/21/2026,11/21/2004,SO93095,342,19563,1,1,1
4/21/2026,8/31/2002,SO93095,299,19563,1,2,1
7/29/2026,4/17/2002,SO93096,519,28919,4,1,2
5/10/2026,10/18/2004,SO93097,460,17047,8,1,1
2/23/2026,8/18/2004,SO93098,450,20046,8,1,1
3/10/2026,6/29/2004,SO93099,550,14299,1,1,1
12/30/2026,5/31/2003,SO93100,519,22714,9,1,2
10/7/2026,3/20/2002,SO93101,580,20505,9,1,3
8/2/2026,8/7/2001,SO93102,387,25129,10,1,1
1/28/2026,7/28/2003,SO93103,547,23606,5,1,2
9/23/2026,5/1/2003,SO93104,275,16884,4,1,1
8/7/2026,3/24/2003,SO93105,544,18908,9,1,1
5/30/2026,1/1/2002,SO93106,525,24672,9,1,2
12/14/2026,6/14/2004,SO93107,552,26718,5,1,2
6/5/2026,6/26/2002,SO93108,373,14066,6,1,1
6/5/2026,4/19/2004,SO93108,495,14066,6,2,1
4/5/2026,8/11/2004,SO93109,229,28180,5,1,2
12/21/2026,4/17/2002,SO93110,551,16148,6,1,2
5/20/2026,9/28/2003,SO93111,544,23305,4,1,2
1/21/2026,6/4/2001,SO93112,381,28680,5,1,2
3/30/2026,10/9/2004,SO93113,559,25106,3,1,2
7/19/2026,11/18/2001,SO93114,411,19401,8,1,1
4/10/2026,5/7/2001,SO93115,475,17775,1,1,3
8/5/2026,6/30/2003,SO93116,598,25200,10,1,1
11/11/2026,6/14/2003,SO93117,583,21376,5,1,1
7/21/2026,12/9/2001,SO93118,560,22774,8,1,1
7/21/2026,11/19/2004,SO93118,370,22774,8,2,1
7/21/2026,6/12/2003,SO93118,554,22774,8,3,2
5/25/2026,1/4/2003,SO93119,395,22396,6,1,1
5/25/2026,4/15/2001,SO93119,525,22396,6,2,1
6/4/2026,7/26/2003,SO93120,495,19156,4,1,1
6/17/2026,5/10/2003,SO93121,528,27877,6,1,2
9/4/2026,8/27/2001,SO93122,373,27691,9,1,1
9/4/2026,3/24/2004,SO93122,396,27691,9,2,1
12/24/2026,12/6/2002,SO93123,367,20555,8,1,1
12/24/2026,7/26/2002,SO93123,367,20555,8,2,1
9/24/2026,11/4/2004,SO93124,352,14559,2,1,1
7/4/2026,12/5/2003,SO93125,299,12141,6,1,3
2/5/2026,12/10/2004,SO93126,431,27458,3,1,1
11/24/2026,6/27/2002,SO93127,344,17456,6,1,2
11/24/2026,7/29/2001,SO93127,413,17456,6,2,2
9/8/2026,9/23/2003,SO93128,530,18872,2,1,1
11/12/2026,6/30/2001,SO93129,340,16694,3,1,2
12/9/2026,7/12/2003,SO93130,498,27240,5,1,2
9/9/2026,9/29/2001,SO93131,421,12928,10,1,1
1/8/2026,6/9/2001,SO93132,375,24272,4,1,2
12/3/2026,10/25/2003,SO93133,461,24263,9,1,1
12/3/2026,6/5/2002,SO93133,358,24263,9,2,1
3/13/2026,3/29/2003,SO93134,277,22772,8,1,2
8/17/2026,5/26/2004,SO93135,425,11740,8,1,2
2/7/2026,10/9/2003,SO93136,587,17705,10,1,1
7/17/2026,11/15/2002,SO93137,486,13632,7,1,1
8/16/2026,8/1/2002,SO93138,349,24299,3,1,1
8/16/2026,1/10/2001,SO93138,453,24299,3,2,1
12/10/2026,12/11/2001,SO93139,478,15374,10,1,1
5/16/2026,6/14/2004,SO93140,419,25191,7,1,1
9/18/2026,1/7/2004,SO93141,383,11902,7,1,2
11/2/2026,5/6/2002,SO93142,489,13683,7,1,2
9/29/2026,6/15/2002,SO93143,304,21068,1,1,2
8/13/2026,2/28/2004,SO93144,468,26860,4,1,1
2/22/2026,9/26/2002,SO93145,580,17288,10,1,2
7/15/2026,10/27/2001,SO93146,511,27634,9,1,3
10/14/2026,10/17/2003,SO93147,477,19589,5,1,1
10/14/2026,6/1/2004,SO93147,264,19589,5,2,1
2/4/2026,7/24/2002,SO93148,485,27950,4,1,1
12/10/2026,6/2/2004,SO93149,250,20120,5,1,2
4/12/2026,11/5/2002,SO93150,316,28735,5,1,1
11/7/2026,4/17/2004,SO93151,533,27572,1,1,1
10/27/2026,5/10/2002,SO93152,545,28940,3,1,2
4/22/2026,12/18/2004,SO93153,591,16587,3,1,2
1/27/2026,8/4/2002,SO93154,291,15791,8,1,1
6/1/2026,6/12/2003,SO93155,468,24433,3,1,1
8/10/2026,12/28/2002,SO93156,238,24320,7,1,1
8/10/2026,9/3/2001,SO93156,450,24320,7,2,1
7/4/2026,12/10/2002,SO93157,593,23888,5,1,1
8/7/2026,11/8/2002,SO93158,527,14812,6,1,2
6/21/2026,10/3/2004,SO93159,338,26587,7,1,1
10/24/2026,4/6/2002,SO93160,277,28603,9,1,3
10/24/2026,7/10/2004,SO93160,220,28603,9,2,1
10/16/2026,3/15/2003,SO93161,529,25364,10,1,2
2/28/2026,5/13/2002,SO93162,603,19880,6,1,2
9/13/2026,12/26/2004,SO93163,449,28837,1,1,1
9/18/2026,6/15/2003,SO93164,373,12448,5,1,1
2/23/2026,3/28/2003,SO93165,291,24210,8,1,1
10/3/2026,8/19/2001,SO93166,533,22782,6,1,1
7/12/2026,1/30/2001,SO93167,572,19203,8,1,1
6/18/2026,8/4/2001,SO93168,317,24813,8,1,1
12/31/2026,11/24/2004,SO93169,383,13271,7,1,1
8/14/2026,5/3/2002,SO93170,219,18919,2,1,1
9/3/2026,6/21/2004,SO93171,241,21715,4,1,1
9/3/2026,9/18/2002,SO93171,597,21715,4,2,1
7/1/2026,6/15/2003,SO93172,313,12209,1,1,1
9/6/2026,9/21/2002,SO93173,334,21329,3,1,3
8/29/2026,2/14/2001,SO93174,387,26959,4,1,1
4/23/2026,1/13/2001,SO93175,561,11599,6,1,2
12/7/2026,3/16/2001,SO93176,293,22506,3,1,2
5/17/2026,3/11/2003,SO93177,238,11674,8,1,1
5/17/2026,9/27/2004,SO93177,247,11674,8,2,1
4/25/2026,3/8/2003,SO93178,497,20691,3,1,1
10/26/2026,1/29/2002,SO93179,446,14442,6,1,1
2/1/2026,12/31/2002,SO93180,506,23606,4,1,1
8/9/2026,4/26/2002,SO93181,564,28024,1,1,2
6/19/2026,4/20/2003,SO93182,530,28285,7,1,3
6/19/2026,3/9/2001,SO93182,591,28285,7,2,3
6/28/2026,12/15/2001,SO93183,443,11303,1,1,2
5/6/2026,8/7/2004,SO93184,560,17920,1,1,2
5/6/2026,9/16/2004,SO93184,592,17920,1,2,2
1/18/2026,9/19/2001,SO93185,370,20443,2,1,1
3/31/2026,10/11/2001,SO93186,559,24505,9,1,2
9/11/2026,6/30/2002,SO93187,457,22067,2,1,1
3/14/2026,7/29/2003,SO93188,599,19758,3,1,2
12/11/2026,11/27/2004,SO93189,423,12055,7,1,1
5/10/2026,5/9/2002,SO93190,319,16113,6,1,1
5/10/2026,8/29/2001,SO93190,311,16113,6,2,2
3/14/2026,8/3/2004,SO93191,405,13359,8,1,2
1/11/2026,12/13/2004,SO93192,453,26343,10,1,1
4/10/2026,1/14/2003,SO93193,564,18300,8,1,2
10/1/2026,1/28/2001,SO93194,292,24493,1,1,1
12/8/2026,10/20/2004,SO93195,530,25362,6,1,1
3/24/2026,10/30/2003,SO93196,473,12800,5,1,1
3/24/2026,11/29/2004,SO93196,557,12800,5,2,2
8/12/2026,12/2/2004,SO93197,591,21167,10,1,2
12/28/2026,5/19/2004,SO93198,568,21797,8,1,1
12/18/2026,6/19/2004,SO93199,579,24437,7,1,1
12/18/2026,9/10/2001,SO93199,515,24437,7,2,1
4/28/2026,6/15/2004,SO93200,292,20011,5,1,2
2/23/2026,3/12/2003,SO93201,349,26895,1,1,2
5/24/2026,9/26/2003,SO93202,427,17590,6,1,2
9/22/2026,3/10/2001,SO93203,389,14716,7,1,1
7/30/2026,6/24/2001,SO93204,447,24143,4,1,2
1/23/2026,2/4/2001,SO93205,495,11151,1,1,2
9/8/2026,8/22/2001,SO93206,564,24345,1,1,3
3/8/2026,10/15/2002,SO93207,304,17835,1,1,1
11/20/2026,5/27/2004,SO93208,358,21642,10,1,1
7/24/2026,3/26/2001,SO93209,563,24338,10,1,3
7/24/2026,9/22/2003,SO93209,370,24338,10,2,1
7/24/2026,4/15/2001,SO93209,369,24338,10,3,1
8/29/2026,7/9/2004,SO93210,375,21398,2,1,2
8/29/2026,2/24/2003,SO93210,500,21398,2,2,1
8/1/2026,10/17/2001,SO93211,446,13388,8,1,1
10/25/2026,8/29/2003,SO93212,490,24597,9,1,2
6/6/2026,8/17/2001,SO93213,539,16210,5,1,1
6/6/2026,3/26/2003,SO93213,568,16210,5,2,1
8/24/2026,4/30/2002,SO93214,226,18795,10,1,2
6/11/2026,5/30/2003,SO93215,244,25469,4,1,1
3/5/2026,3/19/2004,SO93216,334,26835,9,1,1
4/17/2026,3/25/2002,SO93217,381,25908,9,1,2
5/10/2026,3/19/2003,SO93218,504,25520,7,1,1
11/7/2026,2/6/2002,SO93219,264,17699,7,1,1
10/23/2026,9/28/2001,SO93220,570,27752,6,1,2
10/22/2026,8/26/2002,SO93221,425,11962,2,1,1
3/23/2026,11/5/2004,SO93222,439,28588,8,1,1
12/26/2026,12/18/2003,SO93223,457,17457,8,1,1
12/26/2026,9/9/2002,SO93223,409,17457,8,2,2
12/26/2026,3/17/2002,SO93223,414,17457,8,3,1
8/30/2026,11/19/2003,SO93224,493,26496,3,1,1
5/3/2026,9/17/2004,SO93225,424,28846,5,1,2
9/29/2026,3/18/2004,SO93226,509,15177,10,1,2
9/29/2026,6/17/2003,SO93226,567,15177,10,2,1
3/17/2026,11/11/2002,SO93227,452,27057,8,1,3
7/12/2026,9/20/2004,SO93228,567,13800,10,1,1
6/9/2026,10/30/2001,SO93229,358,18654,10,1,2
6/9/2026,7/5/2001,SO93229,451,18654,10,2,1
11/15/2026,4/22/2001,SO93230,532,15034,9,1,3
6/12/2026,12/15/2002,SO93231,501,18342,6,1,1
6/12/2026,11/17/2002,SO93231,395,18342,6,2,2
4/13/2026,5/27/2001,SO93232,524,26236,4,1,1
4/13/2026,6/9/2003,SO93232,567,26236,4,2,1
2/2/2026,11/11/2001,SO93233,557,27009,5,1,2
10/19/2026,4/9/2002,SO93234,596,17835,7,1,3
4/27/2026,7/30/2002,SO93235,469,16665,5,1,1
4/27/2026,9/9/2002,SO93235,447,16665,5,2,2
4/27/2026,3/28/2004,SO93235,583,16665,5,3,1
9/2/2026,12/31/2003,SO93236,485,24026,9,1,1
6/17/2026,7/6/2004,SO93237,519,11129,10,1,1
1/4/2026,12/27/2003,SO93238,356,28271,3,1,2
6/18/2026,5/23/2001,SO93239,512,14759,1,1,3
11/25/2026,5/18/2003,SO93240,428,18727,9,1,1
3/13/2026,4/6/2003,SO93241,458,11154,6,1,1
1/1/2026,6/25/2002,SO93242,524,21825,10,1,1
7/11/2026,10/5/2003,SO93243,470,18851,1,1,1
11/29/2026,7/29/2002,SO93244,506,20935,1,1,2
9/24/2026,6/1/2003,SO93245,552,24747,6,1,1
12/16/2026,10/20/2002,SO93246,232,26204,3,1,2
10/21/2026,10/28/2001,SO93247,490,18690,4,1,3
2/14/2026,11/25/2001,SO93248,540,12136,10,1,1
4/3/2026,12/1/2001,SO93249,530,13759,2,1,3
10/21/2026,10/1/2001,SO93250,456,28825,1,1,2
10/21/2026,3/6/2003,SO93250,256,28825,1,2,1
1/17/2026,10/21/2001,SO93251,504,17685,6,1,2
2/28/2026,3/3/2002,SO93252,549,24050,5,1,1
5/23/2026,9/30/2003,SO93253,460,12173,4,1,1
5/23/2026,8/25/2002,SO93253,344,12173,4,2,2
5/23/2026,6/21/2003,SO93253,551,12173,4,3,2
10/28/2026,12/17/2002,SO93254,603,23486,6,1,1
4/26/2026,9/28/2003,SO93255,437,23153,2,1,1
9/24/2026,5/1/2004,SO93256,278,24122,1,1,1
11/29/2026,7/27/2002,SO93257,572,19390,6,1,2
12/7/2026,11/12/2001,SO93258,296,15341,6,1,2
2/27/2026,8/18/2004,SO93259,232,18199,8,1,1
5/23/2026,10/4/2002,SO93260,499,20475,7,1,1
5/23/2026,4/1/2001,SO93260,541,20475,7,2,1
12/8/2026,11/27/2004,SO93261,232,26867,7,1,2
1/19/2026,4/24/2004,SO93262,525,18069,3,1,1
9/27/2026,12/12/2001,SO93263,575,22423,7,1,2
2/27/2026,8/5/2002,SO93264,381,28846,1,1,3
1/6/2026,8/12/2003,SO93265,417,16140,7,1,3
6/25/2026,1/15/2001,SO93266,546,22184,3,1,1
7/18/2026,2/7/2001,SO93267,522,17190,1,1,1
11/17/2026,1/18/2002,SO93268,604,12203,3,1,1
8/11/2026,7/8/2003,SO93269,422,17683,8,1,1
5/22/2026,6/30/2003,SO93270,416,27201,4,1,3
2/23/2026,4/6/2001,SO93271,415,27278,1,1,1
7/23/2026,7/11/2003,SO93272,316,14898,3,1,1
7/23/2026,5/9/2003,SO93272,592,14898,3,2,1
11/10/2026,3/31/2002,SO93273,597,12143,5,1,1
9/6/2026,1/18/2001,SO93274,291,28070,2,1,1
8/20/2026,7/23/2003,SO93275,539,27131,1,1,2
5/19/2026,5/24/2003,SO93276,314,22698,8,1,2
5/19/2026,9/30/2001,SO93276,451,22698,8,2,1
8/4/2026,10/14/2002,SO93277,368,17744,4,1,2
11/11/2026,7/2/2003,SO93278,342,17167,2,1,2
10/5/2026,1/11/2001,SO93279,530,23050,2,1,1
10/5/2026,1/5/2001,SO93279,538,23050,2,2,2
8/13/2026,4/30/2001,SO93280,510,19044,1,1,1
12/5/2026,12/17/2001,SO93281,336,22713,4,1,1
11/19/2026,8/24/2003,SO93282,517,16289,2,1,1
11/19/2026,1/27/2002,SO93282,583,16289,2,2,2
2/18/2026,6/13/2002,SO93283,460,17511,2,1,1
4/16/2026,1/2/2001,SO93284,526,28839,8,1,1
6/16/2026,6/8/2001,SO93285,423,19677,5,1,2
6/16/2026,12/26/2002,SO93285,393,19677,5,2,1
6/16/2026,4/20/2001,SO93285,496,19677,5,3,1
3/23/2026,8/28/2004,SO93286,413,16421,10,1,2
3/23/2026,2/3/2002,SO93286,317,16421,10,2,2
3/24/2026,3/20/2002,SO93287,605,22014,10,1,1
11/28/2026,8/17/2003,SO93288,443,13270,3,1,2
11/28/2026,7/15/2003,SO93288,311,13270,3,2,1
11/28/2026,3/14/2004,SO93288,500,13270,3,3,1
7/15/2026,8/12/2001,SO93289,508,22389,1,1,1
9/5/2026,7/26/2004,SO93290,348,27431,8,1,1
7/31/2026,8/9/2003,SO93291,373,17281,8,1,1
4/6/2026,11/11/2004,SO93292,584,24124,2,1,1
6/4/2026,9/25/2002,SO93293,562,16601,7,1,1
7/22/2026,6/11/2002,SO93294,561,11792,7,1,1
7/22/2026,9/21/2001,SO93294,579,11792,7,2,2
11/7/2026,4/4/2004,SO93295,450,18463,5,1,3
2/9/2026,11/29/2001,SO93296,487,18288,3,1,1
1/15/2026,12/16/2003,SO93297,603,15517,10,1,1
4/1/2026,5/30/2003,SO93298,451,20327,6,1,2
7/25/2026,4/24/2002,SO93299,475,16440,8,1,1
2/4/2026,6/3/2001,SO93300,566,17263,1,1,1
9/19/2026,12/4/2004,SO93301,425,19900,6,1,1
9/19/2026,9/26/2003,SO93301,317,19900,6,2,2
9/19/2026,1/18/2002,SO93301,319,19900,6,3,2
3/29/2026,11/29/2003,SO93302,451,17954,2,1,1
3/15/2026,2/18/2001,SO93303,466,17070,9,1,2
3/15/2026,3/18/2004,SO93303,548,17070,9,2,2
3/17/2026,9/19/2002,SO93304,310,11741,4,1,2
4/11/2026,11/5/2004,SO93305,296,14581,8,1,1
1/13/2026,8/28/2001,SO93306,417,16098,10,1,1
10/1/2026,12/29/2002,SO93307,431,22885,6,1,2
6/6/2026,12/2/2004,SO93308,416,28575,2,1,1
4/2/2026,1/24/2004,SO93309,282,11353,7,1,1
1/24/2026,10/20/2003,SO93310,486,11469,9,1,1
3/23/2026,6/18/2004,SO93311,288,28311,3,1,2
10/9/2026,10/1/2001,SO93312,584,12892,10,1,2
12/5/2026,3/11/2001,SO93313,215,23404,1,1,1
12/5/2026,7/29/2001,SO93313,491,23404,1,2,1
3/5/2026,11/10/2004,SO93314,470,20834,9,1,1
5/20/2026,1/28/2003,SO93315,304,17442,10,1,2
6/8/2026,1/23/2004,SO93316,512,23094,7,1,1
7/19/2026,11/18/2003,SO93317,533,18040,3,1,2
7/23/2026,12/18/2002,SO93318,447,20196,2,1,1
8/15/2026,12/22/2002,SO93319,368,18619,4,1,1
8/15/2026,11/26/2003,SO93319,235,18619,4,2,1
11/2/2026,12/29/2001,SO93320,552,19687,8,1,1
9/29/2026,4/1/2004,SO93321,557,12877,10,1,1
10/30/2026,11/3/2002,SO93322,419,27148,4,1,2
3/14/2026,4/22/2002,SO93323,605,15341,9,1,2
3/14/2026,1/15/2001,SO93323,377,15341,9,2,2
3/14/2026,4/10/2002,SO93323,591,15341,9,3,1
5/31/2026,8/6/2001,SO93324,288,11703,2,1,1
5/23/2026,9/18/2002,SO93325,401,26519,8,1,2
1/7/2026,10/31/2004,SO93326,516,26388,8,1,2
6/18/2026,1/30/2001,SO93327,410,18403,6,1,1
6/18/2026,1/28/2002,SO93327,354,18403,6,2,2
8/22/2026,10/21/2003,SO93328,315,12999,10,1,2
8/22/2026,3/7/2004,SO93328,514,12999,10,2,1
8/24/2026,9/11/2003,SO93329,535,26467,4,1,1
8/24/2026,10/28/2001,SO93329,279,26467,4,2,2
4/1/2026,7/14/2003,SO93330,262,25774,9,1,2
12/18/2026,10/23/2002,SO93331,370,27264,4,1,2
12/23/2026,3/15/2001,SO93332,394,23494,8,1,1
7/19/2026,10/24/2002,SO93333,449,22323,6,1,1
4/10/2026,11/4/2002,SO93334,307,15474,1,1,2
3/13/2026,1/27/2003,SO93335,601,16334,1,1,2
3/17/2026,9/16/2004,SO93336,317,17522,2,1,2
3/17/2026,3/4/2001,SO93336,497,17522,2,2,2
3/17/2026,5/10/2001,SO93336,417,17522,2,3,2
6/7/2026,10/21/2001,SO93337,525,22681,7,1,2
6/7/2026,3/20/2004,SO93337,377,22681,7,2,1
6/7/2026,2/4/2001,SO93337,543,22681,7,3,1
5/8/2026,10/21/2001,SO93338,373,11553,5,1,1
3/29/2026,3/19/2002,SO93339,389,24978,7,1,3
1/11/2026,3/11/2003,SO93340,336,13564,1,1,1
8/24/2026,5/5/2002,SO93341,573,22726,8,1,1
10/3/2026,3/4/2004,SO93342,582,27045,6,1,1
7/2/2026,12/24/2001,SO93343,540,13822,5,1,1
6/6/2026,1/29/2001,SO93344,519,20393,1,1,1
6/6/2026,1/8/2002,SO93344,494,20393,1,2,2
2/21/2026,1/8/2002,SO93345,491,25870,3,1,2
1/5/2026,9/4/2003,SO93346,247,28911,2,1,1
9/27/2026,1/24/2001,SO93347,578,13224,5,1,2
11/11/2026,12/15/2004,SO93348,415,21158,1,1,1
6/21/2026,2/4/2004,SO93349,584,13261,4,1,1
7/11/2026,3/5/2003,SO93350,504,29158,1,1,1
1/17/2026,12/9/2002,SO93351,409,19106,9,1,2
8/25/2026,9/13/2001,SO93352,397,17814,6,1,2
11/26/2026,6/18/2001,SO93353,538,13572,1,1,3
7/18/2026,3/3/2001,SO93354,219,23450,7,1,1
7/18/2026,5/29/2001,SO93354,462,23450,7,2,1
7/18/2026,3/13/2004,SO93354,238,23450,7,3,2
11/2/2026,5/11/2004,SO93355,314,22420,2,1,2
2/3/2026,2/17/2004,SO93356,349,18845,7,1,1
12/6/2026,1/23/2004,SO93357,473,21365,10,1,1
12/6/2026,2/13/2001,SO93357,540,21365,10,2,1
10/8/2026,5/17/2002,SO93358,570,26691,1,1,2
10/8/2026,9/24/2004,SO93358,589,26691,1,2,1
10/8/2026,3/31/2002,SO93358,576,26691,1,3,1
2/27/2026,10/13/2004,SO93359,395,14283,7,1,1
5/1/2026,12/4/2004,SO93360,423,22427,4,1,2
5/1/2026,3/14/2004,SO93360,215,22427,4,2,1
12/7/2026,3/11/2003,SO93361,318,14993,6,1,2
10/20/2026,1/26/2004,SO93362,538,14497,2,1,1
10/20/2026,2/7/2002,SO93362,379,14497,2,2,2
9/6/2026,7/22/2002,SO93363,606,13887,5,1,3
3/24/2026,2/8/2002,SO93364,313,16682,7,1,1
1/20/2026,4/8/2004,SO93365,238,25445,9,1,1
1/24/2026,10/16/2002,SO93366,322,19608,6,1,1
1/24/2026,8/4/2002,SO93366,493,19608,6,2,1
6/27/2026,12/17/2001,SO93367,414,19311,1,1,1
9/13/2026,8/8/2003,SO93368,488,23613,4,1,1
9/1/2026,2/15/2002,SO93369,568,20299,6,1,2
9/20/2026,9/4/2002,SO93370,456,22809,7,1,1
9/8/2026,8/18/2003,SO93371,574,20263,1,1,1
2/28/2026,5/15/2004,SO93372,572,14609,10,1,1
5/30/2026,6/11/2002,SO93373,358,23294,9,1,2
11/3/2026,1/30/2003,SO93374,525,26715,4,1,2
11/3/2026,7/26/2002,SO93374,456,26715,4,2,1
10/22/2026,6/7/2001,SO93375,241,29481,5,1,1
10/16/2026,11/2/2003,SO93376,433,20004,7,1,1
10/22/2026,8/27/2001,SO93377,307,22966,8,1,2
10/22/2026,3/21/2001,SO93377,330,22966,8,2,2
1/8/2026,5/26/2001,SO93378,559,13076,7,1,1
11/29/2026,4/7/2001,SO93379,292,14869,9,1,1
11/3/2026,5/22/2002,SO93380,490,14690,5,1,1
7/14/2026,11/25/2001,SO93381,356,23566,3,1,3
8/31/2026,2/7/2003,SO93382,437,24926,2,1,1
4/11/2026,7/7/2001,SO93383,559,21941,7,1,2
4/11/2026,6/25/2003,SO93383,229,21941,7,2,1
4/17/2026,11/8/2004,SO93384,369,12141,7,1,2
9/23/2026,9/10/2003,SO93385,526,27398,8,1,1
11/24/2026,8/4/2004,SO93386,383,18444,8,1,2
8/25/2026,6/18/2001,SO93387,547,13514,2,1,2
2/21/2026,10/24/2001,SO93388,518,13930,8,1,1
9/14/2026,7/11/2004,SO93389,401,21363,5,1,1
4/19/2026,8/2/2001,SO93390,409,20715,9,1,2
4/19/2026,4/16/2004,SO93390,464,20715,9,2,3
3/12/2026,11/23/2003,SO93391,311,13402,1,1,1
1/25/2026,6/20/2003,SO93392,594,24613,5,1,1
5/2/2026,9/9/2004,SO93393,452,23885,8,1,1
11/20/2026,10/4/2001,SO93394,326,21531,4,1,2
10/30/2026,8/29/2003,SO93395,454,18889,1,1,3
4/27/2026,10/18/2001,SO93396,352,19532,8,1,2
11/10/2026,8/5/2003,SO93397,366,17532,9,1,3
9/16/2026,12/10/2004,SO93398,401,11223,9,1,1
11/21/2026,6/11/2003,SO93399,332,19572,2,1,1
2/5/2026,5/20/2002,SO93400,235,27524,8,1,2
5/28/2026,11/28/2003,SO93401,279,27887,10,1,3
6/13/2026,9/15/2002,SO93402,564,17945,9,1,3
6/13/2026,1/3/2004,SO93402,351,17945,9,2,3
11/18/2026,8/20/2004,SO93403,513,13116,3,1,1
6/2/2026,2/13/2003,SO93404,278,29051,3,1,1
5/6/2026,8/17/2001,SO93405,420,16852,8,1,1
4/26/2026,3/3/2004,SO93406,502,15617,4,1,1
4/26/2026,1/12/2003,SO93406,292,15617,4,2,1
4/26/2026,3/9/2004,SO93406,584,15617,4,3,3
6/13/2026,2/11/2002,SO93407,424,20376,2,1,1
1/20/2026,4/30/2004,SO93408,364,24225,4,1,2
4/29/2026,6/11/2004,SO93409,500,27533,3,1,2
9/18/2026,3/27/2004,SO93410,582,27618,4,1,2
9/9/2026,2/13/2001,SO93411,475,17685,3,1,3
1/1/2026,6/8/2002,SO93412,524,28370,7,1,1
1/1/2026,11/19/2002,SO93412,603,28370,7,2,1
11/23/2026,4/20/2004,SO93413,288,19983,7,1,1
7/6/2026,4/10/2004,SO93414,477,15950,7,1,1
10/2/2026,2/25/2003,SO93415,379,11860,4,1,1
7/12/2026,1/11/2003,SO93416,472,14558,9,1,1
5/9/2026,2/28/2001,SO93417,453,15131,7,1,2
10/19/2026,7/11/2003,SO93418,503,29152,10,1,2
3/21/2026,6/2/2001,SO93419,348,26109,4,1,2
3/21/2026,8/6/2001,SO93419,477,26109,4,2,2
7/18/2026,5/14/2001,SO93420,547,23799,3,1,2
7/18/2026,3/13/2004,SO93420,503,23799,3,2,1
7/18/2026,7/26/2003,SO93420,587,23799,3,3,2
8/10/2026,10/14/2003,SO93421,235,13201,2,1,2
5/21/2026,12/18/2002,SO93422,256,16099,4,1,1
2/16/2026,8/31/2002,SO93423,413,12872,10,1,3
3/23/2026,7/15/2003,SO93424,487,14292,5,1,1
12/22/2026,1/2/2003,SO93425,256,27631,4,1,1
7/2/2026,8/6/2002,SO93426,441,24623,3,1,2
3/7/2026,1/16/2002,SO93427,462,27477,7,1,2
3/31/2026,2/19/2003,SO93428,546,24288,1,1,3
3/31/2026,8/31/2002,SO93428,564,24288,1,2,2
3/31/2026,9/29/2003,SO93428,606,24288,1,3,2
4/17/2026,4/19/2001,SO93429,422,14360,7,1,1
11/12/2026,8/28/2002,SO93430,545,11664,2,1,3
12/9/2026,4/16/2003,SO93431,447,27281,6,1,2
7/24/2026,11/23/2002,SO93432,541,20917,4,1,3
8/3/2026,9/12/2001,SO93433,545,16832,7,1,1
8/24/2026,11/4/2002,SO93434,599,19330,3,1,1
5/26/2026,3/7/2001,SO93435,506,23150,8,1,1
5/30/2026,10/2/2003,SO93436,279,25028,2,1,2
1/22/2026,5/2/2002,SO93437,264,16382,1,1,1
5/23/2026,5/30/2002,SO93438,332,12151,9,1,2
2/10/2026,9/10/2004,SO93439,552,16804,5,1,1
10/1/2026,11/22/2003,SO93440,351,15286,3,1,1
1/26/2026,1/7/2001,SO93441,471,12334,10,1,2
1/21/2026,8/30/2001,SO93442,466,18891,9,1,1
12/23/2026,12/2/2001,SO93443,389,26444,6,1,3
2/8/2026,6/1/2002,SO93444,313,22765,1,1,1
2/8/2026,2/17/2003,SO93444,312,22765,1,2,2
12/27/2026,10/9/2003,SO93445,422,28156,3,1,1
12/27/2026,2/28/2001,SO93445,356,28156,3,2,1
5/28/2026,7/12/2004,SO93446,459,26582,8,1,1
5/28/2026,9/15/2004,SO93446,504,26582,8,2,1
4/14/2026,5/18/2002,SO93447,429,16406,9,1,1
4/14/2026,2/15/2004,SO93447,515,16406,9,2,2
11/29/2026,7/16/2002,SO93448,238,24638,1,1,1
7/10/2026,1/16/2001,SO93449,318,18093,5,1,2
1/14/2026,4/19/2001,SO93450,461,17414,5,1,1
1/20/2026,1/29/2004,SO93451,557,26914,8,1,2
7/11/2026,6/10/2004,SO93452,597,20039,1,1,2
7/11/2026,7/15/2001,SO93452,503,20039,1,2,2
7/11/2026,3/26/2004,SO93452,497,20039,1,3,1
3/14/2026,9/17/2004,SO93453,352,21271,9,1,2
3/7/2026,3/11/2002,SO93454,493,13914,4,1,1
3/7/2026,7/19/2004,SO93454,588,13914,4,2,3
4/3/2026,6/13/2003,SO93455,409,12938,1,1,2
9/9/2026,11/14/2003,SO93456,593,26685,8,1,1
8/30/2026,10/23/2001,SO93457,322,23879,2,1,2
4/14/2026,11/19/2001,SO93458,266,17038,5,1,1
8/8/2026,5/31/2003,SO93459,403,17287,6,1,1
8/8/2026,10/30/2004,SO93460,454,13817,3,1,1
7/19/2026,8/2/2001,SO93461,553,23154,8,1,2
7/19/2026,12/1/2001,SO93461,509,23154,8,2,1
4/12/2026,2/11/2001,SO93462,568,28577,2,1,2
9/4/2026,9/23/2003,SO93463,515,23217,8,1,2
12/16/2026,9/23/2004,SO93464,531,12070,5,1,2
4/22/2026,4/17/2004,SO93465,218,16153,3,1,2
6/15/2026,10/25/2003,SO93466,491,26073,3,1,3
5/22/2026,5/7/2001,SO93467,360,27566,4,1,2
5/20/2026,1/10/2003,SO93468,477,22174,10,1,2
8/9/2026,9/22/2002,SO93469,454,23680,5,1,2
8/9/2026,3/1/2004,SO93469,464,23680,5,2,2
4/14/2026,10/6/2002,SO93470,553,21212,8,1,1
4/14/2026,9/13/2001,SO93470,218,21212,8,2,1
11/19/2026,6/4/2001,SO93471,300,29288,5,1,2
9/29/2026,1/8/2003,SO93472,538,12752,7,1,1
9/12/2026,8/19/2003,SO93473,424,22644,6,1,1
10/5/2026,3/1/2001,SO93474,559,22525,6,1,2
9/22/2026,4/30/2004,SO93475,238,17031,7,1,2
12/4/2026,7/14/2002,SO93476,412,17850,10,1,1
3/5/2026,11/11/2001,SO93477,229,22763,4,1,2
4/25/2026,3/6/2002,SO93478,395,27200,9,1,2
11/24/2026,10/19/2002,SO93479,601,18696,10,1,2
10/8/2026,2/3/2001,SO93480,499,26525,4,1,1
8/1/2026,6/7/2001,SO93481,415,18018,5,1,1
11/18/2026,7/16/2004,SO93482,365,12057,2,1,2
12/13/2026,11/2/2004,SO93483,512,24927,5,1,1
1/27/2026,3/3/2002,SO93484,563,23417,2,1,1
10/10/2026,9/30/2002,SO93485,431,29420,1,1,2
4/20/2026,2/8/2002,SO93486,314,24018,4,1,1
4/20/2026,10/16/2001,SO93486,262,24018,4,2,2
11/27/2026,4/30/2004,SO93487,250,19620,10,1,1
8/19/2026,2/10/2002,SO93488,443,26373,4,1,1
2/22/2026,11/15/2001,SO93489,437,27488,9,1,2
12/3/2026,11/5/2002,SO93490,582,28397,9,1,2
6/5/2026,6/10/2002,SO93491,235,21830,5,1,1
6/5/2026,5/29/2004,SO93491,244,21830,5,2,1
3/12/2026,9/21/2002,SO93492,371,27167,2,1,1
10/30/2026,4/12/2003,SO93493,483,24721,7,1,2
10/30/2026,5/29/2004,SO93493,313,24721,7,2,2
11/13/2026,10/29/2003,SO93494,350,26537,7,1,1
11/13/2026,8/4/2004,SO93494,276,26537,7,2,1
8/8/2026,5/24/2003,SO93495,262,13806,8,1,1
8/8/2026,5/4/2004,SO93495,484,13806,8,2,2
9/5/2026,9/23/2003,SO93496,403,20102,3,1,2
5/22/2026,12/8/2004,SO93497,489,20368,3,1,1
7/5/2026,6/30/2001,SO93498,332,14345,5,1,2
7/5/2026,7/25/2003,SO93498,597,14345,5,2,3
3/3/2026,5/14/2001,SO93499,530,18183,3,1,1
8/13/2026,8/4/2001,SO93500,342,21458,3,1,1
2/12/2026,12/8/2001,SO93501,542,23770,4,1,3
5/7/2026,5/8/2004,SO93502,495,25654,7,1,2
5/7/2026,10/5/2004,SO93502,592,25654,7,2,1
6/16/2026,9/7/2004,SO93503,587,19571,10,1,2
6/16/2026,1/2/2001,SO93503,446,19571,10,2,1
8/9/2026,6/2/2001,SO93504,301,28347,1,1,3
8/9/2026,4/6/2003,SO93504,313,28347,1,2,2
6/24/2026,1/31/2004,SO93505,332,18881,8,1,1
12/14/2026,6/19/2003,SO93506,304,18282,4,1,2
12/14/2026,2/28/2004,SO93507,481,13060,9,1,1
4/28/2026,2/26/2002,SO93508,600,28460,7,1,3
6/12/2026,11/12/2004,SO93509,415,13353,9,1,1
10/31/2026,3/1/2002,SO93510,483,20383,1,1,1
11/9/2026,1/20/2004,SO93511,274,28120,2,1,2
11/9/2026,1/26/2004,SO93511,510,28120,2,2,1
5/9/2026,3/22/2001,SO93512,391,26826,10,1,1
7/1/2026,6/9/2002,SO93513,278,12644,1,1,2
7/1/2026,8/25/2004,SO93513,446,12644,1,2,1
11/18/2026,10/7/2004,SO93514,538,25861,7,1,1
6/29/2026,3/19/2002,SO93515,437,14986,8,1,1
8/5/2026,1/15/2004,SO93516,324,20579,6,1,1
1/17/2026,12/19/2002,SO93517,468,19823,2,1,1
12/22/2026,12/24/2004,SO93518,389,24754,5,1,2
11/11/2026,9/3/2004,SO93519,349,20819,8,1,1
2/17/2026,3/26/2001,SO93520,512,16128,7,1,3
5/29/2026,4/8/2002,SO93521,559,28610,4,1,1
11/8/2026,6/12/2003,SO93522,369,18373,4,1,2
2/16/2026,9/5/2003,SO93523,580,12649,2,1,2
6/22/2026,3/2/2004,SO93524,368,24169,3,1,2
2/18/2026,4/2/2003,SO93525,450,13772,6,1,1
10/26/2026,8/29/2004,SO93526,362,13442,1,1,1
11/26/2026,2/26/2001,SO93527,604,16049,10,1,2
1/26/2026,5/30/2003,SO93528,214,18299,7,1,2
1/26/2026,4/8/2004,SO93528,385,18299,7,2,1
11/15/2026,4/11/2001,SO93529,494,19833,8,1,2
1/20/2026,10/13/2003,SO93530,548,28355,10,1,1
6/16/2026,6/21/2001,SO93531,526,16866,5,1,2
7/7/2026,1/6/2004,SO93532,426,12002,8,1,1
7/7/2026,6/7/2004,SO93532,458,12002,8,2,2
7/7/2026,4/11/2002,SO93532,319,12002,8,3,1
3/19/2026,2/4/2002,SO93533,553,11482,5,1,2
7/10/2026,8/27/2003,SO93534,351,20385,7,1,1
6/30/2026,1/1/2003,SO93535,454,27663,4,1,1
2/18/2026,5/15/2004,SO93536,474,14453,7,1,2
2/21/2026,6/14/2003,SO93537,562,12899,7,1,1
9/2/2026,10/21/2004,SO93538,520,23681,9,1,1
12/23/2026,11/29/2003,SO93539,551,28929,3,1,1
5/16/2026,1/7/2001,SO93540,417,22279,2,1,2
7/14/2026,2/25/2002,SO93541,525,16499,4,1,2
1/17/2026,9/23/2002,SO93542,346,12478,10,1,1
12/23/2026,9/3/2001,SO93543,377,19228,9,1,2
3/2/2026,12/27/2004,SO93544,296,15415,5,1,3
2/15/2026,11/8/2002,SO93545,580,14312,4,1,1
2/2/2026,4/13/2001,SO93546,490,13960,7,1,1
3/19/2026,5/27/2002,SO93547,561,11792,4,1,1
3/19/2026,4/19/2001,SO93547,526,11792,4,2,1
11/5/2026,2/9/2003,SO93548,270,13166,3,1,1
9/9/2026,1/9/2001,SO93549,394,22116,6,1,1
9/9/2026,3/10/2001,SO93549,558,22116,6,2,1
9/9/2026,2/13/2003,SO93549,340,22116,6,3,1
11/2/2026,8/7/2004,SO93550,575,29339,5,1,2
8/31/2026,6/30/2004,SO93551,336,11128,1,1,2
8/3/2026,5/18/2004,SO93552,604,18743,8,1,2
11/13/2026,1/5/2004,SO93553,226,17571,8,1,1
2/23/2026,5/3/2001,SO93554,368,23504,7,1,2
5/31/2026,10/2/2004,SO93555,529,25017,7,1,1
7/4/2026,8/18/2004,SO93556,490,15078,10,1,2
7/4/2026,5/23/2002,SO93556,348,15078,10,2,2
4/25/2026,9/6/2003,SO93557,288,21386,5,1,3
1/16/2026,12/29/2002,SO93558,590,27182,2,1,2
8/22/2026,2/14/2001,SO93559,366,16015,1,1,3
3/10/2026,9/28/2003,SO93560,495,28272,6,1,1
8/30/2026,6/29/2001,SO93561,443,27754,6,1,1
1/11/2026,1/10/2004,SO93562,407,24827,3,1,1
5/31/2026,10/11/2002,SO93563,441,16163,9,1,1
12/1/2026,4/27/2004,SO93564,346,15839,3,1,1
1/29/2026,3/10/2004,SO93565,276,12809,2,1,2
7/27/2026,2/7/2003,SO93566,510,25148,1,1,1
6/30/2026,8/30/2002,SO93567,344,24273,2,1,2
11/29/2026,5/8/2003,SO93568,497,13065,8,1,3
5/10/2026,2/2/2001,SO93569,459,26355,4,1,2
10/26/2026,10/28/2001,SO93570,523,28364,7,1,2
12/29/2026,9/13/2003,SO93571,524,17637,1,1,1
3/10/2026,12/10/2001,SO93572,387,23761,8,1,1
9/24/2026,7/17/2003,SO93573,564,24943,4,1,1
9/17/2026,6/19/2001,SO93574,569,27620,6,1,2
9/17/2026,9/23/2003,SO93574,439,27620,6,2,1
9/17/2026,7/27/2002,SO93574,558,27620,6,3,1
2/6/2026,9/15/2001,SO93575,495,26223,8,1,1
2/6/2026,7/18/2004,SO93575,499,26223,8,2,2
8/28/2026,5/15/2003,SO93576,427,17035,7,1,2
12/11/2026,8/1/2002,SO93577,489,16532,7,1,1
9/24/2026,10/25/2002,SO93578,550,18877,6,1,1
9/24/2026,3/10/2002,SO93578,264,18877,6,2,1
9/24/2026,8/10/2004,SO93578,312,18877,6,3,1
4/27/2026,6/14/2001,SO93579,456,29465,1,1,1
1/15/2026,10/20/2003,SO93580,373,23018,9,1,1
10/12/2026,11/6/2003,SO93581,483,26172,8,1,1
10/12/2026,3/25/2002,SO93581,379,26172,8,2,2
5/7/2026,6/2/2002,SO93582,268,15193,6,1,1
10/27/2026,7/28/2001,SO93583,421,11095,9,1,2
2/10/2026,1/5/2002,SO93584,395,22313,2,1,1
4/27/2026,6/12/2003,SO93585,394,20489,9,1,1
6/10/2026,5/29/2003,SO93586,214,14090,6,1,2
12/16/2026,5/10/2002,SO93587,514,15826,9,1,2
3/23/2026,8/10/2003,SO93588,603,15140,7,1,2
8/31/2026,8/31/2001,SO93589,482,18839,6,1,1
8/31/2026,4/16/2003,SO93589,500,18839,6,2,2
12/3/2026,5/29/2004,SO93590,356,24773,9,1,3
12/3/2026,8/2/2004,SO93590,534,24773,9,2,1
2/11/2026,3/17/2004,SO93591,345,27336,2,1,1
12/12/2026,11/15/2002,SO93592,488,16529,5,1,1
1/8/2026,3/17/2004,SO93593,362,28570,5,1,1
1/6/2026,8/9/2001,SO93594,270,23698,9,1,2
1/6/2026,9/1/2002,SO93594,499,23698,9,2,1
5/28/2026,3/7/2001,SO93595,554,13473,6,1,1
2/21/2026,6/22/2002,SO93596,293,13348,6,1,2
6/1/2026,8/9/2002,SO93597,494,17605,2,1,1
5/11/2026,11/1/2002,SO93598,427,24201,5,1,1
7/19/2026,2/19/2001,SO93599,367,26396,5,1,2
5/22/2026,2/17/2004,SO93600,567,16410,3,1,2
1/27/2026,2/26/2004,SO93601,582,23048,7,1,2
6/20/2026,5/20/2001,SO93602,516,29420,9,1,3
10/29/2026,7/25/2001,SO93603,441,24428,7,1,2
1/3/2026,4/28/2001,SO93604,479,15799,2,1,2
9/29/2026,10/19/2003,SO93605,545,11500,4,1,1
9/29/2026,9/7/2002,SO93605,597,11500,4,2,1
6/5/2026,3/20/2004,SO93606,568,26005,5,1,2
6/13/2026,6/19/2003,SO93607,314,24487,7,1,2
3/28/2026,8/28/2003,SO93608,395,24200,5,1,1
3/28/2026,1/5/2001,SO93608,334,24200,5,2,1
3/28/2026,2/4/2001,SO93608,319,24200,5,3,1
11/12/2026,11/14/2004,SO93609,509,23301,8,1,1
11/12/2026,4/9/2002,SO93609,476,23301,8,2,1
12/2/2026,11/2/2002,SO93610,589,11811,9,1,1
5/3/2026,6/6/2002,SO93611,229,13919,7,1,2
5/3/2026,10/1/2003,SO93611,574,13919,7,2,1
5/30/2026,8/6/2003,SO93612,573,11480,3,1,1
12/20/2026,10/2/2001,SO93613,511,21961,9,1,2
5/29/2026,9/30/2002,SO93614,346,29074,3,1,1
5/29/2026,8/20/2003,SO93614,429,29074,3,2,1
2/14/2026,6/30/2004,SO93615,482,16710,1,1,2
5/2/2026,4/8/2004,SO93616,580,22764,3,1,3
5/9/2026,7/26/2002,SO93617,446,26461,2,1,2
2/7/2026,9/27/2001,SO93618,464,24092,4,1,1
11/28/2026,3/2/2002,SO93619,458,15355,10,1,2
8/8/2026,3/13/2003,SO93620,476,27993,8,1,1
10/27/2026,6/23/2003,SO93621,480,25370,4,1,1
2/22/2026,3/4/2003,SO93622,238,12429,9,1,1
10/5/2026,12/26/2004,SO93623,574,20824,2,1,1
11/24/2026,8/31/2002,SO93624,226,11346,2,1,1
7/24/2026,5/7/2004,SO93625,494,27928,8,1,2
9/22/2026,1/31/2001,SO93626,272,17363,6,1,3
10/21/2026,1/22/2003,SO93627,447,18641,9,1,1
1/2/2026,8/23/2003,SO93628,476,12992,3,1,1
12/28/2026,8/12/2001,SO93629,562,22169,4,1,2
10/27/2026,8/13/2003,SO93630,344,20575,10,1,2
10/12/2026,11/8/2004,SO93631,396,27985,7,1,2
10/12/2026,5/13/2002,SO93631,348,27985,7,2,3
4/7/2026,9/20/2003,SO93632,560,28315,8,1,1
3/25/2026,6/30/2004,SO93633,577,29178,4,1,2
2/24/2026,8/9/2001,SO93634,328,12788,9,1,2
7/14/2026,7/2/2002,SO93635,565,18365,10,1,1
7/14/2026,8/31/2004,SO93635,468,18365,10,2,1
8/25/2026,8/4/2004,SO93636,288,24097,6,1,1
10/4/2026,12/27/2001,SO93637,539,14781,8,1,2
7/7/2026,2/11/2001,SO93638,599,28601,7,1,1
1/16/2026,8/13/2002,SO93639,550,14791,1,1,1
3/9/2026,11/15/2003,SO93640,510,20268,3,1,2
10/24/2026,4/22/2001,SO93641,293,16430,2,1,2
10/22/2026,12/2/2001,SO93642,397,21033,9,1,1
4/29/2026,2/13/2001,SO93643,511,27192,9,1,1
11/6/2026,6/27/2002,SO93644,455,29245,7,1,3
5/11/2026,1/8/2003,SO93645,486,20313,8,1,2
4/21/2026,1/27/2004,SO93646,533,19991,6,1,1
3/17/2026,5/13/2001,SO93647,606,17093,7,1,1
3/17/2026,6/7/2004,SO93647,443,17093,7,2,1
9/5/2026,9/22/2004,SO93648,396,26589,5,1,1
12/18/2026,7/11/2003,SO93649,348,27580,8,1,2
1/24/2026,10/28/2004,SO93650,338,15230,7,1,1
8/9/2026,3/30/2002,SO93651,473,21785,2,1,1
3/18/2026,7/7/2004,SO93652,356,15062,4,1,1
8/26/2026,4/13/2003,SO93653,493,11770,2,1,2
8/28/2026,3/12/2003,SO93654,318,23896,4,1,2
2/2/2026,1/27/2003,SO93655,435,14803,6,1,2
12/7/2026,9/5/2004,SO93656,448,20191,7,1,1
4/9/2026,3/10/2003,SO93657,490,19832,4,1,2
9/18/2026,1/18/2003,SO93658,392,12751,4,1,1
1/18/2026,2/8/2001,SO93659,495,25273,1,1,1
10/18/2026,7/15/2001,SO93660,519,25491,5,1,1
3/7/2026,5/18/2004,SO93661,603,27520,3,1,3
2/11/2026,7/2/2002,SO93662,274,16586,6,1,2
2/1/2026,2/25/2001,SO93663,515,12839,8,1,2
8/15/2026,1/10/2001,SO93664,455,14031,6,1,2
12/28/2026,6/4/2003,SO93665,275,11033,10,1,1
10/20/2026,4/4/2002,SO93666,238,19947,4,1,1
1/25/2026,5/21/2002,SO93667,250,16759,9,1,2
12/18/2026,6/3/2003,SO93668,482,14146,10,1,1
5/17/2026,9/17/2003,SO93669,592,23591,6,1,1
10/18/2026,3/25/2003,SO93670,367,20661,2,1,1
3/15/2026,4/15/2002,SO93671,606,23929,3,1,2
6/12/2026,3/25/2001,SO93672,324,27441,10,1,2
3/17/2026,11/28/2003,SO93673,393,18332,2,1,2
3/17/2026,6/17/2004,SO93673,556,18332,2,2,2
12/5/2026,12/23/2004,SO93674,542,14820,5,1,3
11/12/2026,2/15/2001,SO93675,466,13258,5,1,2
11/29/2026,10/6/2002,SO93676,516,11227,5,1,1
4/14/2026,6/17/2002,SO93677,551,11094,1,1,1
12/23/2026,11/3/2002,SO93678,367,23722,8,1,1
12/23/2026,8/1/2002,SO93678,557,23722,8,2,1
1/16/2026,5/2/2003,SO93679,503,16253,4,1,1
1/16/2026,10/21/2001,SO93679,461,16253,4,2,1
1/5/2026,9/25/2003,SO93680,579,18612,6,1,1
10/30/2026,10/3/2001,SO93681,259,16556,6,1,1
8/23/2026,12/28/2001,SO93682,539,14608,6,1,1
1/18/2026,8/7/2003,SO93683,598,16770,6,1,2
9/10/2026,8/4/2002,SO93684,347,25629,4,1,1
11/6/2026,9/1/2001,SO93685,540,23792,10,1,2
11/22/2026,3/26/2002,SO93686,401,28269,2,1,1
8/24/2026,7/2/2001,SO93687,511,24418,7,1,2
8/5/2026,5/4/2003,SO93688,605,18026,3,1,2
1/10/2026,11/22/2003,SO93689,422,23318,1,1,1
7/19/2026,10/30/2002,SO93690,546,19909,9,1,1
7/19/2026,7/31/2002,SO93690,600,19909,9,2,1
7/19/2026,1/1/2003,SO93690,586,19909,9,3,2
11/6/2026,10/11/2003,SO93691,546,23174,4,1,1
4/23/2026,6/11/2004,SO93692,377,17853,5,1,1
2/10/2026,1/26/2004,SO93693,477,15581,2,1,2
3/23/2026,2/24/2001,SO93694,550,13169,7,1,2
3/23/2026,4/27/2001,SO93694,285,13169,7,2,1
1/3/2026,6/20/2003,SO93695,528,13371,8,1,1
6/29/2026,10/8/2001,SO93696,566,11360,10,1,2
8/4/2026,3/27/2002,SO93697,348,19553,6,1,3
11/18/2026,5/1/2002,SO93698,459,25989,8,1,1
9/20/2026,4/25/2004,SO93699,600,20066,3,1,2
8/24/2026,8/5/2001,SO93700,373,21262,9,1,2
9/17/2026,10/5/2003,SO93701,561,19583,2,1,1
10/29/2026,5/13/2001,SO93702,451,14060,3,1,1
4/1/2026,11/13/2003,SO93703,506,18355,2,1,1
5/12/2026,12/23/2004,SO93704,597,27714,6,1,1
6/8/2026,9/25/2002,SO93705,478,21419,1,1,1
5/7/2026,3/1/2001,SO93706,503,15038,4,1,1
8/12/2026,8/30/2003,SO93707,452,27635,9,1,2
12/15/2026,2/8/2001,SO93708,456,17277,3,1,1
12/15/2026,2/21/2004,SO93708,553,17277,3,2,2
12/15/2026,2/7/2004,SO93708,215,17277,3,3,1
2/14/2026,8/15/2003,SO93709,585,21931,4,1,1
1/10/2026,6/18/2001,SO93710,457,11323,1,1,2
1/13/2026,12/24/2003,SO93711,564,16677,8,1,2
1/13/2026,9/8/2003,SO93712,232,12902,4,1,3
7/24/2026,7/20/2003,SO93713,602,26718,6,1,1
10/14/2026,5/29/2003,SO93714,568,15830,4,1,1
5/22/2026,8/31/2002,SO93715,536,12639,9,1,2
9/4/2026,3/18/2001,SO93716,569,11582,3,1,1
8/27/2026,4/13/2002,SO93717,330,13743,1,1,2
11/27/2026,4/10/2003,SO93718,328,13850,1,1,2
5/12/2026,3/31/2003,SO93719,423,14075,4,1,3
5/12/2026,5/19/2001,SO93719,259,14075,4,2,1
12/15/2026,4/15/2004,SO93720,507,22257,1,1,2
7/20/2026,6/8/2004,SO93721,523,25061,10,1,1
12/6/2026,2/13/2003,SO93722,600,11932,6,1,2
8/9/2026,11/17/2003,SO93723,563,28205,3,1,2
12/15/2026,3/7/2004,SO93724,466,24604,8,1,2
6/21/2026,2/1/2003,SO93725,349,23666,1,1,1
1/6/2026,3/2/2002,SO93726,452,13864,6,1,1
8/20/2026,6/6/2003,SO93727,433,13090,9,1,1
8/20/2026,8/28/2001,SO93727,370,13090,9,2,1
4/16/2026,5/19/2004,SO93728,538,17552,10,1,1
11/12/2026,11/27/2002,SO93729,332,24830,10,1,1
12/2/2026,2/12/2001,SO93730,345,24093,8,1,1
2/7/2026,12/13/2002,SO93731,279,13455,2,1,3
10/18/2026,6/18/2001,SO93732,479,18935,4,1,2
7/3/2026,11/28/2001,SO93733,522,13645,1,1,1
2/19/2026,3/22/2003,SO93734,472,16686,5,1,1
6/5/2026,8/1/2002,SO93735,316,19980,1,1,3
9/2/2026,9/16/2002,SO93736,523,27308,8,1,2
5/11/2026,3/12/2002,SO93737,490,15776,10,1,2
10/7/2026,3/23/2002,SO93738,367,16784,10,1,1
2/26/2026,8/3/2002,SO93739,577,15211,8,1,1
2/26/2026,10/8/2001,SO93739,489,15211,8,2,1
2/26/2026,3/26/2004,SO93739,381,15211,8,3,1
1/2/2026,2/14/2002,SO93740,383,16829,10,1,1
1/2/2026,10/16/2001,SO93740,598,16829,10,2,2
7/14/2026,12/28/2002,SO93741,577,12859,5,1,1
4/17/2026,5/16/2004,SO93742,268,23480,7,1,2
2/26/2026,8/11/2004,SO93743,594,14755,2,1,1
4/1/2026,4/17/2004,SO93744,476,13899,10,1,1
3/30/2026,1/16/2002,SO93745,433,23155,7,1,1
12/12/2026,4/28/2004,SO93746,423,19723,6,1,2
9/8/2026,5/23/2002,SO93747,423,22190,3,1,2
11/7/2026,9/26/2004,SO93748,427,20945,1,1,2
12/3/2026,8/10/2004,SO93749,360,11250,1,1,1
4/14/2026,10/5/2003,SO93750,328,19623,2,1,2
3/1/2026,9/9/2003,SO93751,466,21571,6,1,2
3/1/2026,8/22/2002,SO93751,571,21571,6,2,2
12/15/2026,7/22/2003,SO93752,575,25946,4,1,1
12/26/2026,3/15/2001,SO93753,587,11749,5,1,3
8/8/2026,2/24/2002,SO93754,529,28276,6,1,2
7/11/2026,3/20/2003,SO93755,422,18351,8,1,1
3/29/2026,3/9/2001,SO93756,277,20243,1,1,2
3/29/2026,7/29/2001,SO93756,449,20243,1,2,2
3/29/2026,6/2/2001,SO93756,322,20243,1,3,2
1/27/2026,8/15/2002,SO93757,405,17751,9,1,1
7/17/2026,3/31/2004,SO93758,578,21737,1,1,1
5/3/2026,10/29/2004,SO93759,285,16485,2,1,1
5/3/2026,9/13/2003,SO93759,277,16485,2,2,1
10/30/2026,2/15/2003,SO93760,334,11630,2,1,2
2/17/2026,8/10/2001,SO93761,497,24722,5,1,2
1/29/2026,2/16/2001,SO93762,554,23167,8,1,3
1/29/2026,5/7/2001,SO93762,381,23167,8,2,1
5/5/2026,5/7/2001,SO93763,532,17807,9,1,2
5/2/2026,4/25/2001,SO93764,340,19930,2,1,2
8/9/2026,6/18/2004,SO93765,338,19071,5,1,1
5/21/2026,1/19/2002,SO93766,279,24179,1,1,1
7/9/2026,6/27/2004,SO93767,457,28952,7,1,1
7/12/2026,10/12/2004,SO93768,537,29169,7,1,1
7/12/2026,12/7/2004,SO93768,364,29169,7,2,2
7/12/2026,10/18/2002,SO93768,537,29169,7,3,2
11/28/2026,7/13/2002,SO93769,410,14804,2,1,1
10/18/2026,11/1/2002,SO93770,509,14588,6,1,2
3/4/2026,1/20/2001,SO93771,516,12318,8,1,2
3/4/2026,6/21/2002,SO93771,318,12318,8,2,1
2/13/2026,3/30/2002,SO93772,533,24362,7,1,2
6/28/2026,3/1/2001,SO93773,387,18800,4,1,1
2/11/2026,2/1/2004,SO93774,567,21140,3,1,2
2/11/2026,4/14/2002,SO93774,453,21140,3,2,2
2/11/2026,6/13/2002,SO93774,351,21140,3,3,2
2/21/2026,3/16/2003,SO93775,595,12728,5,1,1
2/21/2026,8/22/2004,SO93775,516,12728,5,2,1
2/21/2026,7/7/2004,SO93775,395,12728,5,3,1
2/6/2026,2/19/2002,SO93776,599,20127,5,1,1
7/17/2026,4/1/2001,SO93777,553,12030,3,1,3
4/19/2026,1/28/2001,SO93778,278,19261,6,1,1
2/8/2026,5/21/2002,SO93779,235,17117,3,1,2
8/11/2026,10/6/2003,SO93780,301,11515,1,1,2
8/17/2026,6/10/2001,SO93781,474,15807,5,1,2
3/9/2026,12/20/2002,SO93782,547,22028,7,1,2
7/2/2026,5/19/2004,SO93783,394,11427,8,1,2
7/2/2026,10/31/2004,SO93783,482,11427,8,2,1
1/9/2026,7/1/2004,SO93784,499,18266,1,1,1
6/4/2026,9/6/2004,SO93785,270,26339,6,1,1
12/21/2026,2/24/2001,SO93786,356,12571,2,1,1
2/22/2026,3/20/2002,SO93787,223,29143,3,1,2
2/8/2026,11/12/2001,SO93788,264,27887,2,1,2
7/13/2026,4/20/2002,SO93789,574,20267,7,1,3
6/25/2026,4/22/2001,SO93790,481,11289,3,1,2
11/26/2026,3/1/2003,SO93791,478,20853,8,1,1
12/1/2026,8/27/2002,SO93792,524,20081,8,1,1
1/5/2026,11/17/2003,SO93793,552,25121,3,1,2
3/18/2026,2/6/2001,SO93794,445,20206,8,1,1
8/17/2026,7/12/2003,SO93795,482,26445,4,1,2
7/22/2026,11/25/2003,SO93796,569,17106,6,1,1
7/27/2026,3/27/2003,SO93797,559,21215,8,1,2
8/30/2026,6/4/2003,SO93798,394,22371,8,1,2
3/4/2026,10/19/2002,SO93799,603,18974,9,1,1
7/27/2026,4/21/2003,SO93800,594,28030,10,1,1
9/9/2026,6/22/2004,SO93801,416,16826,5,1,2
7/14/2026,1/20/2002,SO93802,571,12080,6,1,1
7/14/2026,9/23/2002,SO93802,424,12080,6,2,2
7/23/2026,5/27/2002,SO93803,334,24364,7,1,1
8/26/2026,12/13/2002,SO93804,356,11592,5,1,2
8/26/2026,9/30/2002,SO93804,314,11592,5,2,1
12/23/2026,7/22/2002,SO93805,424,15223,8,1,1
12/23/2026,7/5/2003,SO93805,247,15223,8,2,2
5/21/2026,4/18/2001,SO93806,490,22977,8,1,2
5/21/2026,8/25/2004,SO93806,514,22977,8,2,3
5/27/2026,10/12/2002,SO93807,487,18438,10,1,1
11/2/2026,3/30/2004,SO93808,381,24893,10,1,2
3/18/2026,4/22/2002,SO93809,566,23155,4,1,1
10/28/2026,3/21/2002,SO93810,419,26308,3,1,3
10/5/2026,4/29/2004,SO93811,451,25999,9,1,2
1/19/2026,6/7/2002,SO93812,573,23380,4,1,1
8/17/2026,11/22/2001,SO93813,288,19342,5,1,1
2/26/2026,6/1/2003,SO93814,282,29431,6,1,1
2/25/2026,3/8/2003,SO93815,364,19993,4,1,1
8/31/2026,11/26/2001,SO93816,584,15840,7,1,1
2/23/2026,1/28/2001,SO93817,413,26628,1,1,2
10/29/2026,12/11/2002,SO93818,219,22480,8,1,2
11/18/2026,8/29/2002,SO93819,336,21075,7,1,1
1/18/2026,9/8/2004,SO93820,499,28343,5,1,2
12/13/2026,6/18/2001,SO93821,555,11828,3,1,1
6/14/2026,9/8/2001,SO93822,548,17465,3,1,1
7/14/2026,3/23/2002,SO93823,527,23891,10,1,1
7/14/2026,5/19/2003,SO93823,556,23891,10,2,1
9/16/2026,11/4/2001,SO93824,426,22845,1,1,3
7/14/2026,12/26/2001,SO93825,311,17158,1,1,1
5/23/2026,5/17/2004,SO93826,500,11310,6,1,2
5/23/2026,9/12/2004,SO93826,394,11310,6,2,1
12/21/2026,9/27/2003,SO93827,475,28641,10,1,1
7/27/2026,9/2/2001,SO93828,529,22189,9,1,2
3/27/2026,8/16/2004,SO93829,441,20758,8,1,1
6/8/2026,3/23/2002,SO93830,437,13118,1,1,2
6/6/2026,9/16/2001,SO93831,350,24313,10,1,1
6/20/2026,2/24/2003,SO93832,461,21925,4,1,1
12/19/2026,3/4/2004,SO93833,315,21903,10,1,2
12/19/2026,12/19/2001,SO93833,292,21903,10,2,2
12/19/2026,3/5/2004,SO93833,501,21903,10,3,1
8/16/2026,9/23/2001,SO93834,571,14439,4,1,1
5/31/2026,5/27/2004,SO93835,492,18086,7,1,2
11/17/2026,6/15/2001,SO93836,307,27918,6,1,1
1/29/2026,3/29/2004,SO93837,304,17587,10,1,2
1/29/2026,10/19/2002,SO93837,484,17587,10,2,1
1/29/2026,12/11/2004,SO93837,414,17587,10,3,1
7/10/2026,2/6/2002,SO93838,591,13619,6,1,1
9/1/2026,3/27/2002,SO93839,226,29022,10,1,1
12/10/2026,5/29/2002,SO93840,364,19149,7,1,3
8/8/2026,4/17/2002,SO93841,422,29207,8,1,3
4/9/2026,1/30/2001,SO93842,307,12331,6,1,2
4/9/2026,2/20/2001,SO93842,568,12331,6,2,2
12/4/2026,4/27/2002,SO93843,522,26293,2,1,1
3/23/2026,5/9/2002,SO93844,534,13921,5,1,1
5/8/2026,1/30/2002,SO93845,496,15853,6,1,2
7/19/2026,12/24/2002,SO93846,547,15857,9,1,1
4/1/2026,1/1/2001,SO93847,415,22504,3,1,1
4/1/2026,6/18/2001,SO93847,276,22504,3,2,1
4/1/2026,1/31/2001,SO93847,584,22504,3,3,2
10/25/2026,12/26/2004,SO93848,288,24656,5,1,1
3/9/2026,8/8/2004,SO93849,556,29013,10,1,1
6/1/2026,10/22/2002,SO93850,293,12705,8,1,1
1/1/2026,7/5/2002,SO93851,481,11197,8,1,2
2/10/2026,2/25/2003,SO93852,459,29329,2,1,2
11/15/2026,10/1/2004,SO93853,256,23971,2,1,2
9/30/2026,10/10/2004,SO93854,437,15574,1,1,1
9/30/2026,6/26/2003,SO93854,301,15574,1,2,1
7/1/2026,11/30/2001,SO93855,423,12063,4,1,2
4/2/2026,5/16/2003,SO93856,354,20101,6,1,2
4/2/2026,1/11/2003,SO93856,515,20101,6,2,2
11/7/2026,2/15/2001,SO93857,320,12059,10,1,1
11/7/2026,9/25/2001,SO93857,551,12059,10,2,2
11/30/2026,4/23/2002,SO93858,282,23418,8,1,2
1/5/2026,8/26/2002,SO93859,507,11283,9,1,2
1/5/2026,11/18/2001,SO93859,426,11283,9,2,1
2/18/2026,1/29/2001,SO93860,411,13049,9,1,3
1/27/2026,4/20/2002,SO93861,505,29362,7,1,1
12/16/2026,12/7/2002,SO93862,490,29474,9,1,2
12/16/2026,7/4/2002,SO93862,348,29474,9,2,2
7/14/2026,10/19/2002,SO93863,591,15682,10,1,2
11/5/2026,10/1/2001,SO93864,358,23190,8,1,2
8/5/2026,3/12/2002,SO93865,601,16890,9,1,1
10/25/2026,3/23/2004,SO93866,377,20993,4,1,1
10/25/2026,3/23/2004,SO93866,433,20993,4,2,1
10/12/2026,5/28/2002,SO93867,275,19627,3,1,1
10/12/2026,3/2/2001,SO93867,600,19627,3,2,1
6/16/2026,7/10/2004,SO93868,478,13784,10,1,1
5/6/2026,9/5/2004,SO93869,587,24537,5,1,1
5/21/2026,8/22/2002,SO93870,334,29293,2,1,2
9/13/2026,10/8/2001,SO93871,484,17560,5,1,2
9/13/2026,9/6/2002,SO93871,471,17560,5,2,1
4/17/2026,1/15/2002,SO93872,574,16214,4,1,2
11/30/2026,11/12/2002,SO93873,600,21136,4,1,2
3/15/2026,3/30/2004,SO93874,575,21942,9,1,1
1/30/2026,5/31/2003,SO93875,259,21864,1,1,2
6/1/2026,4/16/2001,SO93876,315,19685,10,1,3
6/30/2026,12/25/2004,SO93877,282,23718,5,1,1
6/30/2026,4/22/2001,SO93877,561,23718,5,2,1
6/30/2026,4/29/2001,SO93877,562,23718,5,3,1
3/27/2026,2/26/2003,SO93878,300,20189,7,1,1
6/26/2026,6/11/2001,SO93879,412,16519,9,1,1
7/25/2026,2/2/2004,SO93880,520,11709,3,1,2
7/25/2026,7/19/2001,SO93880,214,11709,3,2,1
7/25/2026,11/11/2003,SO93880,454,11709,3,3,2
7/15/2026,2/19/2003,SO93881,575,28347,7,1,1
7/15/2026,8/28/2002,SO93881,538,28347,7,2,1
11/28/2026,9/13/2003,SO93882,278,17107,4,1,1
5/3/2026,4/10/2002,SO93883,340,26155,7,1,1
8/11/2026,7/24/2002,SO93884,529,28509,5,1,1
8/11/2026,8/23/2002,SO93884,310,28509,5,2,2
4/30/2026,6/9/2004,SO93885,253,19679,9,1,1
12/17/2026,1/19/2002,SO93886,403,21885,6,1,1
12/17/2026,3/3/2003,SO93886,319,21885,6,2,1
7/30/2026,5/21/2004,SO93887,313,27877,4,1,2
11/25/2026,12/9/2002,SO93888,538,28843,9,1,3
12/5/2026,5/26/2004,SO93889,426,24907,3,1,3
12/5/2026,3/18/2001,SO93889,375,24907,3,2,1
12/15/2026,7/31/2003,SO93890,310,21864,1,1,2
8/28/2026,9/5/2004,SO93891,454,27651,1,1,1
4/18/2026,1/31/2001,SO93892,313,18829,3,1,1
8/28/2026,8/21/2003,SO93893,250,11706,4,1,1
1/4/2026,10/1/2003,SO93894,264,16199,1,1,1
1/4/2026,3/17/2004,SO93894,460,16199,1,2,2
3/15/2026,7/2/2002,SO93895,536,15363,7,1,2
3/15/2026,6/27/2002,SO93895,397,15363,7,2,2
3/15/2026,9/19/2004,SO93895,461,15363,7,3,1
5/20/2026,5/1/2004,SO93896,270,11520,7,1,1
12/16/2026,8/6/2002,SO93897,310,27560,2,1,2
8/7/2026,11/4/2004,SO93898,551,19655,5,1,1
1/2/2026,3/30/2001,SO93899,256,24436,2,1,1
1/2/2026,12/14/2004,SO93899,312,24436,2,2,2
5/16/2026,11/19/2003,SO93900,423,14041,7,1,1
4/28/2026,2/6/2004,SO93901,293,13063,2,1,1
4/28/2026,1/23/2001,SO93901,403,13063,2,2,2
12/30/2026,11/18/2002,SO93902,524,18968,1,1,1
11/6/2026,9/28/2003,SO93903,506,24367,10,1,1
11/27/2026,4/10/2002,SO93904,479,25749,3,1,2
2/17/2026,5/2/2003,SO93905,266,23731,1,1,2
11/10/2026,9/18/2002,SO93906,420,18780,1,1,2
1/10/2026,6/15/2004,SO93907,537,16669,8,1,2
1/10/2026,2/26/2001,SO93907,457,16669,8,2,2
5/31/2026,3/24/2002,SO93908,590,28357,2,1,1
11/6/2026,9/1/2002,SO93909,338,15876,4,1,1
12/6/2026,6/22/2004,SO93910,592,24348,9,1,2
7/21/2026,10/19/2002,SO93911,548,21286,1,1,1
9/30/2026,11/1/2002,SO93912,419,18013,4,1,1
3/9/2026,4/8/2003,SO93913,375,13280,8,1,3
3/6/2026,8/29/2004,SO93914,482,13224,4,1,2
2/25/2026,4/26/2004,SO93915,568,24227,3,1,1
11/10/2026,12/23/2004,SO93916,324,26001,4,1,2
11/8/2026,2/8/2003,SO93917,214,17320,1,1,2
10/27/2026,1/9/2001,SO93918,385,21266,5,1,2
1/26/2026,6/16/2002,SO93919,419,28586,2,1,1
11/3/2026,12/7/2003,SO93920,413,19791,1,1,1
1/6/2026,8/18/2002,SO93921,417,25474,10,1,1
9/4/2026,6/10/2004,SO93922,593,18556,1,1,1
9/4/2026,10/18/2002,SO93922,429,18556,1,2,1
7/14/2026,8/25/2002,SO93923,389,13274,9,1,2
7/14/2026,3/27/2001,SO93923,285,13274,9,2,2
10/8/2026,5/12/2004,SO93924,492,28120,1,1,2
10/14/2026,5/19/2002,SO93925,375,14935,7,1,1
1/4/2026,4/18/2002,SO93926,469,17201,7,1,2
2/7/2026,4/25/2003,SO93927,332,23372,6,1,1
10/26/2026,1/6/2002,SO93928,543,25943,3,1,1
4/24/2026,10/31/2002,SO93929,223,17309,2,1,2
3/5/2026,8/22/2003,SO93930,385,12212,1,1,1
3/18/2026,9/24/2004,SO93931,527,25948,2,1,2
4/9/2026,4/20/2002,SO93932,238,12251,8,1,1
4/9/2026,2/10/2003,SO93932,524,12251,8,2,1
5/4/2026,4/18/2001,SO93933,277,11684,6,1,2
7/20/2026,10/6/2003,SO93934,555,27873,6,1,1
2/24/2026,11/30/2002,SO93935,423,24597,7,1,1
10/11/2026,10/12/2004,SO93936,491,12961,7,1,1
11/19/2026,1/19/2003,SO93937,452,16642,2,1,1
7/18/2026,10/23/2002,SO93938,338,20633,1,1,1
6/12/2026,12/24/2002,SO93939,507,29000,2,1,2
5/25/2026,6/20/2004,SO93940,515,26734,3,1,2
7/11/2026,7/7/2001,SO93941,541,28635,4,1,2
7/11/2026,6/1/2003,SO93941,510,28635,4,2,1
11/30/2026,12/9/2002,SO93942,421,22530,6,1,2
2/18/2026,5/16/2003,SO93943,296,11294,3,1,2
4/24/2026,8/21/2004,SO93944,559,22350,7,1,1
12/1/2026,3/21/2002,SO93945,394,11550,7,1,1
9/19/2026,3/15/2003,SO93946,589,20396,5,1,1
8/18/2026,2/4/2003,SO93947,470,29451,4,1,1
11/14/2026,9/12/2002,SO93948,599,26549,10,1,1
8/15/2026,4/25/2003,SO93949,277,14809,8,1,1
8/15/2026,9/28/2001,SO93949,416,14809,8,2,3
9/19/2026,7/11/2004,SO93950,578,28054,2,1,1
9/19/2026,10/4/2002,SO93950,534,28054,2,2,3
3/24/2026,3/10/2004,SO93951,385,26365,7,1,3
1/19/2026,6/8/2002,SO93952,602,22831,6,1,2
1/19/2026,7/15/2001,SO93952,538,22831,6,2,1
10/1/2026,8/19/2001,SO93953,555,24894,8,1,2
3/27/2026,2/21/2003,SO93954,598,12457,6,1,1
3/3/2026,7/17/2004,SO93955,358,23832,6,1,2
11/8/2026,9/21/2001,SO93956,537,12766,9,1,1
10/10/2026,7/1/2004,SO93957,324,24266,10,1,2
8/2/2026,7/28/2002,SO93958,490,17866,5,1,1
6/5/2026,2/2/2004,SO93959,349,21209,2,1,1
6/5/2026,9/2/2003,SO93959,420,21209,2,2,1
6/5/2026,2/14/2003,SO93959,512,21209,2,3,2
1/11/2026,5/15/2001,SO93960,419,23860,3,1,1
6/14/2026,1/23/2003,SO93961,600,20870,9,1,2
7/31/2026,3/25/2002,SO93962,604,24072,5,1,1
7/31/2026,3/7/2002,SO93962,250,24072,5,2,1
11/8/2026,2/26/2004,SO93963,577,19428,10,1,1
4/4/2026,2/13/2001,SO93964,590,13875,10,1,2
10/21/2026,8/7/2002,SO93965,324,22122,4,1,2
8/7/2026,7/24/2002,SO93966,491,21931,7,1,1
8/7/2026,1/11/2001,SO93966,569,21931,7,2,1
11/10/2026,8/20/2001,SO93967,413,28945,5,1,1
11/1/2026,6/28/2004,SO93968,247,20019,3,1,2
7/7/2026,3/18/2004,SO93969,484,19267,6,1,2
5/5/2026,3/17/2003,SO93970,501,24602,4,1,1
9/4/2026,6/17/2003,SO93971,567,26939,10,1,2
5/20/2026,8/5/2003,SO93972,220,19344,3,1,2
12/18/2026,1/30/2002,SO93973,415,26989,2,1,1
2/4/2026,8/27/2004,SO93974,520,28974,9,1,2
8/13/2026,10/2/2001,SO93975,589,24724,8,1,1
5/8/2026,11/30/2001,SO93976,462,18526,3,1,1
6/23/2026,7/4/2001,SO93977,459,12423,3,1,2
7/10/2026,11/22/2004,SO93978,235,18891,1,1,2
10/15/2026,7/27/2001,SO93979,560,22506,2,1,2
10/15/2026,1/29/2001,SO93979,504,22506,2,2,2
10/15/2026,12/1/2003,SO93979,324,22506,2,3,1
11/14/2026,5/29/2002,SO93980,448,25813,8,1,1
4/27/2026,4/25/2002,SO93981,580,28812,3,1,2
7/3/2026,4/27/2001,SO93982,533,23354,4,1,2
2/27/2026,8/22/2003,SO93983,536,22170,3,1,1
3/11/2026,7/21/2001,SO93984,564,19895,8,1,1
3/11/2026,7/6/2002,SO93984,582,19895,8,2,1
11/26/2026,5/23/2003,SO93985,476,25206,10,1,3
5/18/2026,9/21/2001,SO93986,603,26768,5,1,2
3/14/2026,4/27/2001,SO93987,604,17894,2,1,2
11/15/2026,10/23/2001,SO93988,451,27444,4,1,2
11/8/2026,3/26/2003,SO93989,320,29246,8,1,1
11/8/2026,5/1/2001,SO93989,587,29246,8,2,3
11/8/2026,8/25/2003,SO93989,368,29246,8,3,1
4/27/2026,5/23/2003,SO93990,324,18605,8,1,1
4/13/2026,10/7/2003,SO93991,503,11551,6,1,1
6/5/2026,7/5/2004,SO93992,579,23240,9,1,2
6/3/2026,5/26/2004,SO93993,606,28177,3,1,1
3/2/2026,4/9/2002,SO93994,214,20267,7,1,2
5/5/2026,8/19/2003,SO93995,387,24000,10,1,2
5/5/2026,3/11/2002,SO93995,270,24000,10,2,1
4/21/2026,10/4/2001,SO93996,358,26230,8,1,2
6/10/2026,9/24/2001,SO93997,250,12671,6,1,1
6/10/2026,1/5/2001,SO93997,330,12671,6,2,1
6/10/2026,9/24/2002,SO93997,535,12671,6,3,1
10/23/2026,2/27/2004,SO93998,499,24497,1,1,2
4/1/2026,10/6/2001,SO93999,581,17952,1,1,1
5/17/2026,4/21/2003,SO94000,336,27248,8,1,2
4/16/2026,9/10/2003,SO94001,277,18231,10,1,2
3/24/2026,8/23/2001,SO94002,563,17807,2,1,2
3/24/2026,10/5/2004,SO94002,393,17807,2,2,2
6/15/2026,9/17/2003,SO94003,270,28573,5,1,1
6/25/2026,7/7/2003,SO94004,443,24435,1,1,1
7/1/2026,2/13/2001,SO94005,371,13066,4,1,1
11/17/2026,12/8/2003,SO94006,490,15665,10,1,3
10/12/2026,1/12/2004,SO94007,266,22928,10,1,1
11/30/2026,4/21/2004,SO94008,553,26710,10,1,1
11/30/2026,10/19/2002,SO94008,235,26710,10,2,1
12/13/2026,7/8/2001,SO94009,415,20035,4,1,2
11/2/2026,12/30/2002,SO94010,600,24720,3,1,2
11/23/2026,8/5/2004,SO94011,596,15250,2,1,1
3/27/2026,10/30/2004,SO94012,426,26464,1,1,3
11/30/2026,11/12/2001,SO94013,313,13673,4,1,1
6/19/2026,5/30/2001,SO94014,570,15668,9,1,3
6/19/2026,1/30/2004,SO94014,584,15668,9,2,1
6/19/2026,8/20/2002,SO94014,301,15668,9,3,2
4/8/2026,3/3/2002,SO94015,262,16850,7,1,1
6/12/2026,6/7/2001,SO94016,513,11109,8,1,1
1/7/2026,5/19/2003,SO94017,474,18308,5,1,2
3/7/2026,8/21/2003,SO94018,411,12547,9,1,1
12/27/2026,8/26/2004,SO94019,543,26078,5,1,2
9/2/2026,9/27/2001,SO94020,214,17670,6,1,2
7/23/2026,7/28/2003,SO94021,387,17336,7,1,2
10/5/2026,8/29/2004,SO94022,577,17910,6,1,2
6/8/2026,1/20/2003,SO94023,354,12119,2,1,2
5/25/2026,8/25/2002,SO94024,371,20560,1,1,1
5/25/2026,7/10/2001,SO94024,435,20560,1,2,2
10/9/2026,5/6/2003,SO94025,511,24674,9,1,2
9/11/2026,12/11/2001,SO94026,487,12892,6,1,2
3/15/2026,9/18/2004,SO94027,535,22113,5,1,1
3/15/2026,9/16/2003,SO94027,413,22113,5,2,1
3/15/2026,2/21/2004,SO94027,523,22113,5,3,1
6/29/2026,7/2/2002,SO94028,336,29029,10,1,2
6/29/2026,1/16/2004,SO94028,454,29029,10,2,2
1/10/2026,9/5/2002,SO94029,461,25551,2,1,1
10/4/2026,7/20/2002,SO94030,277,29149,5,1,2
2/14/2026,2/7/2001,SO94031,401,20916,8,1,1
10/27/2026,8/20/2003,SO94032,522,11359,10,1,1
9/30/2026,9/16/2003,SO94033,531,21017,9,1,1
10/5/2026,2/18/2004,SO94034,367,25511,6,1,1
2/9/2026,12/26/2001,SO94035,409,20168,4,1,1
5/23/2026,6/28/2004,SO94036,460,16236,4,1,2
11/5/2026,6/24/2001,SO94037,250,20885,1,1,1
2/17/2026,1/13/2001,SO94038,456,25791,4,1,3
2/17/2026,3/4/2004,SO94038,519,25791,4,2,1
6/6/2026,4/5/2001,SO94039,373,18074,7,1,1
9/17/2026,4/11/2001,SO94040,508,25924,2,1,1
1/12/2026,2/20/2003,SO94041,425,12349,2,1,2
10/1/2026,1/7/2004,SO94042,589,18808,10,1,2
7/15/2026,9/19/2003,SO94043,423,17294,10,1,2
3/21/2026,7/15/2002,SO94044,375,14891,1,1,1
1/29/2026,6/2/2003,SO94045,486,24847,10,1,2
11/4/2026,9/11/2001,SO94046,525,14668,9,1,1
11/4/2026,9/10/2003,SO94046,393,14668,9,2,2
11/4/2026,2/25/2003,SO94046,593,14668,9,3,2
4/7/2026,6/17/2003,SO94047,571,17024,8,1,2
4/7/2026,7/16/2004,SO94047,439,17024,8,2,1
4/17/2026,8/15/2002,SO94048,371,18609,6,1,2
4/17/2026,12/24/2004,SO94048,529,18609,6,2,2
8/27/2026,6/2/2003,SO94049,522,16576,8,1,1
8/27/2026,6/22/2001,SO94049,577,16576,8,2,1
7/15/2026,1/11/2003,SO94050,394,22164,3,1,2
1/24/2026,5/15/2003,SO94051,413,15790,9,1,1
4/7/2026,12/1/2003,SO94052,360,18834,7,1,2
5/21/2026,8/1/2004,SO94053,451,27170,3,1,2
11/12/2026,12/26/2001,SO94054,473,28977,8,1,1
12/21/2026,12/15/2002,SO94055,241,16671,5,1,1
3/14/2026,11/15/2004,SO94056,570,16991,6,1,3
11/9/2026,11/2/2001,SO94057,285,11069,10,1,2
9/25/2026,8/31/2001,SO94058,575,21746,3,1,1
11/3/2026,11/7/2001,SO94059,279,20644,6,1,2
7/7/2026,10/2/2004,SO94060,598,13763,6,1,2
2/19/2026,5/29/2001,SO94061,600,21754,8,1,2
1/5/2026,12/7/2003,SO94062,573,14541,8,1,3
1/5/2026,6/14/2001,SO94062,373,14541,8,2,1
1/5/2026,3/9/2004,SO94062,270,14541,8,3,1
9/14/2026,3/6/2004,SO94063,266,20026,9,1,1
5/11/2026,5/3/2001,SO94064,560,17876,7,1,1
4/27/2026,10/1/2002,SO94065,345,28325,6,1,1
11/30/2026,3/26/2001,SO94066,557,27415,4,1,1
11/29/2026,10/5/2003,SO94067,498,27436,10,1,2
7/3/2026,5/24/2002,SO94068,470,16408,2,1,1
3/23/2026,11/17/2004,SO94069,542,17968,6,1,2
4/24/2026,6/5/2003,SO94070,532,28053,3,1,2
5/23/2026,10/2/2004,SO94071,419,15289,5,1,1
7/7/2026,10/14/2002,SO94072,523,25235,9,1,1
4/11/2026,12/10/2001,SO94073,539,17158,7,1,1
4/11/2026,5/8/2002,SO94073,417,17158,7,2,2
4/11/2026,7/25/2004,SO94073,349,17158,7,3,1
3/14/2026,11/5/2002,SO94074,392,21917,2,1,2
5/31/2026,5/17/2003,SO94075,232,23190,4,1,1
8/29/2026,11/8/2002,SO94076,576,22728,4,1,2
7/28/2026,2/23/2002,SO94077,352,24449,9,1,2
3/1/2026,12/22/2004,SO94078,479,28614,10,1,1
11/14/2026,6/18/2003,SO94079,405,14368,6,1,2
9/19/2026,10/23/2002,SO94080,498,20364,1,1,1
12/9/2026,2/18/2003,SO94081,307,22852,2,1,2
5/17/2026,6/17/2002,SO94082,569,28473,5,1,2
4/5/2026,12/24/2003,SO94083,278,28543,2,1,2
4/11/2026,2/13/2003,SO94084,536,11608,5,1,2
4/11/2026,5/20/2002,SO94084,496,11608,5,2,1
7/3/2026,4/27/2002,SO94085,324,21275,2,1,2
11/30/2026,7/13/2002,SO94086,452,11806,5,1,1
11/30/2026,12/10/2004,SO94086,417,11806,5,2,2
7/19/2026,10/8/2004,SO94087,602,27432,9,1,2
4/20/2026,8/9/2002,SO94088,264,22310,6,1,2
1/11/2026,6/15/2004,SO94089,579,20662,4,1,1
9/11/2026,10/4/2003,SO94090,401,25855,10,1,1
6/25/2026,8/24/2004,SO94091,542,14682,6,1,1
11/21/2026,1/29/2001,SO94092,461,23063,8,1,1
11/21/2026,4/1/2002,SO94092,396,23063,8,2,1
8/13/2026,11/5/2004,SO94093,437,15636,2,1,2
1/14/2026,3/2/2003,SO94094,413,19445,7,1,1
7/23/2026,11/10/2003,SO94095,605,22417,7,1,1
7/10/2026,7/6/2003,SO94096,437,12565,7,1,1
7/10/2026,8/5/2003,SO94096,481,12565,7,2,1
7/10/2026,10/3/2003,SO94096,489,12565,7,3,1
2/24/2026,4/8/2001,SO94097,498,21408,4,1,2
2/24/2026,3/21/2003,SO94097,600,21408,4,2,2
2/24/2026,8/1/2002,SO94097,506,21408,4,3,1
6/24/2026,12/12/2004,SO94098,223,11757,9,1,1
9/25/2026,7/11/2003,SO94099,452,13716,2,1,2
6/30/2026,1/18/2001,SO94100,515,27698,4,1,1
2/27/2026,8/19/2004,SO94101,370,28058,6,1,2
2/27/2026,4/18/2004,SO94101,601,28058,6,2,1
8/29/2026,8/27/2003,SO94102,491,27128,7,1,2
8/29/2026,2/26/2003,SO94102,586,27128,7,2,2
6/29/2026,12/7/2003,SO94103,300,22685,5,1,1
11/2/2026,1/30/2004,SO94104,600,21569,10,1,1
5/30/2026,5/18/2003,SO94105,587,22793,6,1,2
4/25/2026,7/31/2002,SO94106,558,21155,3,1,1
9/26/2026,12/24/2004,SO94107,576,11877,1,1,1
2/4/2026,11/15/2001,SO94108,336,14831,4,1,2
5/13/2026,9/4/2001,SO94109,313,28970,9,1,1
7/15/2026,2/1/2003,SO94110,427,28732,9,1,1
8/8/2026,11/11/2002,SO94111,410,12049,1,1,2
10/20/2026,10/30/2002,SO94112,596,15872,9,1,1
10/3/2026,10/1/2001,SO94113,534,18910,6,1,1
9/8/2026,9/14/2002,SO94114,238,15293,2,1,1
1/29/2026,7/15/2001,SO94115,549,16736,6,1,1
2/11/2026,7/13/2004,SO94116,464,24222,8,1,1
2/11/2026,11/15/2002,SO94116,428,24222,8,2,1
1/27/2026,12/28/2004,SO94117,521,14940,3,1,3
10/20/2026,7/7/2001,SO94118,454,27448,6,1,1
12/7/2026,1/1/2003,SO94119,551,13310,4,1,1
9/11/2026,1/18/2001,SO94120,318,12216,2,1,2
9/11/2026,6/27/2004,SO94120,371,12216,2,2,2
9/4/2026,10/6/2003,SO94121,558,28171,3,1,1
9/23/2026,11/29/2002,SO94122,214,24515,7,1,2
10/8/2026,1/21/2002,SO94123,350,19399,10,1,1
7/7/2026,11/8/2004,SO94124,379,29411,7,1,1
7/7/2026,11/3/2001,SO94124,433,29411,7,2,2
10/5/2026,6/12/2002,SO94125,348,22468,3,1,1
2/23/2026,12/13/2001,SO94126,518,15077,6,1,2
7/10/2026,7/24/2003,SO94127,516,25122,1,1,2
7/10/2026,5/24/2001,SO94127,451,25122,1,2,1
12/18/2026,7/28/2002,SO94128,413,16350,7,1,1
9/26/2026,11/26/2004,SO94129,288,21426,8,1,1
9/11/2026,2/11/2003,SO94130,360,20812,8,1,1
9/11/2026,6/28/2001,SO94130,396,20812,8,2,1
3/25/2026,4/30/2001,SO94131,521,18598,1,1,3
9/7/2026,3/20/2001,SO94132,531,22845,5,1,2
4/25/2026,4/17/2001,SO94133,340,25814,4,1,1
4/25/2026,11/7/2003,SO94133,477,25814,4,2,2
6/3/2026,5/26/2004,SO94134,456,29172,5,1,1
8/12/2026,5/3/2001,SO94135,522,22762,1,1,1
7/19/2026,3/31/2004,SO94136,555,24573,6,1,2
7/24/2026,8/19/2003,SO94137,419,23810,10,1,1
4/9/2026,6/30/2004,SO94138,567,14705,1,1,1
12/25/2026,4/6/2002,SO94139,340,25662,6,1,3
9/1/2026,5/23/2004,SO94140,324,15952,9,1,2
9/1/2026,3/31/2002,SO94140,534,15952,9,2,3
6/1/2026,7/30/2003,SO94141,279,28845,7,1,2
8/26/2026,5/21/2002,SO94142,367,14978,10,1,2
3/30/2026,12/14/2002,SO94143,526,19427,6,1,2
1/18/2026,8/30/2004,SO94144,523,21954,7,1,1
4/15/2026,5/5/2003,SO94145,575,11467,8,1,1
4/15/2026,5/15/2001,SO94145,324,11467,8,2,2
1/24/2026,2/1/2002,SO94146,395,18597,8,1,2
1/24/2026,2/7/2003,SO94146,523,18597,8,2,3
5/30/2026,6/24/2002,SO94147,553,13071,3,1,2
8/30/2026,7/20/2004,SO94148,546,24903,4,1,2
6/4/2026,7/8/2003,SO94149,277,17115,10,1,1
1/1/2026,3/23/2003,SO94150,553,19706,3,1,2
5/5/2026,1/11/2001,SO94151,410,12398,6,1,1
1/21/2026,5/28/2002,SO94152,555,26590,2,1,1
1/27/2026,5/19/2002,SO94153,473,23325,2,1,2
5/7/2026,11/15/2004,SO94154,328,16604,2,1,1
9/25/2026,9/23/2002,SO94155,527,14593,6,1,1
12/23/2026,6/6/2004,SO94156,452,26224,4,1,2
7/14/2026,7/16/2001,SO94157,315,16929,9,1,1
1/2/2026,2/25/2003,SO94158,296,25024,5,1,1
1/2/2026,11/1/2003,SO94158,591,25024,5,2,1
1/2/2026,12/8/2002,SO94158,530,25024,5,3,2
6/16/2026,9/2/2003,SO94159,515,23644,7,1,2
6/16/2026,6/25/2001,SO94159,235,23644,7,2,1
8/6/2026,11/6/2001,SO94160,602,29010,10,1,1
12/22/2026,5/14/2004,SO94161,401,18853,3,1,1
3/31/2026,11/11/2004,SO94162,362,27645,10,1,1
3/31/2026,10/25/2003,SO94162,441,27645,10,2,1
3/31/2026,12/25/2002,SO94162,354,27645,10,3,2
4/15/2026,4/27/2004,SO94163,383,13210,9,1,2
9/22/2026,6/8/2001,SO94164,446,17260,6,1,1
7/14/2026,4/10/2004,SO94165,576,17843,2,1,1
12/4/2026,4/23/2003,SO94166,354,17624,3,1,2
12/4/2026,5/15/2004,SO94166,536,17624,3,2,1
12/4/2026,10/25/2001,SO94166,514,17624,3,3,2
8/13/2026,11/24/2001,SO94167,605,15564,4,1,1
3/5/2026,12/21/2002,SO94168,596,22781,2,1,1
4/20/2026,6/3/2004,SO94169,300,23606,4,1,2
11/28/2026,9/20/2004,SO94170,507,28083,7,1,1
11/28/2026,5/26/2002,SO94170,593,28083,7,2,1
9/28/2026,1/1/2003,SO94171,560,24020,10,1,2
9/28/2026,7/21/2004,SO94171,586,24020,10,2,1
11/23/2026,4/6/2002,SO94172,369,20616,1,1,1
8/2/2026,3/6/2002,SO94173,520,14929,2,1,1
5/16/2026,4/16/2001,SO94174,537,25852,2,1,1
7/9/2026,7/22/2004,SO94175,581,11109,9,1,1
9/5/2026,3/29/2002,SO94176,445,28442,10,1,1
8/22/2026,7/2/2004,SO94177,548,12514,4,1,1
1/26/2026,9/1/2003,SO94178,299,26601,3,1,2
11/29/2026,11/22/2002,SO94179,476,11830,8,1,1
10/15/2026,1/4/2002,SO94180,494,18518,3,1,1
1/1/2026,9/26/2004,SO94181,540,13176,6,1,2
1/1/2026,6/13/2003,SO94181,238,13176,6,2,1
4/17/2026,9/7/2002,SO94182,486,18585,2,1,1
1/26/2026,11/12/2001,SO94183,389,21972,3,1,2
8/7/2026,6/6/2002,SO94184,241,23562,6,1,1
12/14/2026,9/1/2004,SO94185,426,25504,6,1,1
12/14/2026,11/30/2004,SO94185,458,25504,6,2,1
10/3/2026,5/18/2002,SO94186,437,22998,4,1,1
10/31/2026,8/30/2002,SO94187,492,27400,2,1,1
8/1/2026,12/11/2004,SO94188,314,21956,4,1,2
8/1/2026,9/12/2001,SO94188,604,21956,4,2,2
10/14/2026,2/18/2002,SO94189,536,28510,1,1,1
8/12/2026,7/22/2001,SO94190,324,22034,4,1,1
9/21/2026,11/3/2002,SO94191,446,24611,7,1,2
7/5/2026,5/16/2004,SO94192,590,22545,3,1,1
5/15/2026,1/24/2004,SO94193,597,11098,6,1,2
9/26/2026,1/30/2001,SO94194,318,24382,2,1,1
9/26/2026,11/4/2001,SO94194,602,24382,2,2,1
2/14/2026,10/24/2003,SO94195,414,11128,2,1,1
2/20/2026,3/8/2003,SO94196,528,11243,2,1,1
5/17/2026,6/18/2003,SO94197,375,13275,8,1,1
2/1/2026,12/10/2003,SO94198,412,13896,7,1,2
6/20/2026,11/30/2001,SO94199,494,24108,5,1,3
10/10/2026,7/6/2004,SO94200,381,22230,8,1,1
10/10/2026,10/23/2003,SO94200,427,22230,8,2,1
10/25/2026,2/17/2003,SO94201,424,21271,8,1,1
10/7/2026,2/27/2004,SO94202,591,16560,5,1,1
10/18/2026,10/13/2004,SO94203,526,21154,1,1,1
8/17/2026,12/8/2002,SO94204,223,23012,1,1,2
6/15/2026,3/7/2003,SO94205,437,17789,8,1,1
6/15/2026,9/4/2001,SO94205,441,17789,8,2,2
8/14/2026,10/23/2004,SO94206,394,13599,8,1,2
1/19/2026,11/29/2003,SO94207,262,18575,7,1,1
1/19/2026,3/28/2002,SO94207,268,18575,7,2,1
7/3/2026,8/7/2001,SO94208,542,13210,7,1,2
12/1/2026,2/27/2003,SO94209,415,23369,9,1,2
5/12/2026,11/18/2003,SO94210,350,20414,1,1,1
9/26/2026,4/13/2002,SO94211,401,15318,3,1,1
2/6/2026,5/18/2002,SO94212,232,27809,3,1,2
4/10/2026,9/26/2004,SO94213,534,26111,9,1,1
4/10/2026,4/7/2003,SO94213,441,26111,9,2,1
6/30/2026,10/10/2004,SO94214,596,17270,2,1,1
2/17/2026,10/21/2001,SO94215,493,24912,6,1,2
9/14/2026,7/16/2002,SO94216,417,22845,3,1,1
6/16/2026,12/14/2002,SO94217,485,25471,3,1,1
5/30/2026,8/30/2003,SO94218,340,17852,8,1,1
8/17/2026,4/28/2002,SO94219,528,13982,2,1,2
12/22/2026,9/21/2003,SO94220,429,28633,2,1,1
12/22/2026,4/6/2001,SO94220,469,28633,2,2,2
1/5/2026,1/11/2002,SO94221,488,19864,7,1,1
10/7/2026,7/21/2002,SO94222,373,21754,7,1,2
6/3/2026,5/15/2001,SO94223,334,19780,5,1,1
1/16/2026,10/13/2003,SO94224,511,12414,5,1,1
6/26/2026,11/22/2003,SO94225,518,15671,9,1,2
5/23/2026,9/25/2004,SO94226,572,18602,7,1,2
9/3/2026,7/31/2003,SO94227,528,25207,10,1,2
9/3/2026,9/28/2003,SO94227,370,25207,10,2,2
9/15/2026,2/23/2002,SO94228,605,12198,9,1,1
6/1/2026,9/29/2002,SO94229,579,26018,3,1,1
10/5/2026,4/11/2003,SO94230,484,27383,3,1,1
4/2/2026,2/8/2004,SO94231,573,27316,2,1,2
4/2/2026,5/30/2003,SO94231,394,27316,2,2,1
3/7/2026,4/5/2002,SO94232,412,11474,9,1,2
8/31/2026,5/2/2003,SO94233,599,18801,8,1,2
5/28/2026,4/20/2001,SO94234,605,28456,7,1,2
3/20/2026,4/12/2003,SO94235,259,19286,2,1,1
3/4/2026,3/5/2004,SO94236,307,28650,1,1,2
9/14/2026,5/20/2004,SO94237,328,19901,9,1,1
1/28/2026,4/27/2002,SO94238,320,11223,3,1,2
1/28/2026,7/11/2004,SO94238,367,11223,3,2,1
10/22/2026,6/20/2001,SO94239,315,26085,7,1,2
8/3/2026,9/23/2001,SO94240,552,18204,6,1,1
10/2/2026,10/14/2002,SO94241,369,14107,4,1,1
11/26/2026,1/17/2003,SO94242,553,22305,4,1,1
12/10/2026,4/13/2004,SO94243,387,19455,8,1,1
8/9/2026,2/7/2001,SO94244,551,21943,4,1,1
2/18/2026,8/8/2002,SO94245,601,19934,6,1,2
3/28/2026,5/11/2002,SO94246,342,27597,8,1,2
3/28/2026,2/2/2003,SO94246,330,27597,8,2,2
12/31/2026,12/22/2001,SO94247,422,12646,10,1,2
5/27/2026,12/5/2004,SO94248,486,12918,7,1,1
10/1/2026,3/9/2002,SO94249,449,15007,5,1,1
10/1/2026,9/15/2001,SO94249,299,15007,5,2,2
6/25/2026,6/21/2001,SO94250,492,27891,6,1,1
6/25/2026,8/14/2004,SO94250,595,27891,6,2,1
9/27/2026,6/4/2002,SO94251,562,11301,8,1,2
9/27/2026,5/6/2001,SO94251,575,11301,8,2,1
3/15/2026,9/4/2003,SO94252,347,23817,8,1,1
2/22/2026,11/16/2001,SO94253,604,17771,4,1,2
5/7/2026,5/20/2003,SO94254,300,19465,5,1,1
8/7/2026,1/22/2002,SO94255,291,19265,9,1,2
2/1/2026,11/4/2002,SO94256,500,12713,6,1,1
8/21/2026,8/12/2001,SO94257,602,13198,6,1,1
1/9/2026,12/16/2003,SO94258,399,26063,10,1,1
1/20/2026,7/8/2001,SO94259,550,25515,10,1,2
12/23/2026,1/1/2003,SO94260,214,16734,5,1,1
9/19/2026,10/19/2004,SO94261,497,13506,5,1,2
9/19/2026,12/27/2001,SO94261,299,13506,5,2,2
4/19/2026,9/28/2002,SO94262,462,17022,4,1,1
3/28/2026,10/29/2004,SO94263,443,18390,10,1,1
8/16/2026,7/25/2001,SO94264,370,17091,10,1,1
2/15/2026,10/22/2003,SO94265,464,19238,7,1,2
1/17/2026,2/8/2002,SO94266,391,28316,6,1,1
1/4/2026,10/19/2001,SO94267,360,15851,5,1,1
2/16/2026,2/3/2001,SO94268,550,24732,3,1,2
11/23/2026,11/17/2002,SO94269,532,14012,7,1,1
7/3/2026,11/2/2003,SO94270,214,15924,2,1,1
7/3/2026,4/26/2003,SO94270,351,15924,2,2,1
2/5/2026,9/7/2002,SO94271,593,19746,2,1,2
9/19/2026,4/2/2002,SO94272,383,17030,10,1,2
11/20/2026,10/7/2002,SO94273,356,27262,5,1,1
3/24/2026,8/22/2001,SO94274,492,17581,3,1,1
2/22/2026,12/17/2004,SO94275,594,15021,5,1,2
5/15/2026,5/17/2001,SO94276,464,22048,9,1,1
10/9/2026,7/12/2002,SO94277,481,27137,7,1,1
8/25/2026,6/22/2001,SO94278,519,11916,2,1,1
9/26/2026,10/15/2003,SO94279,346,28807,3,1,2
5/31/2026,9/26/2004,SO94280,481,28977,5,1,3
5/31/2026,9/27/2002,SO94280,296,28977,5,2,1
10/10/2026,10/4/2002,SO94281,492,29417,10,1,1
11/8/2026,1/18/2004,SO94282,346,11954,10,1,2
7/23/2026,8/29/2001,SO94283,534,24846,1,1,2
9/27/2026,5/3/2004,SO94284,577,26607,1,1,1
7/18/2026,3/25/2002,SO94285,379,20475,2,1,1
1/4/2026,5/4/2004,SO94286,403,24161,2,1,1
3/14/2026,8/30/2001,SO94287,452,26990,2,1,1
10/23/2026,5/8/2002,SO94288,275,13375,7,1,2
10/23/2026,6/6/2003,SO94288,428,13375,7,2,1
1/24/2026,9/29/2004,SO94289,381,18131,4,1,1
7/28/2026,10/3/2002,SO94290,468,16456,7,1,1
11/2/2026,5/29/2001,SO94291,352,13485,2,1,1
12/13/2026,5/17/2002,SO94292,448,17971,6,1,2
8/21/2026,12/12/2002,SO94293,336,12349,7,1,2
3/31/2026,3/13/2003,SO94294,591,17292,6,1,2
3/28/2026,5/25/2002,SO94295,502,20972,1,1,2
11/12/2026,11/29/2001,SO94296,264,23721,10,1,2
10/1/2026,11/5/2004,SO94297,455,14403,6,1,3
9/14/2026,11/10/2002,SO94298,392,22035,6,1,2
8/1/2026,4/28/2001,SO94299,459,17922,3,1,2
1/4/2026,3/7/2003,SO94300,537,21265,3,1,2
1/4/2026,1/11/2001,SO94300,457,21265,3,2,2
10/26/2026,10/2/2003,SO94301,492,27572,2,1,1
10/15/2026,7/3/2001,SO94302,358,23030,8,1,1
11/3/2026,11/17/2002,SO94303,489,22107,5,1,1
5/30/2026,10/14/2002,SO94304,425,12069,1,1,1
9/9/2026,8/9/2004,SO94305,537,16762,7,1,1
3/29/2026,5/8/2001,SO94306,256,11907,9,1,1
9/11/2026,6/27/2001,SO94307,516,19514,9,1,1
12/20/2026,3/15/2003,SO94308,214,16880,8,1,2
10/15/2026,7/22/2004,SO94309,420,16172,8,1,1
8/12/2026,4/29/2004,SO94310,591,17727,10,1,3
11/30/2026,9/18/2003,SO94311,580,16870,6,1,2
2/19/2026,9/18/2001,SO94312,574,25534,10,1,1
9/30/2026,5/10/2002,SO94313,558,16356,1,1,1
1/30/2026,1/5/2004,SO94314,457,19280,8,1,2
1/16/2026,8/24/2004,SO94315,526,25502,2,1,2
9/24/2026,8/23/2004,SO94316,602,18706,8,1,1
6/10/2026,6/12/2004,SO94317,362,28308,3,1,3
8/25/2026,9/19/2001,SO94318,506,11104,7,1,3
6/13/2026,5/15/2001,SO94319,599,13777,10,1,2
10/31/2026,7/14/2003,SO94320,426,12634,6,1,1
10/31/2026,5/17/2003,SO94320,458,12634,6,2,1
3/18/2026,3/7/2001,SO94321,457,29071,5,1,1
2/22/2026,10/23/2002,SO94322,511,21256,9,1,1
3/2/2026,9/10/2004,SO94323,291,27377,9,1,1
2/2/2026,1/18/2002,SO94324,272,20731,9,1,2
8/12/2026,7/28/2003,SO94325,317,22654,2,1,2
11/23/2026,7/16/2004,SO94326,603,18390,2,1,2
11/23/2026,6/23/2004,SO94326,441,18390,2,2,1
5/23/2026,5/21/2001,SO94327,387,18462,5,1,1
9/27/2026,1/18/2002,SO94328,367,20446,2,1,2
5/2/2026,2/27/2002,SO94329,439,23055,3,1,1
6/2/2026,5/26/2001,SO94330,484,25894,7,1,2
9/25/2026,7/28/2002,SO94331,568,26264,10,1,1
9/25/2026,1/8/2004,SO94331,483,26264,10,2,2
4/11/2026,8/11/2003,SO94332,416,21522,7,1,1
3/20/2026,4/19/2003,SO94333,399,12423,2,1,1
10/21/2026,4/26/2003,SO94334,547,15951,10,1,1
6/27/2026,7/23/2001,SO94335,542,20526,6,1,2
1/28/2026,1/17/2002,SO94336,485,21647,7,1,2
4/1/2026,10/7/2001,SO94337,317,24957,6,1,1
3/2/2026,7/23/2002,SO94338,480,20837,3,1,2
1/20/2026,2/6/2002,SO94339,253,22385,4,1,2
1/20/2026,5/13/2001,SO94339,350,22385,4,2,2
10/18/2026,2/16/2003,SO94340,373,24515,3,1,2
6/30/2026,9/23/2002,SO94341,453,22466,9,1,1
11/16/2026,3/1/2001,SO94342,367,12827,7,1,2
10/26/2026,5/1/2002,SO94343,518,24509,7,1,2
5/12/2026,10/5/2004,SO94344,526,14960,8,1,1
5/12/2026,8/20/2004,SO94344,428,14960,8,2,3
12/20/2026,3/31/2002,SO94345,316,22601,7,1,2
10/28/2026,6/7/2002,SO94346,599,27442,5,1,1
2/15/2026,11/22/2004,SO94347,492,11612,4,1,2
11/4/2026,8/27/2001,SO94348,534,24509,8,1,1
6/19/2026,2/23/2004,SO94349,588,11878,8,1,1
6/3/2026,8/8/2001,SO94350,556,16021,1,1,2
1/2/2026,9/2/2004,SO94351,472,25453,10,1,1
11/29/2026,5/9/2002,SO94352,595,11302,10,1,2
11/29/2026,2/13/2004,SO94352,449,11302,10,2,2
1/28/2026,2/14/2002,SO94353,548,13240,10,1,3
2/6/2026,10/10/2001,SO94354,356,26281,2,1,1
2/6/2026,12/28/2004,SO94354,520,26281,2,2,1
11/27/2026,7/30/2001,SO94355,545,27639,3,1,2
10/26/2026,10/2/2004,SO94356,364,13434,10,1,2
2/1/2026,9/20/2004,SO94357,345,26928,5,1,2
9/5/2026,4/20/2001,SO94358,488,22667,2,1,1
5/25/2026,5/27/2001,SO94359,570,24366,5,1,1
5/25/2026,11/24/2003,SO94359,416,24366,5,2,1
8/4/2026,9/22/2004,SO94360,558,23630,9,1,1
2/21/2026,2/28/2004,SO94361,413,18034,4,1,1
8/23/2026,6/22/2002,SO94362,214,15752,7,1,2
12/29/2026,7/22/2004,SO94363,311,14103,9,1,2
2/11/2026,2/27/2003,SO94364,412,23876,3,1,1
6/26/2026,1/22/2004,SO94365,582,19902,4,1,2
7/14/2026,9/29/2001,SO94366,275,26520,7,1,1
4/24/2026,1/14/2004,SO94367,494,24774,3,1,1
1/31/2026,9/5/2002,SO94368,538,14245,5,1,1
1/31/2026,1/3/2001,SO94368,558,14245,5,2,2
5/21/2026,7/26/2004,SO94369,539,26101,10,1,1
1/11/2026,3/11/2003,SO94370,524,11757,9,1,2
9/21/2026,1/22/2001,SO94371,362,22838,9,1,1
10/1/2026,9/12/2003,SO94372,293,21096,7,1,1
4/17/2026,9/3/2001,SO94373,500,12148,4,1,2
9/15/2026,10/31/2002,SO94374,449,19979,1,1,2
1/26/2026,8/10/2002,SO94375,563,28163,9,1,3
1/26/2026,2/1/2002,SO94375,356,28163,9,2,2
2/18/2026,4/21/2001,SO94376,489,19862,8,1,2
9/23/2026,6/15/2003,SO94377,429,20331,6,1,2
1/3/2026,7/30/2001,SO94378,494,14056,3,1,2
1/3/2026,12/31/2001,SO94378,605,14056,3,2,1
1/3/2026,7/8/2003,SO94378,523,14056,3,3,1
8/27/2026,3/3/2003,SO94379,454,24286,5,1,1
6/15/2026,1/6/2003,SO94380,435,22058,6,1,1
2/10/2026,7/4/2004,SO94381,338,28193,7,1,1
2/10/2026,9/6/2002,SO94381,409,28193,7,2,2
9/18/2026,12/1/2001,SO94382,277,14082,1,1,1
9/18/2026,2/16/2002,SO94382,385,14082,1,2,2
12/3/2026,6/2/2001,SO94383,219,11343,9,1,3
1/8/2026,7/19/2003,SO94384,214,19440,5,1,1
11/7/2026,3/5/2003,SO94385,422,11593,10,1,2
11/4/2026,8/9/2004,SO94386,391,14445,2,1,2
12/1/2026,6/17/2004,SO94387,471,12388,5,1,3
5/10/2026,1/30/2002,SO94388,409,25649,2,1,3
6/17/2026,7/10/2004,SO94389,451,13419,10,1,2
6/17/2026,4/27/2004,SO94389,476,13419,10,2,1
5/23/2026,4/7/2004,SO94390,582,20978,10,1,1
1/11/2026,3/8/2003,SO94391,562,11183,5,1,1
5/18/2026,7/23/2001,SO94392,516,14013,9,1,1
5/18/2026,2/16/2004,SO94392,525,14013,9,2,1
10/28/2026,12/20/2003,SO94393,586,26308,8,1,2
3/6/2026,9/28/2001,SO94394,565,18613,10,1,3
12/23/2026,2/23/2003,SO94395,397,15235,5,1,1
4/7/2026,5/16/2004,SO94396,347,20973,8,1,2
3/7/2026,4/6/2001,SO94397,315,19739,7,1,2
10/3/2026,1/5/2003,SO94398,511,20579,8,1,1
11/25/2026,12/1/2004,SO94399,584,16348,6,1,2
3/30/2026,1/17/2001,SO94400,426,24517,3,1,2
7/14/2026,6/20/2003,SO94401,570,11995,2,1,2
2/5/2026,2/21/2004,SO94402,349,28014,3,1,1
8/18/2026,2/16/2003,SO94403,539,11346,1,1,1
6/14/2026,4/10/2001,SO94404,443,25328,7,1,2
6/16/2026,10/5/2001,SO94405,524,26812,8,1,2
2/5/2026,6/23/2002,SO94406,455,27494,3,1,2
12/3/2026,1/2/2001,SO94407,453,22304,5,1,1
3/9/2026,12/29/2004,SO94408,472,22101,4,1,1
1/14/2026,1/13/2002,SO94409,292,23107,10,1,2
10/22/2026,2/23/2002,SO94410,272,19595,8,1,3
5/4/2026,2/26/2003,SO94411,549,23136,4,1,1
5/26/2026,11/3/2001,SO94412,547,23698,7,1,1
5/15/2026,4/24/2003,SO94413,505,20491,1,1,1
6/16/2026,4/30/2004,SO94414,559,18769,3,1,1
12/1/2026,6/30/2002,SO94415,324,17251,1,1,1
6/1/2026,6/8/2002,SO94416,527,27697,4,1,2
7/28/2026,2/11/2004,SO94417,391,22789,5,1,2
9/13/2026,4/15/2004,SO94418,462,27193,10,1,2
9/13/2026,4/23/2001,SO94418,581,27193,10,2,1
7/8/2026,5/31/2001,SO94419,449,23424,9,1,2
2/19/2026,7/26/2002,SO94420,543,11407,8,1,1
2/19/2026,7/20/2001,SO94420,299,11407,8,2,1
2/19/2026,5/14/2001,SO94420,540,11407,8,3,1
6/19/2026,7/10/2001,SO94421,439,18982,6,1,1
11/9/2026,5/9/2001,SO94422,365,24337,9,1,1
9/18/2026,6/10/2003,SO94423,360,20716,5,1,2
6/19/2026,5/27/2001,SO94424,460,25807,9,1,1
6/11/2026,1/4/2003,SO94425,524,11104,5,1,3
11/29/2026,2/28/2001,SO94426,342,25752,8,1,1
12/16/2026,4/25/2003,SO94427,279,20343,5,1,2
7/7/2026,9/9/2002,SO94428,555,21351,9,1,1
4/27/2026,3/15/2004,SO94429,531,19140,4,1,1
4/27/2026,3/22/2004,SO94429,279,19140,4,2,1
1/10/2026,8/4/2001,SO94430,602,20447,6,1,2
6/23/2026,2/24/2003,SO94431,584,20224,1,1,2
11/2/2026,10/21/2001,SO94432,365,24484,8,1,2
12/20/2026,10/28/2004,SO94433,471,13176,7,1,1
4/4/2026,2/2/2002,SO94434,483,28694,3,1,1
12/11/2026,9/6/2002,SO94435,348,17542,10,1,1
9/20/2026,1/14/2004,SO94436,498,26026,2,1,2
11/9/2026,11/1/2002,SO94437,565,11017,1,1,1
11/9/2026,11/6/2003,SO94437,483,11017,1,2,1
11/9/2026,5/20/2002,SO94437,584,11017,1,3,1
6/13/2026,3/2/2004,SO94438,522,13872,7,1,2
8/31/2026,4/9/2003,SO94439,426,20987,8,1,2
8/22/2026,11/10/2002,SO94440,235,20131,8,1,1
1/2/2026,5/7/2001,SO94441,362,29326,7,1,1
5/23/2026,6/11/2003,SO94442,490,27332,5,1,1
10/23/2026,5/15/2004,SO94443,428,18554,2,1,2
9/1/2026,11/22/2004,SO94444,555,13257,1,1,2
6/5/2026,7/31/2002,SO94445,485,23857,5,1,1
5/16/2026,3/7/2003,SO94446,593,15194,1,1,2
4/11/2026,4/16/2001,SO94447,500,15974,5,1,1
5/18/2026,4/24/2002,SO94448,220,27561,1,1,1
9/17/2026,6/4/2002,SO94449,584,25867,9,1,2
7/27/2026,10/19/2001,SO94450,220,13950,9,1,2
3/25/2026,3/1/2001,SO94451,279,22866,7,1,1
3/25/2026,4/22/2001,SO94451,348,22866,7,2,2
9/10/2026,10/24/2002,SO94452,591,26312,2,1,1
11/23/2026,12/14/2003,SO94453,366,14420,2,1,3
2/24/2026,11/23/2003,SO94454,598,12654,1,1,2
5/2/2026,2/20/2001,SO94455,259,19142,3,1,1
11/23/2026,9/2/2001,SO94456,560,19876,5,1,3
2/17/2026,11/10/2001,SO94457,214,15185,7,1,2
11/27/2026,2/24/2001,SO94458,351,24349,8,1,1
12/14/2026,2/23/2002,SO94459,235,19721,3,1,1
6/18/2026,7/21/2003,SO94460,366,14938,4,1,1
12/9/2026,11/8/2003,SO94461,330,21843,1,1,2
4/1/2026,9/11/2001,SO94462,429,19539,10,1,1
4/1/2026,8/29/2004,SO94462,369,19539,10,2,1
3/19/2026,12/1/2003,SO94463,551,21701,3,1,1
6/9/2026,3/9/2003,SO94464,310,27050,4,1,3
6/2/2026,7/30/2004,SO94465,218,22377,1,1,2
10/6/2026,9/7/2001,SO94466,232,24345,10,1,2
10/16/2026,6/21/2004,SO94467,451,24945,9,1,1
2/6/2026,4/12/2004,SO94468,431,28352,4,1,1
6/1/2026,6/12/2002,SO94469,419,23640,3,1,1
3/25/2026,10/15/2001,SO94470,330,18139,10,1,1
6/22/2026,9/8/2001,SO94471,338,28298,1,1,1
1/4/2026,5/24/2001,SO94472,592,27636,9,1,2
12/2/2026,7/28/2003,SO94473,541,16244,2,1,1
12/28/2026,2/24/2002,SO94474,575,26260,1,1,2
5/21/2026,8/21/2001,SO94475,513,15734,6,1,3
1/8/2026,10/1/2001,SO94476,350,26373,9,1,1
1/28/2026,5/9/2003,SO94477,223,17782,2,1,1
3/4/2026,11/11/2002,SO94478,451,18415,1,1,1
3/4/2026,4/11/2004,SO94478,526,18415,1,2,1
3/4/2026,5/31/2001,SO94478,471,18415,1,3,1
8/11/2026,10/6/2001,SO94479,513,11260,1,1,2
7/18/2026,5/22/2003,SO94480,395,19073,10,1,1
1/21/2026,4/21/2003,SO94481,501,19155,7,1,2
11/25/2026,9/17/2004,SO94482,574,20582,2,1,2
3/28/2026,3/6/2003,SO94483,572,17736,9,1,1
1/7/2026,10/21/2004,SO94484,395,29400,6,1,2
10/30/2026,12/25/2003,SO94485,519,14845,9,1,2
10/30/2026,3/17/2002,SO94485,589,14845,9,2,1
10/30/2026,11/1/2003,SO94485,498,14845,9,3,2
1/17/2026,4/22/2001,SO94486,504,11561,8,1,2
7/30/2026,7/18/2002,SO94487,606,16146,10,1,2
8/18/2026,10/30/2004,SO94488,340,13188,7,1,2
8/18/2026,7/22/2002,SO94488,326,13188,7,2,3
3/27/2026,4/27/2003,SO94489,340,28633,10,1,2
8/4/2026,10/27/2002,SO94490,215,22637,3,1,2
8/4/2026,3/2/2002,SO94490,524,22637,3,2,1
12/14/2026,12/4/2003,SO94491,577,11313,2,1,1
3/1/2026,3/1/2001,SO94492,540,11813,10,1,1
11/11/2026,11/15/2003,SO94493,530,23961,4,1,2
2/2/2026,4/2/2003,SO94494,276,12510,3,1,2
2/2/2026,9/1/2004,SO94494,447,12510,3,2,2
7/21/2026,5/29/2001,SO94495,485,23245,5,1,1
11/16/2026,5/10/2002,SO94496,477,15463,8,1,1
11/16/2026,8/11/2003,SO94496,381,15463,8,2,2
9/5/2026,2/22/2003,SO94497,215,19554,7,1,3
9/5/2026,10/5/2004,SO94497,422,19554,7,2,2
9/5/2026,9/9/2001,SO94497,345,19554,7,3,2
11/4/2026,8/15/2001,SO94498,455,22607,10,1,2
10/7/2026,10/4/2001,SO94499,559,27411,8,1,1
10/7/2026,5/30/2002,SO94499,517,27411,8,2,2
9/3/2026,12/4/2004,SO94500,569,14772,3,1,1
1/6/2026,9/13/2004,SO94501,324,23293,4,1,2
1/6/2026,12/13/2004,SO94501,369,23293,4,2,2
12/17/2026,5/9/2004,SO94502,520,16927,1,1,1
3/28/2026,5/12/2003,SO94503,232,18638,5,1,2
3/28/2026,9/12/2003,SO94503,506,18638,5,2,1
11/16/2026,1/26/2001,SO94504,533,15446,2,1,1
3/21/2026,4/14/2001,SO94505,409,24805,5,1,1
5/5/2026,5/19/2004,SO94506,377,28280,8,1,1
4/30/2026,2/6/2001,SO94507,215,28658,6,1,1
4/30/2026,6/30/2003,SO94507,520,28658,6,2,1
4/30/2026,3/15/2004,SO94507,328,28658,6,3,3
11/23/2026,10/27/2004,SO94508,547,25719,8,1,2
8/3/2026,7/29/2003,SO94509,518,28972,6,1,2
8/3/2026,7/10/2001,SO94509,415,28972,6,2,1
7/27/2026,1/2/2002,SO94510,507,12266,2,1,1
7/16/2026,7/14/2004,SO94511,270,16476,2,1,2
9/7/2026,10/29/2003,SO94512,292,11663,3,1,2
7/8/2026,12/9/2003,SO94513,340,17727,2,1,1
2/5/2026,6/5/2003,SO94514,488,16704,8,1,1
1/24/2026,4/23/2001,SO94515,554,17305,10,1,1
1/9/2026,11/25/2001,SO94516,519,27397,10,1,2
2/17/2026,11/28/2004,SO94517,517,26621,4,1,1
2/17/2026,8/21/2003,SO94517,517,26621,4,2,1
11/3/2026,2/15/2001,SO94518,479,13026,8,1,3
8/9/2026,5/11/2002,SO94519,551,25817,4,1,1
12/1/2026,9/15/2001,SO94520,401,22446,3,1,2
7/29/2026,9/21/2004,SO94521,594,22240,5,1,1
10/23/2026,8/11/2001,SO94522,381,13541,7,1,2
3/19/2026,4/22/2004,SO94523,215,17850,9,1,1
4/24/2026,6/3/2004,SO94524,412,18464,6,1,2
2/3/2026,10/23/2004,SO94525,527,18809,8,1,2
2/13/2026,10/14/2002,SO94526,360,21980,1,1,1
3/11/2026,1/4/2001,SO94527,538,13538,4,1,2
11/29/2026,6/9/2001,SO94528,419,25429,6,1,1
2/24/2026,5/3/2002,SO94529,291,18910,8,1,2
3/20/2026,10/18/2001,SO94530,296,20305,3,1,1
6/29/2026,8/24/2004,SO94531,367,11796,7,1,3
4/30/2026,1/13/2003,SO94532,268,14731,3,1,1
4/30/2026,6/18/2003,SO94532,508,14731,3,2,1
12/24/2026,5/13/2003,SO94533,533,18891,2,1,1
2/23/2026,8/16/2002,SO94534,219,16337,4,1,2
5/19/2026,9/5/2001,SO94535,324,22266,8,1,1
8/30/2026,7/28/2002,SO94536,452,13385,2,1,1
5/12/2026,5/14/2004,SO94537,410,19465,9,1,1
10/14/2026,4/3/2002,SO94538,540,22178,10,1,3
10/15/2026,8/5/2003,SO94539,464,11496,3,1,2
2/8/2026,12/24/2002,SO94540,449,17198,6,1,1
7/6/2026,4/24/2001,SO94541,486,27044,2,1,1
12/2/2026,3/2/2003,SO94542,256,12366,9,1,1
7/28/2026,5/30/2002,SO94543,466,15863,4,1,2
12/7/2026,11/28/2002,SO94544,299,16823,10,1,2
4/13/2026,4/5/2003,SO94545,568,12622,9,1,1
2/3/2026,3/10/2002,SO94546,586,23066,9,1,1
1/14/2026,10/20/2002,SO94547,278,19461,2,1,3
1/14/2026,6/24/2002,SO94547,528,19461,2,2,1
8/2/2026,1/14/2004,SO94548,553,28336,9,1,2
8/2/2026,10/6/2001,SO94548,580,28336,9,2,2
11/3/2026,1/17/2004,SO94549,507,13290,9,1,1
2/15/2026,2/2/2004,SO94550,497,25072,2,1,2
2/15/2026,6/22/2002,SO94550,585,25072,2,2,1
8/13/2026,5/5/2001,SO94551,567,17023,4,1,2
10/15/2026,8/22/2004,SO94552,574,27793,6,1,2
7/18/2026,10/13/2004,SO94553,415,16615,5,1,1
7/15/2026,8/12/2004,SO94554,606,18888,10,1,2
4/24/2026,5/7/2004,SO94555,554,20400,4,1,1
12/16/2026,9/30/2001,SO94556,533,17595,7,1,1
3/24/2026,8/29/2002,SO94557,437,17969,6,1,1
3/24/2026,8/16/2002,SO94557,525,17969,6,2,2
1/13/2026,12/12/2004,SO94558,407,20750,10,1,1
1/13/2026,3/27/2004,SO94558,445,20750,10,2,1
3/13/2026,9/20/2001,SO94559,459,29050,9,1,1
1/15/2026,3/29/2002,SO94560,520,21077,9,1,3
6/18/2026,8/11/2003,SO94561,500,14939,4,1,2
12/7/2026,4/22/2001,SO94562,276,24199,4,1,1
12/7/2026,7/22/2004,SO94562,322,24199,4,2,2
12/1/2026,12/19/2004,SO94563,506,17786,8,1,1
2/15/2026,2/8/2003,SO94564,446,24833,10,1,2
2/15/2026,10/25/2004,SO94564,317,24833,10,2,2
2/15/2026,3/4/2001,SO94564,517,24833,10,3,2
7/10/2026,12/7/2004,SO94565,580,14551,1,1,2
8/31/2026,3/2/2002,SO94566,573,23253,3,1,1
1/12/2026,12/11/2004,SO94567,501,22074,6,1,1
5/4/2026,12/1/2001,SO94568,506,15455,8,1,2
7/13/2026,11/27/2004,SO94569,241,22783,5,1,1
6/5/2026,7/12/2002,SO94570,439,13512,7,1,1
10/14/2026,12/24/2004,SO94571,417,14092,1,1,2
11/30/2026,10/18/2001,SO94572,474,13343,2,1,1
1/2/2026,2/4/2003,SO94573,454,27273,10,1,2
9/28/2026,7/7/2003,SO94574,502,27267,9,1,1
2/18/2026,1/6/2001,SO94575,491,14615,4,1,1
1/4/2026,7/5/2001,SO94576,276,26874,10,1,2
8/27/2026,4/8/2004,SO94577,347,25362,9,1,1
4/23/2026,8/18/2002,SO94578,521,26880,3,1,2
5/24/2026,8/19/2004,SO94579,604,13606,6,1,2
6/1/2026,5/16/2003,SO94580,473,19404,10,1,1
4/9/2026,7/25/2003,SO94581,326,22395,10,1,2
4/9/2026,7/1/2004,SO94581,369,22395,10,2,1
7/4/2026,7/18/2004,SO94582,473,28253,4,1,1
3/28/2026,2/18/2001,SO94583,367,11524,8,1,2
1/21/2026,6/7/2001,SO94584,561,24797,8,1,2
1/21/2026,8/9/2001,SO94584,574,24797,8,2,1
4/29/2026,7/7/2004,SO94585,364,27217,10,1,2
10/2/2026,11/2/2003,SO94586,232,23137,6,1,1
2/4/2026,10/6/2002,SO94587,547,23198,5,1,1
8/14/2026,12/28/2004,SO94588,579,25480,3,1,1
8/14/2026,10/26/2001,SO94588,589,25480,3,2,2
9/27/2026,4/19/2002,SO94589,350,16681,3,1,1
10/31/2026,2/21/2001,SO94590,433,11517,7,1,1
10/31/2026,9/27/2003,SO94590,448,11517,7,2,2
12/13/2026,7/31/2004,SO94591,439,14247,9,1,2
2/23/2026,6/8/2004,SO94592,415,14652,8,1,1
8/8/2026,12/21/2002,SO94593,454,27791,3,1,1
8/8/2026,5/21/2002,SO94593,540,27791,3,2,2
8/29/2026,6/8/2002,SO94594,405,16650,3,1,3
1/21/2026,8/23/2003,SO94595,458,23419,8,1,2
3/19/2026,5/25/2001,SO94596,334,28992,1,1,1
3/19/2026,3/10/2002,SO94596,423,28992,1,2,2
2/18/2026,9/13/2004,SO94597,501,16334,3,1,1
3/19/2026,7/3/2003,SO94598,412,21098,7,1,2
7/5/2026,11/22/2004,SO94599,349,13638,2,1,1
12/27/2026,2/10/2004,SO94600,427,16588,6,1,2
5/18/2026,1/3/2004,SO94601,469,17738,7,1,2
12/14/2026,6/12/2001,SO94602,591,19628,5,1,2
6/24/2026,1/13/2002,SO94603,476,15174,3,1,3
6/24/2026,8/30/2003,SO94603,338,15174,3,2,2
7/21/2026,11/21/2004,SO94604,322,18258,2,1,1
7/21/2026,7/4/2002,SO94604,458,18258,2,2,1
7/12/2026,5/27/2003,SO94605,569,18248,1,1,2
2/16/2026,5/3/2004,SO94606,583,20559,4,1,1
9/24/2026,4/14/2002,SO94607,424,24937,9,1,2
7/6/2026,8/15/2003,SO94608,448,22055,3,1,1
9/29/2026,11/3/2004,SO94609,534,27018,9,1,1
9/29/2026,11/1/2004,SO94609,539,27018,9,2,1
10/24/2026,10/14/2003,SO94610,264,22190,9,1,1
7/10/2026,12/16/2002,SO94611,410,25232,2,1,1
9/11/2026,11/19/2003,SO94612,342,16374,3,1,1
2/9/2026,1/1/2001,SO94613,470,20809,8,1,2
5/6/2026,2/26/2002,SO94614,368,17416,3,1,1
2/20/2026,11/21/2003,SO94615,538,25108,6,1,1
2/20/2026,6/15/2002,SO94615,603,25108,6,2,1
8/14/2026,8/27/2003,SO94616,391,26216,10,1,1
1/7/2026,4/11/2002,SO94617,534,20309,4,1,3
1/7/2026,6/12/2001,SO94617,368,20309,4,2,3
5/10/2026,11/16/2001,SO94618,397,18878,8,1,1
8/28/2026,7/3/2002,SO94619,482,20314,2,1,2
8/5/2026,7/16/2001,SO94620,519,23303,4,1,2
8/22/2026,3/6/2003,SO94621,587,16221,7,1,1
1/16/2026,8/14/2002,SO94622,509,14419,7,1,1
6/5/2026,12/12/2004,SO94623,435,22461,4,1,1
6/5/2026,1/30/2001,SO94623,429,22461,4,2,1
6/5/2026,9/26/2004,SO94623,250,22461,4,3,1
1/3/2026,2/24/2004,SO94624,264,14026,5,1,2
1/29/2026,2/12/2003,SO94625,512,27966,9,1,1
1/6/2026,3/21/2002,SO94626,241,19748,10,1,3
8/21/2026,2/11/2004,SO94627,598,20735,7,1,1
8/21/2026,6/1/2003,SO94627,425,20735,7,2,1
8/21/2026,5/12/2003,SO94627,218,20735,7,3,1
2/1/2026,11/16/2003,SO94628,499,17340,5,1,1
4/3/2026,5/7/2004,SO94629,570,16243,9,1,2
4/3/2026,5/2/2003,SO94629,583,16243,9,2,1
7/16/2026,10/4/2003,SO94630,317,23594,6,1,1
12/31/2026,2/14/2003,SO94631,598,23245,9,1,2
3/7/2026,6/25/2002,SO94632,578,23811,9,1,3
8/25/2026,5/27/2003,SO94633,594,20688,2,1,1
6/9/2026,6/21/2003,SO94634,532,14910,7,1,2
10/18/2026,9/22/2001,SO94635,326,17052,5,1,3
5/3/2026,7/31/2004,SO94636,570,13667,10,1,1
11/3/2026,5/9/2003,SO94637,285,27815,10,1,2
9/17/2026,3/16/2003,SO94638,447,20281,3,1,1
8/30/2026,6/9/2002,SO94639,229,23218,6,1,1
10/23/2026,8/11/2004,SO94640,310,17248,8,1,3
9/25/2026,12/19/2002,SO94641,551,12976,9,1,2
12/17/2026,8/9/2004,SO94642,525,16875,5,1,1
8/26/2026,7/23/2003,SO94643,595,25506,7,1,2
3/13/2026,10/28/2003,SO94644,513,14242,5,1,3
3/13/2026,11/27/2001,SO94644,393,14242,5,2,2
12/11/2026,10/7/2001,SO94645,453,26989,1,1,2
6/25/2026,4/16/2002,SO94646,262,24136,1,1,1
6/25/2026,2/24/2003,SO94646,307,24136,1,2,1
8/27/2026,6/29/2004,SO94647,346,14747,4,1,2
8/27/2026,2/24/2004,SO94647,277,14747,4,2,3
8/27/2026,12/25/2001,SO94647,282,14747,4,3,1
5/20/2026,3/11/2003,SO94648,278,18162,3,1,1
7/4/2026,10/24/2002,SO94649,492,26588,3,1,1
7/4/2026,6/15/2002,SO94649,541,26588,3,2,1
4/28/2026,7/26/2004,SO94650,606,15875,10,1,2
10/26/2026,8/23/2003,SO94651,317,27063,6,1,2
7/3/2026,7/7/2001,SO94652,487,13401,10,1,1
4/12/2026,2/8/2004,SO94653,530,12639,9,1,1
8/1/2026,7/20/2002,SO94654,342,15212,7,1,2
2/27/2026,11/6/2003,SO94655,358,25655,4,1,2
7/11/2026,8/17/2001,SO94656,348,26073,3,1,2
10/26/2026,5/15/2003,SO94657,403,14512,3,1,1
12/20/2026,4/4/2001,SO94658,485,11538,4,1,2
5/7/2026,10/23/2003,SO94659,385,23803,7,1,1
5/7/2026,5/22/2003,SO94659,244,23803,7,2,2
8/14/2026,11/16/2002,SO94660,457,14297,2,1,1
11/14/2026,2/2/2001,SO94661,528,21386,2,1,1
9/15/2026,9/10/2004,SO94662,448,24095,3,1,1
9/11/2026,11/9/2001,SO94663,437,13710,8,1,1
3/24/2026,3/1/2001,SO94664,562,24405,1,1,2
11/4/2026,5/27/2001,SO94665,371,11725,4,1,2
6/8/2026,10/28/2002,SO94666,540,24521,3,1,2
12/9/2026,3/21/2002,SO94667,238,24422,9,1,2
12/9/2026,2/21/2004,SO94667,392,24422,9,2,2
11/4/2026,2/5/2004,SO94668,487,29411,10,1,1
11/4/2026,9/10/2001,SO94668,543,29411,10,2,1
12/11/2026,12/9/2004,SO94669,399,16704,9,1,1
2/23/2026,8/23/2001,SO94670,291,11399,7,1,1
2/12/2026,7/23/2002,SO94671,259,19127,3,1,2
12/19/2026,11/3/2001,SO94672,496,23365,9,1,2
7/3/2026,6/14/2004,SO94673,562,28975,2,1,3
12/19/2026,12/5/2001,SO94674,312,26057,6,1,3
9/24/2026,12/31/2001,SO94675,311,20001,8,1,1
7/31/2026,12/24/2001,SO94676,520,24927,7,1,1
7/31/2026,7/12/2001,SO94676,555,24927,7,2,1
7/31/2026,1/5/2002,SO94676,483,24927,7,3,1
10/17/2026,11/2/2003,SO94677,543,20181,6,1,2
10/17/2026,1/9/2003,SO94677,595,20181,6,2,2
8/26/2026,9/28/2001,SO94678,375,28425,4,1,1
2/14/2026,9/13/2004,SO94679,537,21577,5,1,1
2/14/2026,1/31/2004,SO94679,395,21577,5,2,1
5/14/2026,5/3/2003,SO94680,262,23134,1,1,2
3/8/2026,8/21/2003,SO94681,421,27736,9,1,1
2/19/2026,7/20/2003,SO94682,520,14450,3,1,2
10/27/2026,5/24/2003,SO94683,579,24928,9,1,1
9/15/2026,7/4/2002,SO94684,415,19809,6,1,1
1/30/2026,10/19/2003,SO94685,461,26642,4,1,3
9/20/2026,12/29/2001,SO94686,519,21175,1,1,2
7/6/2026,10/20/2003,SO94687,537,12060,10,1,1
4/19/2026,2/3/2002,SO94688,431,11593,7,1,2
11/8/2026,10/21/2002,SO94689,371,27263,1,1,2
6/29/2026,10/12/2002,SO94690,441,19015,8,1,2
6/29/2026,1/4/2002,SO94690,591,19015,8,2,1
1/28/2026,10/21/2002,SO94691,567,21986,2,1,2
10/5/2026,2/12/2001,SO94692,599,27723,9,1,2
8/4/2026,4/9/2001,SO94693,439,22929,1,1,2
6/1/2026,5/14/2004,SO94694,315,16695,7,1,1
6/1/2026,7/26/2003,SO94694,500,16695,7,2,1
7/24/2026,1/6/2004,SO94695,527,23491,8,1,1
1/22/2026,4/10/2001,SO94696,347,15213,7,1,1
12/29/2026,8/19/2001,SO94697,340,21382,6,1,1
12/29/2026,9/30/2004,SO94697,346,21382,6,2,3
4/3/2026,8/27/2004,SO94698,494,27127,8,1,2
4/3/2026,8/24/2001,SO94698,274,27127,8,2,1
10/23/2026,1/31/2004,SO94699,448,25378,1,1,2
2/26/2026,5/29/2002,SO94700,574,15656,8,1,1
7/21/2026,12/21/2003,SO94701,586,11983,10,1,1
7/30/2026,8/22/2003,SO94702,586,14389,5,1,1
11/17/2026,8/8/2001,SO94703,549,22344,1,1,2
8/10/2026,6/24/2001,SO94704,445,16856,6,1,1
5/7/2026,6/28/2003,SO94705,349,23269,4,1,2
3/1/2026,4/14/2001,SO94706,369,16164,7,1,2
3/6/2026,9/19/2004,SO94707,502,28051,4,1,3
11/17/2026,1/4/2003,SO94708,501,22424,10,1,2
12/12/2026,6/2/2003,SO94709,259,13775,1,1,1
4/13/2026,4/25/2003,SO94710,431,21331,5,1,2
4/30/2026,4/9/2003,SO94711,485,21276,9,1,1
10/18/2026,8/21/2001,SO94712,593,16390,8,1,1
10/18/2026,9/17/2003,SO94712,437,16390,8,2,2
10/18/2026,8/3/2003,SO94712,513,16390,8,3,2
11/23/2026,9/2/2001,SO94713,579,29043,7,1,1
7/16/2026,12/17/2003,SO94714,431,14100,3,1,2
11/9/2026,2/25/2004,SO94715,381,26888,2,1,2
7/26/2026,4/29/2002,SO94716,219,12427,8,1,2
11/7/2026,9/15/2001,SO94717,592,14037,5,1,1
1/29/2026,10/24/2004,SO94718,334,26711,9,1,2
1/29/2026,2/3/2002,SO94719,606,24016,3,1,2
7/8/2026,5/8/2004,SO94720,488,17075,10,1,1
11/24/2026,4/8/2001,SO94721,346,14427,4,1,1
4/13/2026,6/17/2003,SO94722,296,12925,10,1,1
7/22/2026,12/20/2002,SO94723,543,14549,7,1,1
7/1/2026,11/13/2002,SO94724,485,28966,7,1,2
7/6/2026,2/9/2001,SO94725,604,21430,10,1,1
12/27/2026,4/17/2002,SO94726,596,28855,8,1,1
12/27/2026,1/24/2001,SO94726,256,28855,8,2,1
6/1/2026,4/16/2001,SO94727,264,14117,4,1,1
10/15/2026,1/19/2001,SO94728,577,15380,2,1,3
11/19/2026,12/12/2001,SO94729,318,26859,7,1,2
11/19/2026,8/28/2004,SO94729,381,26859,7,2,1
10/23/2026,9/26/2001,SO94730,562,21211,9,1,1
7/9/2026,11/8/2004,SO94731,449,17739,3,1,2
8/1/2026,1/25/2002,SO94732,450,17671,4,1,1
8/1/2026,4/9/2002,SO94732,534,17671,4,2,2
12/23/2026,12/4/2003,SO94733,454,19231,6,1,1
11/12/2026,1/17/2002,SO94734,336,11905,9,1,1
9/11/2026,8/28/2004,SO94735,477,27568,3,1,2
9/11/2026,8/3/2004,SO94735,373,27568,3,2,2
5/16/2026,11/10/2004,SO94736,448,13137,1,1,1
5/16/2026,8/12/2002,SO94736,560,13137,1,2,2
4/9/2026,10/18/2001,SO94737,373,12437,3,1,1
7/8/2026,7/3/2004,SO94738,576,26437,4,1,1
12/26/2026,1/6/2004,SO94739,456,25397,8,1,1
8/19/2026,10/31/2003,SO94740,279,20279,2,1,1
8/19/2026,9/27/2003,SO94740,424,20279,2,2,1
12/25/2026,9/15/2002,SO94741,431,12258,2,1,1
6/14/2026,9/4/2003,SO94742,461,14157,3,1,2
12/17/2026,12/12/2004,SO94743,420,23263,10,1,1
8/1/2026,2/12/2001,SO94744,526,25205,2,1,2
1/3/2026,10/23/2002,SO94745,453,27120,8,1,2
1/3/2026,5/11/2002,SO94745,563,27120,8,2,1
1/3/2026,2/1/2001,SO94745,385,27120,8,3,2
3/11/2026,6/1/2001,SO94746,529,27121,10,1,2
5/27/2026,2/28/2004,SO94747,301,26604,5,1,1
8/9/2026,8/28/2002,SO94748,369,15535,7,1,3
8/9/2026,6/25/2003,SO94748,526,15535,7,2,1
6/24/2026,12/5/2001,SO94749,238,18062,10,1,2
1/29/2026,11/27/2002,SO94750,570,26551,7,1,2
5/1/2026,7/17/2002,SO94751,558,12508,7,1,1
9/9/2026,1/10/2003,SO94752,373,22847,1,1,1
9/23/2026,2/20/2002,SO94753,279,12046,2,1,2
5/6/2026,6/7/2001,SO94754,262,23993,4,1,1
10/30/2026,6/6/2004,SO94755,272,19702,4,1,2
10/30/2026,5/10/2001,SO94755,478,19702,4,2,2
4/17/2026,6/4/2004,SO94756,460,18492,7,1,2
4/17/2026,9/21/2004,SO94756,338,18492,7,2,2
4/17/2026,8/12/2003,SO94756,367,18492,7,3,2
3/24/2026,4/4/2003,SO94757,274,27623,6,1,2
3/25/2026,11/10/2003,SO94758,583,21922,9,1,2
5/13/2026,9/18/2003,SO94759,551,17812,5,1,1
3/3/2026,4/14/2001,SO94760,488,28080,8,1,1
5/24/2026,8/14/2004,SO94761,394,25341,2,1,1
6/23/2026,9/27/2001,SO94762,598,19895,8,1,3
2/5/2026,2/9/2004,SO94763,595,18614,8,1,2
10/26/2026,6/6/2001,SO94764,421,20180,10,1,2
10/26/2026,2/3/2002,SO94764,312,20180,10,2,2
10/26/2026,3/6/2003,SO94764,293,20180,10,3,2
6/12/2026,5/19/2001,SO94765,550,21424,9,1,1
6/29/2026,2/6/2001,SO94766,299,25657,6,1,2
4/22/2026,3/7/2001,SO94767,414,27931,9,1,1
11/5/2026,2/12/2001,SO94768,554,20385,3,1,1
3/19/2026,10/11/2001,SO94769,515,27064,10,1,1
3/19/2026,10/15/2003,SO94769,495,27064,10,2,2
6/18/2026,5/7/2004,SO94770,459,23045,10,1,1
7/13/2026,6/30/2002,SO94771,515,26474,8,1,1
3/1/2026,7/22/2003,SO94772,472,14583,2,1,1
5/6/2026,5/31/2001,SO94773,468,19495,9,1,1
4/27/2026,4/30/2002,SO94774,437,11649,8,1,1
1/16/2026,4/18/2004,SO94775,373,18973,8,1,1
11/27/2026,2/26/2001,SO94776,334,13128,6,1,1
3/23/2026,4/30/2001,SO94777,527,27646,6,1,2
3/23/2026,2/7/2002,SO94777,411,27646,6,2,2
2/23/2026,6/8/2001,SO94778,324,19395,6,1,1
1/4/2026,8/17/2003,SO94779,274,16535,10,1,1
9/14/2026,3/2/2004,SO94780,422,25232,6,1,1
2/3/2026,1/31/2001,SO94781,600,18302,10,1,2
2/3/2026,11/30/2004,SO94781,296,18302,10,2,2
2/10/2026,8/19/2002,SO94782,253,27474,2,1,1
10/18/2026,12/23/2004,SO94783,244,17933,10,1,2
9/19/2026,7/20/2002,SO94784,522,22047,3,1,1
11/22/2026,11/11/2001,SO94785,569,15231,6,1,2
3/16/2026,4/14/2001,SO94786,383,20483,3,1,2
3/16/2026,1/1/2003,SO94786,392,20483,3,2,1
10/7/2026,7/13/2003,SO94787,588,22971,4,1,1
6/29/2026,10/12/2002,SO94788,401,23201,1,1,2
5/18/2026,9/16/2004,SO94789,569,23086,6,1,3
9/18/2026,1/4/2003,SO94790,423,12076,4,1,1
2/23/2026,8/17/2004,SO94791,563,11925,3,1,1
6/18/2026,9/1/2003,SO94792,300,11877,6,1,1
6/13/2026,6/25/2004,SO94793,510,23323,7,1,1
6/13/2026,11/23/2003,SO94793,379,23323,7,2,1
6/13/2026,12/31/2001,SO94793,347,23323,7,3,1
4/27/2026,3/30/2002,SO94794,606,19758,10,1,1
3/16/2026,11/20/2003,SO94795,579,11998,9,1,1
3/10/2026,12/1/2002,SO94796,501,21196,9,1,2
3/10/2026,2/13/2002,SO94796,510,21196,9,2,2
5/26/2026,6/8/2002,SO94797,502,13627,4,1,1
12/28/2026,7/24/2002,SO94798,603,11096,5,1,1
3/30/2026,1/6/2002,SO94799,548,11023,1,1,1
5/23/2026,10/21/2003,SO94800,403,25665,1,1,1
2/6/2026,4/9/2001,SO94801,601,24619,1,1,1
12/13/2026,9/27/2003,SO94802,496,15562,2,1,1
5/21/2026,8/30/2001,SO94803,493,11810,9,1,1
6/24/2026,7/17/2003,SO94804,547,20101,6,1,1
5/18/2026,6/13/2003,SO94805,522,22322,6,1,1
5/18/2026,8/14/2001,SO94805,379,22322,6,2,2
3/16/2026,11/15/2004,SO94806,433,26396,9,1,1
1/18/2026,3/13/2002,SO94807,548,15098,2,1,1
1/5/2026,2/10/2001,SO94808,454,22601,2,1,1
1/5/2026,4/4/2001,SO94808,445,22601,2,2,1
1/5/2026,3/5/2001,SO94808,215,22601,2,3,1
4/4/2026,4/9/2003,SO94809,474,19780,2,1,1
4/4/2026,8/16/2002,SO94809,346,19780,2,2,1
4/4/2026,5/21/2004,SO94809,590,19780,2,3,2
9/4/2026,7/23/2001,SO94810,595,11460,6,1,2
2/10/2026,3/8/2001,SO94811,300,17382,8,1,1
8/1/2026,7/11/2001,SO94812,407,14456,7,1,1
2/27/2026,12/16/2002,SO94813,218,16033,6,1,1
11/13/2026,9/6/2004,SO94814,381,26871,3,1,1
8/13/2026,5/12/2002,SO94815,334,29197,1,1,2
9/22/2026,6/24/2001,SO94816,443,23643,7,1,1
7/27/2026,8/5/2003,SO94817,551,13155,6,1,2
4/2/2026,7/28/2001,SO94818,264,29047,5,1,1
1/11/2026,6/24/2003,SO94819,529,18426,7,1,2
7/8/2026,5/10/2003,SO94820,499,11838,9,1,2
9/13/2026,3/9/2004,SO94821,564,12916,2,1,1
9/12/2026,8/14/2003,SO94822,486,14949,8,1,2
12/27/2026,9/10/2002,SO94823,542,20637,4,1,1
7/11/2026,8/1/2002,SO94824,470,21677,8,1,1
5/8/2026,1/23/2002,SO94825,433,21124,1,1,1
11/22/2026,6/30/2001,SO94826,490,16916,5,1,1
10/13/2026,7/5/2002,SO94827,407,26912,6,1,2
9/9/2026,12/7/2001,SO94828,379,26669,6,1,1
1/20/2026,10/22/2002,SO94829,330,27112,4,1,1
7/14/2026,2/23/2004,SO94830,282,19368,1,1,1
6/19/2026,12/26/2003,SO94831,597,23609,5,1,2
6/19/2026,9/3/2003,SO94831,565,23609,5,2,2
11/25/2026,7/22/2003,SO94832,596,20918,1,1,2
9/7/2026,1/11/2002,SO94833,437,25009,10,1,1
2/13/2026,10/4/2003,SO94834,277,20599,5,1,2
2/13/2026,10/18/2002,SO94834,370,20599,5,2,2
4/9/2026,9/28/2001,SO94835,578,20160,4,1,1
4/9/2026,9/21/2004,SO94835,548,20160,4,2,3
4/9/2026,4/2/2001,SO94835,503,20160,4,3,2
6/14/2026,6/24/2002,SO94836,606,26377,3,1,1
4/7/2026,6/8/2003,SO94837,449,27176,1,1,1
7/9/2026,1/14/2003,SO94838,330,29448,6,1,1
12/30/2026,4/4/2001,SO94839,247,24057,4,1,1
7/30/2026,5/21/2003,SO94840,555,28075,3,1,1
6/28/2026,9/26/2002,SO94841,459,11909,9,1,2
8/1/2026,9/2/2003,SO94842,543,25621,4,1,1
3/19/2026,7/18/2001,SO94843,288,19230,3,1,1
3/19/2026,8/1/2003,SO94843,344,19230,3,2,1
3/19/2026,9/29/2003,SO94843,499,19230,3,3,2
7/21/2026,5/24/2003,SO94844,320,19794,4,1,1
11/20/2026,8/9/2002,SO94845,419,28179,5,1,2
9/1/2026,6/12/2001,SO94846,320,29445,10,1,1
4/21/2026,5/17/2004,SO94847,223,27367,7,1,1
9/6/2026,5/1/2001,SO94848,539,18427,3,1,1
9/6/2026,4/21/2001,SO94848,473,18427,3,2,1
4/22/2026,9/13/2001,SO94849,523,24359,8,1,1
6/24/2026,8/16/2004,SO94850,591,16162,3,1,2
7/17/2026,12/9/2003,SO94851,598,25566,5,1,2
3/3/2026,5/23/2003,SO94852,296,27804,9,1,2
3/3/2026,4/24/2001,SO94852,313,27804,9,2,1
3/22/2026,10/30/2002,SO94853,282,14277,1,1,1
2/3/2026,4/1/2004,SO94854,360,17564,4,1,1
2/3/2026,4/5/2004,SO94854,229,17564,4,2,2
11/19/2026,6/20/2004,SO94855,433,14912,5,1,1
3/15/2026,3/3/2003,SO94856,392,24930,4,1,1
3/15/2026,12/13/2004,SO94856,599,24930,4,2,1
2/23/2026,1/12/2003,SO94857,391,25513,9,1,2
3/28/2026,11/8/2004,SO94858,584,18549,9,1,1
1/7/2026,8/8/2001,SO94859,426,25362,8,1,2
6/13/2026,2/3/2003,SO94860,462,26983,10,1,1
1/4/2026,6/5/2001,SO94861,307,22562,4,1,1
2/26/2026,3/26/2004,SO94862,464,18145,5,1,1
8/24/2026,10/7/2001,SO94863,348,22072,9,1,1
9/14/2026,12/8/2001,SO94864,229,16667,6,1,1
12/14/2026,8/1/2001,SO94865,514,15605,10,1,1
5/14/2026,11/23/2003,SO94866,577,15178,6,1,1
2/15/2026,6/30/2003,SO94867,605,17555,1,1,1
6/24/2026,7/23/2001,SO94868,456,22382,7,1,3
3/16/2026,6/10/2002,SO94869,310,13082,9,1,1
8/18/2026,3/20/2001,SO94870,451,21614,7,1,1
6/22/2026,4/15/2003,SO94871,425,26995,1,1,1
8/3/2026,4/25/2001,SO94872,389,26736,8,1,1
2/4/2026,11/17/2003,SO94873,484,22342,3,1,1
11/9/2026,6/15/2002,SO94874,511,14450,7,1,2
10/29/2026,9/20/2001,SO94875,497,18198,2,1,1
5/22/2026,6/2/2004,SO94876,544,16832,5,1,3
8/28/2026,1/22/2003,SO94877,560,23406,3,1,1
8/28/2026,5/22/2001,SO94877,510,23406,3,2,1
11/14/2026,2/1/2004,SO94878,576,14560,6,1,2
6/28/2026,11/13/2001,SO94879,383,26750,1,1,2
8/6/2026,7/16/2004,SO94880,405,27407,6,1,1
1/2/2026,6/20/2003,SO94881,352,17351,3,1,1
7/19/2026,1/12/2001,SO94882,338,19261,4,1,1
9/19/2026,4/10/2003,SO94883,579,13122,4,1,2
2/22/2026,5/16/2002,SO94884,460,27710,4,1,1
2/22/2026,11/6/2002,SO94884,377,27710,4,2,1
2/22/2026,5/14/2004,SO94884,426,27710,4,3,1
12/3/2026,10/22/2003,SO94885,256,20429,4,1,1
8/21/2026,12/6/2002,SO94886,506,13173,8,1,1
8/21/2026,3/24/2003,SO94886,270,13173,8,2,2
10/21/2026,10/4/2002,SO94887,447,25275,2,1,2
11/18/2026,11/19/2002,SO94888,278,28954,4,1,1
8/7/2026,12/24/2004,SO94889,420,23980,4,1,2
5/30/2026,12/14/2003,SO94890,427,25932,10,1,1
7/17/2026,8/20/2002,SO94891,509,19227,10,1,2
1/18/2026,4/16/2002,SO94892,422,25008,2,1,2
6/25/2026,10/17/2004,SO94893,292,18298,3,1,2
3/13/2026,11/28/2004,SO94894,534,18810,6,1,1
3/13/2026,9/6/2001,SO94894,443,18810,6,2,2
11/26/2026,3/24/2003,SO94895,429,28912,5,1,1
2/2/2026,4/26/2003,SO94896,445,14385,4,1,1
3/27/2026,3/25/2004,SO94897,411,17557,2,1,3
3/27/2026,10/8/2004,SO94897,448,17557,2,2,1
1/2/2026,11/16/2003,SO94898,414,23765,9,1,1
10/29/2026,7/10/2003,SO94899,581,28099,10,1,1
4/23/2026,11/30/2002,SO94900,262,16333,5,1,1
9/10/2026,9/24/2003,SO94901,342,27270,9,1,2
3/19/2026,5/20/2004,SO94902,579,27396,2,1,2
10/2/2026,4/29/2004,SO94903,326,29290,8,1,1
5/31/2026,9/8/2002,SO94904,419,24001,1,1,1
10/2/2026,3/10/2004,SO94905,458,12370,8,1,2
2/19/2026,11/27/2004,SO94906,590,28595,10,1,1
9/20/2026,1/28/2004,SO94907,488,25048,3,1,2
9/20/2026,10/11/2001,SO94907,555,25048,3,2,2
9/20/2026,10/4/2003,SO94907,520,25048,3,3,1
10/4/2026,3/8/2003,SO94908,485,23756,9,1,2
10/4/2026,2/2/2003,SO94908,596,23756,9,2,2
9/5/2026,1/9/2001,SO94909,553,28876,10,1,2
1/9/2026,12/7/2003,SO94910,525,22813,4,1,2
12/23/2026,7/18/2003,SO94911,483,16186,8,1,2
8/28/2026,1/13/2003,SO94912,454,15189,5,1,2
8/28/2026,6/2/2001,SO94912,412,15189,5,2,2
3/27/2026,9/16/2002,SO94913,473,11136,4,1,2
9/26/2026,8/10/2003,SO94914,391,29192,1,1,1
9/26/2026,4/30/2004,SO94914,595,29192,1,2,3
9/26/2026,6/26/2002,SO94914,590,29192,1,3,1
4/20/2026,9/17/2004,SO94915,277,28958,4,1,1
9/2/2026,3/9/2001,SO94916,328,23224,3,1,2
6/26/2026,5/18/2001,SO94917,358,11312,10,1,1
8/14/2026,3/16/2004,SO94918,409,16839,4,1,2
10/24/2026,4/14/2003,SO94919,606,26654,9,1,1
1/13/2026,10/16/2003,SO94920,349,24194,9,1,1
1/13/2026,11/10/2004,SO94920,585,24194,9,2,1
8/25/2026,10/26/2002,SO94921,514,24466,10,1,1
8/25/2026,1/13/2002,SO94921,441,24466,10,2,2
4/5/2026,4/20/2002,SO94922,452,29323,1,1,2
12/28/2026,5/14/2003,SO94923,288,16164,7,1,3
10/1/2026,6/25/2002,SO94924,519,12358,6,1,2
11/19/2026,12/8/2004,SO94925,493,22988,1,1,1
11/19/2026,7/19/2003,SO94925,411,22988,1,2,1
4/12/2026,1/26/2004,SO94926,351,16196,2,1,1
1/11/2026,9/27/2003,SO94927,576,18473,4,1,1
5/13/2026,9/15/2002,SO94928,396,14497,10,1,1
3/27/2026,4/14/2004,SO94929,477,18437,5,1,2
3/13/2026,1/10/2002,SO94930,451,11580,1,1,2
11/1/2026,10/16/2002,SO94931,464,12291,7,1,1
2/14/2026,12/6/2002,SO94932,362,23565,4,1,1
2/14/2026,11/21/2004,SO94932,561,23565,4,2,2
11/11/2026,5/26/2002,SO94933,551,14672,1,1,2
6/3/2026,5/6/2004,SO94934,521,15050,4,1,1
2/3/2026,9/6/2004,SO94935,247,15961,6,1,1
2/3/2026,5/16/2003,SO94935,499,15961,6,2,2
2/3/2026,7/9/2002,SO94935,275,15961,6,3,1
9/30/2026,6/23/2003,SO94936,507,21531,10,1,2
10/20/2026,12/9/2003,SO94937,605,12114,5,1,2
5/23/2026,9/7/2002,SO94938,483,12362,4,1,2
7/7/2026,4/9/2001,SO94939,580,14272,1,1,2
8/7/2026,10/17/2002,SO94940,320,18522,9,1,2
6/13/2026,3/19/2002,SO94941,277,27559,9,1,2
7/2/2026,2/8/2002,SO94942,521,20707,1,1,1
1/27/2026,4/14/2001,SO94943,592,27641,3,1,1
11/22/2026,7/22/2002,SO94944,575,27324,6,1,1
11/22/2026,5/18/2001,SO94944,505,27324,6,2,1
9/19/2026,9/13/2004,SO94945,493,22279,6,1,1
11/12/2026,10/4/2003,SO94946,413,14407,8,1,1
5/14/2026,4/6/2002,SO94947,527,13925,1,1,1
5/20/2026,6/18/2003,SO94948,490,13816,10,1,1
11/13/2026,4/25/2002,SO94949,387,14700,2,1,2
11/13/2026,4/1/2002,SO94949,584,14700,2,2,2
11/13/2026,2/17/2001,SO94949,413,14700,2,3,1
4/2/2026,3/4/2001,SO94950,307,16168,1,1,1
3/16/2026,12/5/2004,SO94951,506,13600,10,1,2
7/22/2026,1/23/2003,SO94952,450,26989,9,1,1
8/15/2026,11/4/2002,SO94953,344,17324,8,1,1
8/15/2026,6/13/2003,SO94953,586,17324,8,2,2
6/9/2026,1/7/2003,SO94954,407,12561,1,1,1
2/19/2026,11/9/2003,SO94955,439,19870,7,1,1
1/25/2026,5/23/2001,SO94956,581,11248,6,1,1
3/31/2026,1/16/2002,SO94957,601,18966,4,1,1
11/8/2026,3/1/2002,SO94958,259,11697,5,1,3
3/25/2026,3/18/2002,SO94959,310,17714,9,1,1
9/1/2026,1/27/2004,SO94960,397,21174,2,1,2
5/20/2026,8/19/2003,SO94961,218,25883,9,1,2
11/30/2026,9/18/2003,SO94962,538,25867,9,1,2
11/30/2026,7/3/2002,SO94962,478,25867,9,2,2
5/25/2026,2/9/2001,SO94963,590,26684,2,1,2
1/31/2026,5/24/2001,SO94964,489,29416,8,1,2
7/30/2026,10/11/2003,SO94965,448,26910,6,1,1
4/13/2026,12/8/2004,SO94966,572,13881,10,1,1
3/18/2026,8/13/2001,SO94967,482,15060,2,1,1
12/2/2026,3/14/2001,SO94968,368,11264,10,1,1
12/2/2026,2/13/2003,SO94968,591,11264,10,2,3
5/12/2026,5/5/2003,SO94969,583,18530,10,1,2
4/22/2026,9/24/2003,SO94970,595,15807,6,1,2
4/22/2026,12/28/2001,SO94970,340,15807,6,2,3
3/27/2026,12/18/2004,SO94971,583,15885,6,1,1
3/27/2026,2/18/2002,SO94971,581,15885,6,2,1
8/10/2026,4/18/2003,SO94972,441,13438,9,1,3
7/22/2026,7/25/2003,SO94973,567,14422,1,1,3
1/15/2026,3/18/2004,SO94974,437,21405,5,1,1
7/7/2026,3/8/2002,SO94975,557,23379,1,1,1
8/10/2026,6/5/2001,SO94976,405,25838,5,1,1
3/29/2026,7/8/2002,SO94977,481,24658,5,1,1
10/8/2026,8/3/2004,SO94978,475,28294,7,1,1
3/31/2026,12/28/2001,SO94979,451,23634,7,1,1
3/31/2026,11/16/2002,SO94979,362,23634,7,2,2
11/3/2026,7/15/2002,SO94980,571,27532,3,1,1
9/25/2026,11/18/2002,SO94981,470,27922,5,1,2
2/11/2026,10/7/2003,SO94982,565,23572,1,1,1
4/11/2026,1/7/2001,SO94983,486,16536,8,1,2
12/4/2026,1/4/2004,SO94984,537,16814,7,1,3
5/21/2026,6/28/2004,SO94985,487,28116,2,1,1
10/17/2026,11/9/2004,SO94986,422,15254,10,1,1
10/17/2026,10/22/2004,SO94986,575,15254,10,2,3
8/4/2026,6/16/2004,SO94987,214,19839,4,1,1
8/4/2026,7/2/2003,SO94987,498,19839,4,2,3
1/3/2026,4/10/2002,SO94988,435,29006,7,1,2
9/6/2026,6/7/2004,SO94989,559,22352,7,1,1
7/27/2026,4/10/2003,SO94990,277,13346,8,1,2
10/16/2026,11/4/2001,SO94991,583,11344,5,1,2
1/2/2026,6/21/2004,SO94992,591,12687,3,1,1
6/16/2026,8/11/2002,SO94993,598,25023,6,1,2
5/27/2026,11/11/2004,SO94994,584,28298,3,1,2
6/6/2026,10/2/2003,SO94995,522,18979,5,1,3
9/30/2026,11/2/2004,SO94996,583,14174,8,1,2
10/11/2026,1/8/2001,SO94997,389,13817,10,1,2
2/17/2026,4/6/2001,SO94998,491,17892,4,1,1
4/5/2026,10/11/2001,SO94999,409,15599,6,1,2
2/21/2026,6/22/2001,SO95000,584,16352,3,1,1
11/26/2026,5/19/2003,SO95001,482,13351,2,1,1
6/25/2026,4/14/2004,SO95002,352,18530,4,1,1
6/25/2026,8/31/2003,SO95002,505,18530,4,2,1
11/4/2026,11/27/2002,SO95003,575,16715,2,1,2
7/12/2026,1/5/2002,SO95004,559,14358,10,1,2
9/23/2026,9/9/2004,SO95005,443,11209,10,1,1
9/23/2026,4/12/2004,SO95005,417,11209,10,2,1
9/23/2026,4/10/2002,SO95005,551,11209,10,3,3
7/16/2026,10/5/2002,SO95006,375,13622,5,1,2
11/28/2026,12/14/2004,SO95007,346,20339,3,1,2
4/13/2026,12/8/2003,SO95008,583,26256,10,1,3
5/16/2026,8/15/2004,SO95009,266,13999,5,1,1
8/21/2026,11/1/2004,SO95010,452,21175,4,1,1
8/21/2026,7/19/2001,SO95010,573,21175,4,2,1
8/21/2026,12/9/2003,SO95010,495,21175,4,3,2
6/30/2026,4/5/2002,SO95011,575,12174,3,1,3
1/17/2026,7/12/2001,SO95012,256,12168,8,1,1
2/7/2026,12/24/2002,SO95013,572,16077,1,1,1
6/7/2026,2/2/2003,SO95014,469,12550,7,1,2
6/7/2026,3/16/2003,SO95014,481,12550,7,2,2
1/19/2026,12/28/2004,SO95015,568,16480,2,1,1
1/19/2026,2/26/2002,SO95015,586,16480,2,2,2
7/20/2026,6/25/2004,SO95016,371,22348,2,1,2
7/20/2026,11/1/2002,SO95016,446,22348,2,2,2
5/13/2026,1/7/2004,SO95017,588,20094,4,1,1
8/21/2026,9/1/2002,SO95018,564,28234,5,1,2
6/2/2026,4/21/2004,SO95019,481,18423,10,1,1
2/18/2026,7/21/2001,SO95020,449,28770,9,1,2
6/24/2026,5/25/2004,SO95021,511,18368,7,1,1
6/22/2026,9/8/2003,SO95022,478,13100,2,1,1
3/19/2026,1/9/2001,SO95023,401,15366,4,1,1
4/6/2026,12/19/2002,SO95024,362,14179,10,1,2
2/5/2026,6/7/2001,SO95025,413,11607,1,1,1
12/26/2026,7/17/2002,SO95026,356,21741,2,1,1
12/26/2026,10/13/2004,SO95026,495,21741,2,2,1
12/26/2026,2/4/2004,SO95026,491,21741,2,3,2
7/21/2026,7/11/2004,SO95027,348,19080,5,1,2
10/26/2026,9/17/2003,SO95028,509,16720,1,1,1
10/26/2026,1/21/2004,SO95028,508,16720,1,2,2
4/10/2026,1/11/2002,SO95029,300,13440,10,1,3
6/6/2026,10/22/2002,SO95030,514,15707,7,1,2
5/24/2026,3/23/2004,SO95031,338,24349,2,1,1
3/11/2026,10/31/2001,SO95032,367,29348,8,1,1
7/19/2026,7/11/2004,SO95033,503,23714,3,1,2
12/26/2026,5/31/2004,SO95034,581,13893,9,1,2
1/28/2026,4/17/2003,SO95035,272,26281,10,1,1
2/3/2026,12/6/2002,SO95036,219,21631,4,1,1
6/29/2026,3/6/2001,SO95037,462,22101,8,1,1
3/21/2026,7/29/2001,SO95038,464,23075,3,1,2
3/21/2026,7/29/2004,SO95038,364,23075,3,2,1
1/10/2026,11/2/2003,SO95039,475,17877,8,1,1
4/12/2026,9/28/2004,SO95040,556,12696,2,1,2
7/14/2026,8/27/2001,SO95041,500,18633,9,1,1
12/16/2026,12/24/2002,SO95042,351,15475,8,1,1
5/6/2026,3/21/2003,SO95043,593,12853,5,1,1
3/23/2026,3/26/2003,SO95044,497,19703,7,1,1
11/24/2026,11/20/2003,SO95045,486,24822,4,1,1
11/24/2026,5/4/2001,SO95045,466,24822,4,2,2
12/22/2026,4/25/2001,SO95046,464,18828,9,1,3
4/13/2026,10/24/2002,SO95047,316,15156,1,1,1
6/25/2026,12/7/2002,SO95048,332,21611,1,1,3
2/8/2026,5/30/2001,SO95049,531,18964,7,1,2
2/4/2026,3/14/2004,SO95050,502,22659,5,1,1
8/7/2026,9/6/2003,SO95051,521,25637,6,1,1
2/1/2026,11/27/2001,SO95052,392,16241,9,1,1
1/20/2026,5/17/2003,SO95053,454,28580,9,1,3
9/24/2026,5/6/2004,SO95054,606,20601,6,1,2
9/24/2026,11/22/2003,SO95054,256,20601,6,2,1
10/19/2026,3/23/2004,SO95055,229,28280,8,1,1
1/28/2026,5/21/2003,SO95056,291,22450,1,1,2
1/28/2026,6/21/2003,SO95056,553,22450,1,2,2
3/8/2026,1/2/2003,SO95057,448,19360,5,1,1
12/2/2026,6/15/2001,SO95058,478,18535,5,1,1
9/29/2026,1/27/2003,SO95059,235,26137,9,1,3
9/29/2026,12/17/2002,SO95059,579,26137,9,2,2
9/29/2026,1/18/2002,SO95059,599,26137,9,3,2
3/15/2026,6/24/2002,SO95060,497,22945,2,1,2
8/14/2026,3/7/2004,SO95061,293,23443,3,1,1
10/7/2026,9/4/2004,SO95062,594,27857,5,1,2
11/14/2026,2/13/2003,SO95063,583,22597,3,1,1
8/4/2026,4/18/2004,SO95064,558,25567,8,1,1
4/6/2026,7/14/2001,SO95065,441,22948,9,1,2
5/3/2026,3/12/2002,SO95066,511,22837,3,1,1
2/22/2026,3/2/2002,SO95067,342,18503,6,1,1
2/22/2026,10/10/2003,SO95067,577,18503,6,2,1
11/3/2026,8/19/2004,SO95068,351,13228,3,1,2
11/3/2026,12/30/2002,SO95068,508,13228,3,2,1
8/24/2026,11/12/2003,SO95069,483,11091,9,1,1
12/31/2026,1/12/2004,SO95070,311,13807,1,1,1
3/24/2026,4/8/2001,SO95071,606,18182,10,1,1
8/17/2026,6/24/2003,SO95072,275,28718,4,1,1
8/17/2026,6/6/2001,SO95072,235,28718,4,2,1
12/24/2026,11/7/2004,SO95073,533,23881,5,1,1
5/5/2026,1/2/2001,SO95074,515,19342,6,1,1
3/29/2026,5/15/2001,SO95075,512,26357,9,1,2
1/27/2026,6/15/2004,SO95076,583,19435,7,1,2
5/20/2026,4/12/2003,SO95077,461,21003,4,1,1
11/15/2026,6/30/2002,SO95078,424,28966,2,1,2
11/6/2026,7/22/2001,SO95079,605,12548,5,1,2
11/25/2026,4/6/2001,SO95080,468,15447,8,1,1
6/4/2026,10/7/2003,SO95081,304,24172,6,1,1
6/4/2026,9/18/2003,SO95081,597,24172,6,2,2
12/7/2026,7/29/2004,SO95082,433,28258,8,1,1
4/22/2026,8/2/2003,SO95083,377,13780,5,1,1
2/20/2026,12/23/2003,SO95084,344,22288,1,1,3
1/6/2026,4/8/2003,SO95085,375,17277,7,1,2
1/6/2026,2/7/2004,SO95085,460,17277,7,2,1
3/11/2026,1/18/2002,SO95086,482,11039,1,1,2
10/26/2026,9/11/2004,SO95087,470,20938,10,1,2
7/24/2026,7/27/2002,SO95088,535,29298,7,1,2
7/24/2026,4/12/2001,SO95088,461,29298,7,2,2
5/19/2026,8/23/2001,SO95089,492,27728,6,1,1
5/19/2026,8/19/2002,SO95089,421,27728,6,2,1
5/19/2026,3/17/2004,SO95089,425,27728,6,3,2
7/4/2026,2/26/2002,SO95090,564,21652,7,1,2
6/28/2026,6/9/2001,SO95091,554,12809,9,1,2
3/11/2026,11/12/2002,SO95092,477,23021,10,1,2
3/11/2026,8/1/2004,SO95092,360,23021,10,2,1
7/2/2026,7/29/2004,SO95093,531,11188,1,1,1
7/23/2026,3/19/2002,SO95094,344,17560,5,1,1
9/8/2026,8/17/2004,SO95095,579,27839,8,1,1
8/30/2026,12/27/2002,SO95096,310,27783,5,1,2
3/19/2026,7/5/2001,SO95097,586,11894,4,1,2
2/1/2026,10/21/2004,SO95098,314,24546,8,1,1
11/29/2026,11/22/2003,SO95099,375,14055,6,1,1
5/2/2026,10/8/2004,SO95100,319,18919,8,1,1
12/23/2026,10/3/2001,SO95101,582,19648,8,1,1
4/12/2026,2/14/2001,SO95102,494,22156,10,1,1
5/10/2026,2/21/2002,SO95103,491,23975,10,1,2
2/5/2026,11/12/2001,SO95104,547,13758,6,1,2
10/28/2026,12/21/2003,SO95105,317,16944,8,1,1
4/25/2026,8/20/2002,SO95106,250,26551,1,1,1
8/26/2026,4/11/2002,SO95107,514,23041,10,1,2
1/20/2026,11/30/2002,SO95108,560,19850,10,1,1
10/6/2026,6/26/2001,SO95109,426,14317,5,1,3
4/27/2026,3/3/2002,SO95110,356,27327,1,1,1
4/27/2026,10/25/2004,SO95110,542,27327,1,2,1
4/27/2026,8/30/2002,SO95110,326,27327,1,3,2
5/22/2026,6/4/2002,SO95111,471,21044,9,1,1
5/22/2026,7/14/2002,SO95111,455,21044,9,2,2
9/5/2026,10/8/2002,SO95112,250,28731,6,1,2
9/5/2026,1/25/2004,SO95112,385,28731,6,2,1
10/16/2026,1/30/2003,SO95113,576,26668,4,1,1
7/5/2026,2/11/2001,SO95114,315,14245,4,1,2
9/21/2026,5/17/2004,SO95115,497,21520,5,1,2
5/31/2026,2/22/2002,SO95116,524,26099,1,1,2
5/31/2026,10/4/2004,SO95116,606,26099,1,2,1
3/17/2026,4/29/2001,SO95117,443,14380,6,1,1
3/17/2026,2/5/2004,SO95117,450,14380,6,2,1
11/28/2026,11/1/2002,SO95118,336,27062,8,1,3
11/28/2026,7/12/2003,SO95118,533,27062,8,2,2
11/28/2026,11/4/2001,SO95118,473,27062,8,3,1
9/5/2026,8/21/2004,SO95119,533,19106,7,1,3
1/25/2026,4/12/2004,SO95120,459,17266,9,1,2
10/21/2026,10/6/2002,SO95121,557,27605,7,1,2
11/11/2026,1/7/2002,SO95122,574,15963,8,1,1
6/21/2026,5/25/2003,SO95123,597,25634,3,1,1
9/29/2026,9/22/2001,SO95124,599,25868,2,1,1
12/28/2026,8/25/2001,SO95125,369,20286,3,1,2
12/28/2026,3/16/2001,SO95125,428,20286,3,2,1
2/9/2026,10/10/2003,SO95126,529,28553,10,1,2
7/25/2026,8/14/2004,SO95127,313,11178,8,1,3
4/15/2026,3/6/2001,SO95128,496,17319,3,1,2
1/25/2026,6/16/2001,SO95129,485,18230,7,1,2
12/8/2026,4/23/2003,SO95130,468,13838,10,1,1
10/20/2026,1/2/2004,SO95131,540,11971,4,1,1
10/20/2026,12/6/2003,SO95131,520,11971,4,2,1
3/31/2026,5/9/2004,SO95132,352,17613,1,1,2
3/31/2026,11/18/2001,SO95132,422,17613,1,2,2
3/31/2026,2/1/2002,SO95132,214,17613,1,3,1
7/4/2026,10/7/2001,SO95133,439,15650,3,1,1
5/26/2026,1/26/2004,SO95134,571,11021,1,1,1
10/8/2026,5/18/2004,SO95135,367,23484,10,1,1
1/9/2026,8/15/2001,SO95136,336,21040,8,1,2
10/6/2026,9/14/2001,SO95137,338,22675,6,1,2
1/26/2026,11/30/2003,SO95138,562,12179,2,1,1
1/26/2026,11/13/2004,SO95138,544,12179,2,2,1
6/23/2026,3/26/2001,SO95139,472,18812,8,1,2
12/9/2026,7/29/2004,SO95140,218,23243,7,1,2
5/28/2026,8/23/2004,SO95141,577,14992,6,1,2
9/4/2026,7/27/2004,SO95142,560,26540,10,1,1
4/30/2026,10/11/2004,SO95143,358,22076,7,1,2
9/6/2026,3/10/2002,SO95144,310,23316,3,1,1
2/13/2026,4/26/2004,SO95145,272,19276,2,1,2
1/2/2026,11/18/2004,SO95146,379,24922,1,1,1
8/26/2026,11/9/2003,SO95147,316,23352,6,1,1
11/15/2026,4/13/2001,SO95148,491,23135,8,1,2
4/20/2026,5/9/2001,SO95149,315,27307,7,1,1
9/16/2026,10/15/2002,SO95150,351,28897,3,1,2
9/17/2026,11/10/2001,SO95151,425,28221,2,1,1
5/15/2026,2/8/2004,SO95152,595,20606,2,1,1
5/15/2026,12/7/2002,SO95152,561,20606,2,2,1
2/5/2026,6/9/2003,SO95153,494,16065,1,1,1
9/29/2026,2/19/2001,SO95154,351,24789,6,1,1
4/26/2026,2/28/2004,SO95155,259,11766,8,1,1
11/29/2026,4/18/2003,SO95156,262,22735,2,1,3
1/15/2026,5/27/2001,SO95157,595,29299,8,1,1
1/15/2026,12/9/2002,SO95157,420,29299,8,2,3
3/12/2026,2/17/2004,SO95158,605,24169,10,1,1
4/19/2026,11/17/2001,SO95159,501,13969,9,1,2
4/19/2026,11/5/2002,SO95159,471,13969,9,2,2
8/8/2026,8/4/2004,SO95160,320,16109,7,1,3
6/16/2026,12/22/2002,SO95161,391,27865,10,1,1
6/16/2026,8/4/2003,SO95161,278,27865,10,2,1
1/8/2026,7/15/2004,SO95162,319,17278,3,1,2
12/11/2026,10/1/2003,SO95163,558,21088,4,1,1
2/8/2026,10/17/2001,SO95164,428,18827,1,1,2
12/6/2026,11/12/2001,SO95165,539,27300,6,1,1
10/16/2026,9/14/2003,SO95166,399,21259,4,1,1
11/23/2026,6/13/2004,SO95167,244,24315,2,1,1
3/22/2026,4/30/2004,SO95168,399,24292,7,1,2
5/24/2026,3/7/2004,SO95169,486,18019,2,1,1
7/30/2026,2/26/2004,SO95170,219,20972,8,1,2
7/30/2026,9/13/2004,SO95170,360,20972,8,2,2
9/5/2026,7/24/2002,SO95171,498,14616,3,1,1
9/5/2026,10/26/2003,SO95171,581,14616,3,2,2
9/24/2026,3/28/2004,SO95172,486,24572,10,1,2
8/25/2026,4/13/2004,SO95173,562,28997,2,1,2
10/5/2026,4/9/2001,SO95174,232,18798,9,1,1
9/8/2026,3/24/2004,SO95175,410,17019,1,1,1
9/8/2026,2/2/2002,SO95175,342,17019,1,2,2
4/1/2026,11/12/2003,SO95176,356,27890,7,1,2
10/5/2026,4/19/2004,SO95177,565,13491,10,1,2
6/30/2026,7/14/2001,SO95178,544,16981,1,1,3
6/30/2026,6/11/2001,SO95178,454,16981,1,2,1
6/30/2026,10/26/2004,SO95178,576,16981,1,3,2
11/15/2026,5/14/2004,SO95179,334,18046,3,1,2
5/12/2026,6/21/2004,SO95180,459,13735,6,1,1
10/5/2026,8/31/2003,SO95181,588,16613,5,1,2
5/20/2026,11/29/2002,SO95182,498,21420,9,1,2
9/30/2026,6/28/2001,SO95183,218,17525,4,1,2
12/28/2026,1/31/2001,SO95184,379,26571,9,1,2
12/28/2026,9/2/2004,SO95184,480,26571,9,2,2
9/2/2026,9/23/2001,SO95185,395,13800,2,1,1
9/2/2026,6/29/2004,SO95185,393,13800,2,2,2
12/25/2026,1/19/2002,SO95186,446,23605,1,1,1
5/3/2026,5/26/2003,SO95187,508,12991,3,1,2
8/25/2026,12/30/2002,SO95188,344,18259,7,1,1
5/28/2026,9/7/2004,SO95189,293,21715,3,1,2
8/27/2026,10/16/2004,SO95190,450,20150,2,1,1
7/1/2026,1/3/2002,SO95191,479,18349,3,1,1
7/1/2026,11/6/2003,SO95191,409,18349,3,2,1
7/1/2026,11/27/2001,SO95191,497,18349,3,3,2
1/10/2026,1/5/2002,SO95192,332,27345,1,1,2
3/9/2026,7/7/2002,SO95193,332,23012,4,1,3
6/2/2026,10/28/2002,SO95194,259,18068,6,1,2
6/2/2026,10/24/2002,SO95194,457,18068,6,2,2
8/1/2026,6/3/2004,SO95195,546,17989,5,1,2
2/26/2026,7/27/2004,SO95196,439,27866,5,1,1
12/12/2026,4/9/2004,SO95197,583,18534,9,1,2
8/5/2026,5/24/2002,SO95198,581,28041,1,1,1
7/18/2026,7/24/2003,SO95199,282,24771,5,1,2
7/18/2026,10/27/2002,SO95199,529,24771,5,2,1
6/17/2026,1/26/2004,SO95200,541,15028,5,1,3
11/8/2026,11/9/2004,SO95201,318,28162,6,1,3
11/27/2026,11/2/2003,SO95202,389,29036,6,1,1
2/17/2026,10/2/2001,SO95203,291,24765,10,1,3
9/25/2026,7/24/2002,SO95204,328,28772,1,1,2
9/15/2026,8/23/2004,SO95205,319,14982,8,1,1
12/10/2026,5/15/2004,SO95206,518,15426,7,1,3
9/1/2026,10/5/2004,SO95207,461,17696,10,1,1
5/15/2026,3/16/2003,SO95208,535,22901,6,1,2
9/30/2026,5/23/2001,SO95209,599,18897,6,1,2
3/26/2026,11/12/2003,SO95210,448,21227,8,1,2
8/19/2026,11/18/2003,SO95211,285,19078,7,1,1
9/11/2026,4/24/2004,SO95212,340,19846,5,1,2
9/18/2026,5/18/2003,SO95213,469,29390,7,1,2
5/7/2026,2/24/2001,SO95214,495,28402,9,1,1
10/19/2026,10/23/2004,SO95215,446,24737,2,1,1
10/19/2026,7/13/2001,SO95215,356,24737,2,2,2
9/11/2026,7/29/2002,SO95216,581,26423,2,1,1
10/29/2026,3/12/2002,SO95217,220,25643,2,1,1
7/28/2026,9/20/2001,SO95218,552,27911,2,1,1
5/16/2026,11/9/2002,SO95219,219,20045,8,1,1
8/7/2026,9/9/2001,SO95220,572,20673,10,1,2
3/14/2026,7/10/2002,SO95221,431,20958,6,1,2
1/12/2026,10/29/2004,SO95222,462,28222,8,1,1
8/12/2026,3/10/2003,SO95223,371,22332,9,1,2
7/7/2026,9/16/2002,SO95224,385,15912,5,1,2
8/18/2026,6/2/2002,SO95225,449,14890,8,1,2
6/2/2026,3/16/2001,SO95226,488,13314,4,1,2
1/23/2026,3/16/2003,SO95227,563,16076,2,1,1
3/1/2026,5/14/2001,SO95228,407,26027,9,1,1
4/29/2026,12/23/2004,SO95229,307,12003,1,1,1
4/24/2026,2/22/2002,SO95230,429,28927,9,1,1
7/3/2026,6/12/2002,SO95231,528,14761,7,1,2
11/26/2026,11/4/2003,SO95232,513,19519,6,1,3
4/17/2026,2/21/2001,SO95233,559,19323,5,1,1
8/23/2026,12/23/2001,SO95234,460,25430,9,1,1
10/22/2026,5/1/2003,SO95235,299,24304,7,1,2
12/6/2026,5/9/2001,SO95236,304,27213,2,1,2
2/1/2026,3/25/2004,SO95237,346,23009,2,1,2
6/13/2026,7/21/2002,SO95238,483,24601,10,1,2
9/14/2026,4/29/2003,SO95239,529,13396,9,1,3
6/4/2026,8/1/2004,SO95240,477,13503,3,1,1
6/4/2026,6/30/2002,SO95240,347,13503,3,2,2
6/2/2026,10/30/2003,SO95241,385,19062,5,1,2
7/30/2026,7/24/2001,SO95242,253,24298,8,1,2
1/23/2026,4/24/2001,SO95243,567,14345,10,1,2
2/25/2026,2/10/2002,SO95244,476,14952,7,1,2
6/7/2026,11/14/2001,SO95245,401,20067,1,1,2
11/1/2026,12/1/2001,SO95246,324,22468,4,1,2
9/11/2026,5/17/2003,SO95247,336,19611,8,1,2
3/19/2026,3/24/2003,SO95248,317,24565,1,1,1
12/26/2026,4/26/2002,SO95249,595,15000,9,1,1
12/31/2026,2/24/2002,SO95250,218,18524,6,1,3
6/9/2026,8/29/2003,SO95251,282,15187,8,1,1
8/8/2026,6/1/2001,SO95252,527,25191,8,1,1
1/14/2026,4/12/2003,SO95253,596,13762,3,1,2
1/14/2026,5/10/2002,SO95253,219,13762,3,2,1
1/14/2026,4/22/2004,SO95253,319,13762,3,3,2
10/12/2026,5/20/2003,SO95254,445,14171,7,1,1
2/1/2026,1/31/2002,SO95255,456,20854,8,1,1
7/9/2026,4/17/2001,SO95256,483,18550,2,1,1
1/5/2026,11/27/2004,SO95257,396,12655,10,1,1
10/20/2026,6/18/2002,SO95258,598,27531,7,1,1
3/27/2026,7/18/2001,SO95259,417,15169,10,1,2
9/12/2026,5/14/2004,SO95260,569,18048,8,1,2
1/21/2026,11/13/2002,SO95261,536,14652,4,1,2
11/12/2026,1/1/2002,SO95262,499,15455,10,1,1
8/20/2026,3/7/2002,SO95263,415,27832,6,1,1
1/4/2026,7/22/2004,SO95264,220,19130,3,1,3
10/11/2026,12/28/2004,SO95265,405,24720,9,1,2
11/3/2026,8/21/2001,SO95266,470,22347,3,1,1
11/3/2026,6/8/2002,SO95266,369,22347,3,2,2
1/2/2026,2/9/2003,SO95267,604,22573,7,1,1
4/19/2026,6/30/2004,SO95268,482,22280,3,1,1
7/15/2026,11/7/2003,SO95269,471,21965,6,1,1
7/15/2026,1/9/2003,SO95269,601,21965,6,2,1
3/22/2026,5/8/2004,SO95270,315,24019,10,1,1
3/22/2026,12/12/2004,SO95270,449,24019,10,2,1
8/23/2026,10/11/2002,SO95271,491,21447,1,1,2
6/11/2026,5/20/2001,SO95272,350,21114,4,1,2
11/6/2026,5/29/2004,SO95273,393,13806,4,1,1
5/16/2026,6/26/2004,SO95274,498,17776,3,1,3
4/16/2026,12/1/2004,SO95275,358,24167,9,1,2
9/16/2026,11/3/2002,SO95276,558,21395,6,1,1
11/17/2026,1/1/2001,SO95277,431,28664,5,1,1
11/12/2026,1/14/2001,SO95278,603,22262,9,1,2
3/14/2026,2/27/2001,SO95279,475,26351,9,1,1
2/27/2026,5/11/2002,SO95280,449,25193,9,1,1
2/27/2026,5/2/2002,SO95281,311,21628,6,1,1
2/27/2026,4/24/2001,SO95281,516,21628,6,2,1
6/3/2026,4/19/2002,SO95282,244,15866,9,1,2
6/15/2026,7/12/2001,SO95283,583,14573,8,1,1
6/15/2026,11/6/2002,SO95283,552,14573,8,2,1
6/15/2026,8/10/2001,SO95283,392,14573,8,3,1
12/18/2026,8/4/2002,SO95284,454,13934,8,1,1
1/1/2026,4/29/2003,SO95285,360,29340,5,1,3
7/7/2026,4/5/2001,SO95286,459,11050,7,1,2
3/21/2026,3/29/2003,SO95287,557,18985,10,1,1
3/2/2026,6/14/2004,SO95288,427,17937,4,1,1
2/25/2026,11/12/2004,SO95289,522,25124,8,1,1
2/25/2026,5/19/2003,SO95289,490,25124,8,2,1
2/25/2026,6/30/2002,SO95289,304,25124,8,3,1
2/27/2026,3/22/2001,SO95290,322,14410,5,1,2
2/27/2026,6/6/2001,SO95290,256,14410,5,2,1
2/23/2026,7/3/2003,SO95291,533,18381,6,1,2
4/2/2026,9/26/2002,SO95292,279,29320,4,1,1
7/30/2026,8/15/2002,SO95293,431,11879,10,1,2
1/21/2026,1/13/2002,SO95294,279,22616,10,1,2
1/21/2026,12/18/2003,SO95294,560,22616,10,2,2
11/9/2026,6/30/2002,SO95295,555,21668,1,1,1
10/9/2026,12/25/2001,SO95296,581,11715,6,1,1
11/21/2026,11/18/2003,SO95297,473,14751,4,1,1
8/15/2026,6/8/2004,SO95298,573,11433,2,1,1
8/15/2026,6/3/2002,SO95298,244,11433,2,2,2
5/5/2026,7/2/2003,SO95299,292,19371,10,1,1
5/5/2026,3/2/2004,SO95299,421,19371,10,2,2
1/23/2026,8/3/2003,SO95300,392,22504,2,1,1
6/5/2026,6/12/2002,SO95301,493,24957,2,1,1
11/20/2026,4/27/2004,SO95302,292,16812,4,1,2
3/29/2026,2/23/2003,SO95303,226,12797,4,1,1
8/7/2026,8/31/2001,SO95304,530,16100,8,1,2
7/8/2026,7/6/2003,SO95305,301,11381,2,1,2
7/14/2026,11/6/2004,SO95306,415,17682,2,1,1
1/13/2026,4/7/2003,SO95307,394,18165,9,1,1
12/6/2026,4/22/2004,SO95308,296,14288,5,1,1
10/3/2026,7/17/2001,SO95309,316,15768,4,1,1
1/6/2026,1/16/2003,SO95310,592,11523,2,1,2
3/13/2026,8/12/2004,SO95311,293,28429,1,1,1
11/12/2026,11/1/2001,SO95312,537,13747,5,1,1
11/12/2026,2/7/2002,SO95312,383,13747,5,2,1
11/12/2026,1/21/2001,SO95312,457,13747,5,3,2
1/16/2026,7/29/2003,SO95313,457,25235,4,1,1
6/14/2026,12/14/2001,SO95314,492,18286,6,1,2
11/18/2026,9/30/2001,SO95315,511,16835,5,1,1
4/30/2026,3/16/2001,SO95316,371,21376,4,1,1
4/17/2026,9/4/2001,SO95317,584,16033,8,1,2
7/15/2026,8/9/2001,SO95318,478,13477,5,1,2
9/1/2026,4/11/2003,SO95319,351,14466,10,1,2
6/8/2026,8/11/2002,SO95320,571,16131,3,1,1
12/12/2026,5/4/2001,SO95321,431,25927,9,1,2
2/17/2026,11/28/2003,SO95322,330,20508,4,1,1
8/24/2026,3/22/2001,SO95323,453,11431,4,1,1
4/30/2026,9/25/2003,SO95324,549,18630,2,1,1
5/1/2026,2/12/2004,SO95325,320,15137,6,1,1
5/2/2026,6/10/2003,SO95326,367,26398,2,1,1
8/28/2026,12/1/2002,SO95327,229,22271,3,1,1
8/24/2026,11/25/2001,SO95328,567,26497,3,1,2
6/22/2026,12/8/2002,SO95329,238,13050,7,1,1
7/22/2026,7/16/2001,SO95330,285,15413,8,1,2
10/12/2026,5/14/2002,SO95331,528,23628,9,1,2
4/28/2026,9/8/2002,SO95332,573,22336,3,1,1
4/28/2026,1/12/2001,SO95332,487,22336,3,2,1
12/12/2026,8/20/2001,SO95333,415,21581,5,1,1
11/6/2026,3/16/2002,SO95334,429,12705,4,1,3
2/1/2026,5/6/2003,SO95335,591,20502,5,1,1
8/12/2026,8/18/2003,SO95336,480,12870,3,1,1
8/12/2026,10/27/2001,SO95336,482,12870,3,2,2
8/12/2026,11/19/2001,SO95336,250,12870,3,3,1
7/6/2026,10/24/2004,SO95337,241,17761,8,1,1
2/23/2026,3/23/2002,SO95338,557,15412,9,1,1
9/10/2026,4/1/2003,SO95339,300,21641,5,1,1
12/29/2026,7/2/2002,SO95340,419,25007,7,1,2
1/27/2026,11/21/2002,SO95341,407,17118,7,1,1
1/5/2026,9/13/2003,SO95342,527,16848,5,1,2
10/17/2026,2/16/2003,SO95343,474,11888,8,1,1
4/21/2026,4/26/2003,SO95344,474,20921,5,1,1
9/5/2026,12/17/2002,SO95345,520,17478,3,1,1
12/21/2026,3/23/2001,SO95346,387,21238,5,1,3
2/8/2026,4/22/2001,SO95347,499,17664,9,1,1
10/12/2026,11/13/2001,SO95348,471,26767,1,1,1
10/12/2026,5/4/2002,SO95348,471,26767,1,2,1
10/12/2026,8/9/2004,SO95348,253,26767,1,3,1
9/28/2026,6/11/2004,SO95349,514,16192,5,1,2
11/25/2026,10/5/2003,SO95350,446,27815,5,1,1
11/25/2026,5/23/2002,SO95350,256,27815,5,2,2
2/10/2026,2/15/2002,SO95351,472,21564,1,1,1
7/29/2026,6/26/2002,SO95352,275,26190,5,1,2
2/22/2026,4/10/2004,SO95353,441,11615,7,1,1
8/3/2026,6/26/2004,SO95354,477,29183,9,1,2
1/4/2026,10/21/2003,SO95355,506,28013,7,1,1
12/27/2026,6/9/2003,SO95356,538,12101,8,1,2
7/6/2026,10/9/2003,SO95357,570,16801,9,1,1
7/4/2026,10/15/2001,SO95358,507,17160,3,1,1
11/7/2026,6/17/2001,SO95359,598,14099,3,1,2
5/26/2026,10/3/2001,SO95360,508,20030,8,1,2
5/23/2026,7/2/2001,SO95361,596,23858,3,1,2
3/7/2026,9/15/2002,SO95362,541,11827,8,1,1
8/7/2026,10/6/2004,SO95363,477,28581,3,1,1
8/7/2026,10/14/2001,SO95363,387,28581,3,2,1
7/1/2026,6/2/2001,SO95364,301,16607,3,1,2
7/1/2026,12/16/2002,SO95364,417,16607,3,2,2
7/1/2026,8/18/2001,SO95364,352,16607,3,3,2
8/3/2026,1/15/2004,SO95365,547,16380,8,1,1
8/16/2026,12/9/2004,SO95366,403,27213,2,1,2
10/10/2026,12/23/2001,SO95367,420,13121,1,1,2
9/16/2026,6/15/2002,SO95368,304,20291,1,1,2
2/11/2026,8/31/2001,SO95369,391,16938,9,1,1
7/5/2026,3/5/2002,SO95370,274,15966,9,1,1
12/28/2026,8/22/2001,SO95371,367,12495,5,1,2
7/24/2026,9/8/2003,SO95372,591,13958,2,1,2
8/5/2026,10/6/2001,SO95373,562,18875,6,1,1
11/9/2026,1/5/2003,SO95374,574,27689,1,1,3
2/2/2026,9/30/2001,SO95375,588,24449,7,1,1
6/21/2026,9/27/2003,SO95376,318,16289,10,1,3
6/21/2026,10/18/2001,SO95376,547,16289,10,2,1
4/16/2026,8/20/2004,SO95377,215,25360,7,1,1
4/16/2026,5/9/2003,SO95377,502,25360,7,2,1
4/16/2026,5/13/2002,SO95377,501,25360,7,3,2
7/21/2026,1/3/2004,SO95378,583,17248,1,1,2
8/19/2026,12/7/2001,SO95379,566,11340,9,1,1
8/19/2026,12/25/2002,SO95379,422,11340,9,2,1
8/19/2026,9/17/2003,SO95379,214,11340,9,3,2
6/3/2026,12/27/2003,SO95380,502,24363,6,1,1
6/3/2026,4/9/2003,SO95380,478,24363,6,2,2
6/3/2026,9/2/2001,SO95380,580,24363,6,3,2
12/24/2026,11/12/2002,SO95381,458,12666,6,1,1
12/24/2026,4/26/2004,SO95381,276,12666,6,2,1
5/13/2026,12/17/2003,SO95382,253,22265,2,1,2
6/28/2026,4/5/2001,SO95383,486,20950,5,1,1
5/2/2026,6/12/2004,SO95384,596,11776,6,1,3
7/2/2026,3/31/2001,SO95385,447,23361,2,1,2
11/19/2026,10/11/2004,SO95386,603,29076,6,1,2
8/13/2026,11/19/2003,SO95387,443,12096,1,1,1
5/26/2026,5/16/2003,SO95388,311,19503,5,1,2
3/18/2026,5/24/2002,SO95389,448,27977,6,1,1
6/13/2026,4/13/2003,SO95390,414,12077,1,1,1
11/24/2026,2/5/2001,SO95391,346,20726,3,1,1
5/13/2026,5/23/2003,SO95392,448,15161,5,1,1
4/27/2026,11/8/2004,SO95393,487,18333,7,1,1
3/16/2026,12/23/2001,SO95394,546,15243,2,1,2
1/14/2026,9/10/2004,SO95395,365,20545,6,1,2
2/8/2026,12/21/2001,SO95396,369,24830,8,1,1
10/9/2026,6/1/2003,SO95397,235,24236,5,1,2
12/4/2026,6/16/2003,SO95398,483,22800,4,1,2
12/9/2026,12/17/2004,SO95399,486,22546,1,1,1
11/13/2026,1/7/2004,SO95400,525,21888,5,1,1
7/22/2026,7/25/2002,SO95401,275,13842,2,1,1
4/10/2026,10/2/2004,SO95402,435,14169,2,1,1
2/26/2026,3/22/2002,SO95403,332,28747,5,1,1
2/26/2026,3/14/2001,SO95403,523,28747,5,2,1
5/13/2026,5/13/2003,SO95404,220,19088,8,1,2
3/25/2026,11/23/2002,SO95405,496,21389,2,1,1
3/25/2026,3/19/2004,SO95405,452,21389,2,2,1
12/12/2026,7/17/2002,SO95406,420,29195,9,1,1
10/12/2026,2/14/2004,SO95407,598,16231,10,1,2
10/12/2026,9/25/2002,SO95407,503,16231,10,2,2
8/31/2026,10/8/2001,SO95408,292,20701,10,1,2
6/24/2026,11/29/2001,SO95409,522,21267,3,1,2
6/16/2026,12/2/2004,SO95410,291,23480,5,1,1
10/6/2026,12/9/2004,SO95411,532,27288,7,1,1
1/7/2026,5/5/2003,SO95412,564,24200,3,1,1
1/7/2026,12/14/2003,SO95412,350,24200,3,2,2
4/15/2026,9/7/2003,SO95413,578,23638,4,1,2
9/13/2026,10/30/2003,SO95414,229,13807,10,1,1
11/29/2026,6/12/2003,SO95415,606,26729,1,1,1
11/29/2026,10/8/2003,SO95415,232,26729,1,2,1
10/28/2026,10/17/2002,SO95416,278,11554,2,1,1
10/28/2026,12/5/2004,SO95416,589,11554,2,2,1
5/10/2026,12/30/2002,SO95417,351,29205,5,1,1
5/10/2026,1/2/2003,SO95417,511,29205,5,2,2
12/29/2026,5/10/2003,SO95418,603,18460,9,1,3
2/24/2026,12/22/2004,SO95419,320,27957,3,1,1
8/28/2026,1/11/2001,SO95420,342,12947,8,1,3
11/23/2026,11/7/2002,SO95421,350,16283,10,1,2
1/22/2026,6/10/2001,SO95422,328,27762,8,1,1
9/1/2026,4/8/2004,SO95423,553,19151,5,1,1
9/1/2026,11/22/2004,SO95423,545,19151,5,2,1
9/1/2026,10/21/2001,SO95423,568,19151,5,3,3
9/16/2026,4/15/2004,SO95424,562,19535,1,1,1
3/29/2026,11/16/2003,SO95425,278,21967,3,1,1
3/29/2026,1/12/2001,SO95425,401,21967,3,2,2
3/29/2026,9/13/2001,SO95425,317,21967,3,3,1
12/19/2026,8/5/2003,SO95426,448,12849,7,1,1
12/19/2026,6/29/2003,SO95426,464,12849,7,2,2
11/18/2026,9/13/2004,SO95427,483,25712,7,1,1
11/18/2026,8/14/2003,SO95427,259,25712,7,2,2
3/4/2026,4/23/2004,SO95428,435,15291,10,1,1
1/1/2026,2/11/2002,SO95429,332,20107,1,1,1
7/10/2026,2/16/2001,SO95430,364,21325,3,1,1
5/22/2026,10/12/2002,SO95431,282,26157,2,1,1
8/7/2026,3/1/2004,SO95432,391,28326,7,1,2
2/3/2026,4/30/2003,SO95433,417,27993,8,1,1
1/10/2026,5/22/2002,SO95434,483,24889,3,1,1
2/26/2026,6/12/2002,SO95435,601,28819,8,1,2
2/26/2026,10/18/2001,SO95435,342,28819,8,2,1
2/26/2026,8/10/2004,SO95435,318,28819,8,3,2
12/25/2026,1/16/2004,SO95436,604,15014,9,1,2
7/16/2026,5/11/2001,SO95437,282,11343,3,1,1
1/23/2026,9/20/2001,SO95438,218,17667,7,1,1
1/23/2026,12/4/2002,SO95438,478,17667,7,2,1
9/12/2026,1/24/2003,SO95439,521,13431,2,1,1
12/27/2026,12/19/2002,SO95440,448,22079,7,1,2
7/1/2026,10/27/2003,SO95441,317,26789,10,1,2
12/17/2026,11/10/2003,SO95442,447,28095,4,1,1
3/29/2026,8/13/2004,SO95443,581,17995,4,1,1
5/25/2026,5/9/2003,SO95444,373,16267,4,1,1
11/30/2026,7/14/2004,SO95445,454,25539,3,1,1
6/7/2026,2/11/2002,SO95446,594,25516,7,1,1
8/18/2026,4/16/2004,SO95447,362,27747,7,1,1
7/16/2026,11/20/2001,SO95448,238,16128,6,1,1
7/16/2026,5/30/2002,SO95448,468,16128,6,2,1
11/28/2026,6/4/2004,SO95449,426,28194,2,1,2
10/23/2026,4/13/2002,SO95450,229,23898,8,1,1
9/1/2026,11/1/2003,SO95451,345,15932,7,1,2
7/5/2026,1/15/2003,SO95452,420,23393,8,1,2
7/5/2026,4/11/2004,SO95452,328,23393,8,2,1
2/8/2026,10/2/2001,SO95453,517,22498,7,1,1
2/8/2026,10/19/2003,SO95453,385,22498,7,2,1
6/26/2026,10/10/2003,SO95454,393,21406,2,1,2
6/26/2026,9/15/2003,SO95454,531,21406,2,2,2
11/27/2026,1/3/2002,SO95455,313,28820,4,1,1
9/25/2026,11/7/2002,SO95456,405,11285,2,1,1
12/29/2026,9/4/2002,SO95457,524,13627,6,1,1
7/23/2026,1/11/2001,SO95458,525,19769,7,1,1
7/23/2026,1/3/2004,SO95458,373,19769,7,2,2
11/10/2026,12/13/2004,SO95459,501,20650,6,1,2
2/17/2026,3/17/2003,SO95460,529,20735,4,1,1
2/17/2026,6/21/2003,SO95460,415,20735,4,2,1
6/15/2026,12/18/2001,SO95461,536,27503,3,1,1
5/15/2026,1/15/2004,SO95462,238,21873,3,1,2
5/15/2026,9/18/2003,SO95462,468,21873,3,2,1
4/14/2026,5/1/2001,SO95463,272,23494,2,1,1
5/26/2026,10/7/2004,SO95464,423,21594,10,1,1
5/24/2026,6/18/2003,SO95465,527,27539,3,1,1
4/15/2026,2/1/2001,SO95466,464,14393,5,1,1
11/10/2026,10/10/2003,SO95467,424,16811,6,1,1
1/25/2026,5/16/2002,SO95468,472,19058,1,1,1
3/12/2026,2/11/2003,SO95469,220,11937,6,1,1
11/26/2026,11/26/2004,SO95470,548,28048,1,1,1
6/21/2026,1/28/2001,SO95471,545,20524,9,1,1
11/25/2026,9/22/2001,SO95472,319,15141,5,1,3
9/18/2026,2/8/2001,SO95473,279,25984,6,1,1
9/18/2026,9/10/2002,SO95473,604,25984,6,2,2
12/30/2026,6/18/2002,SO95474,470,19074,6,1,1
10/16/2026,3/27/2004,SO95475,419,26846,10,1,2
2/9/2026,4/21/2001,SO95476,350,11353,1,1,2
7/22/2026,4/13/2002,SO95477,426,13363,7,1,1
7/14/2026,7/6/2001,SO95478,215,28628,7,1,2
7/14/2026,7/23/2003,SO95478,433,28628,7,2,1
12/31/2026,10/6/2002,SO95479,488,27948,10,1,3
8/20/2026,11/6/2001,SO95480,264,18197,5,1,2
8/20/2026,3/5/2003,SO95480,522,18197,5,2,1
8/27/2026,4/2/2003,SO95481,250,24278,5,1,3
8/27/2026,5/14/2003,SO95481,505,24278,5,2,1
10/17/2026,2/2/2001,SO95482,369,14799,2,1,2
5/23/2026,5/14/2002,SO95483,288,26516,8,1,1
5/29/2026,1/22/2001,SO95484,291,26047,10,1,2
10/31/2026,11/19/2004,SO95485,589,13335,1,1,2
10/3/2026,8/13/2004,SO95486,326,22712,7,1,1
8/18/2026,10/17/2002,SO95487,578,19765,10,1,2
8/18/2026,2/15/2002,SO95487,547,19765,10,2,1
8/18/2026,2/27/2002,SO95487,587,19765,10,3,1
12/18/2026,2/11/2001,SO95488,268,27877,3,1,1
6/2/2026,6/13/2001,SO95489,389,11098,1,1,1
7/2/2026,2/14/2002,SO95490,477,26363,8,1,1
4/15/2026,1/29/2004,SO95491,218,21047,4,1,2
2/20/2026,2/22/2002,SO95492,431,11847,10,1,1
4/3/2026,3/28/2004,SO95493,568,15242,6,1,1
12/3/2026,1/19/2002,SO95494,586,18862,6,1,2
5/30/2026,5/7/2003,SO95495,496,16674,8,1,2
7/14/2026,4/20/2002,SO95496,485,12703,8,1,1
7/14/2026,2/2/2002,SO95496,562,12703,8,2,1
4/23/2026,1/20/2003,SO95497,493,14033,6,1,2
2/23/2026,8/3/2001,SO95498,479,22532,4,1,1
2/28/2026,3/18/2002,SO95499,464,12384,4,1,2
11/9/2026,4/15/2001,SO95500,452,22615,3,1,1
12/15/2026,5/2/2003,SO95501,352,29409,4,1,1
12/15/2026,2/29/2004,SO95501,310,29409,4,2,2
10/2/2026,3/25/2003,SO95502,235,16663,8,1,2
10/18/2026,12/27/2004,SO95503,460,19784,1,1,2
5/17/2026,4/13/2002,SO95504,385,27992,9,1,1
2/16/2026,12/18/2004,SO95505,475,16941,1,1,1
5/9/2026,1/9/2004,SO95506,604,24982,8,1,1
4/28/2026,6/2/2002,SO95507,529,22021,6,1,3
4/28/2026,9/28/2002,SO95507,585,22021,6,2,2
12/24/2026,7/3/2003,SO95508,338,28270,8,1,1
12/24/2026,12/26/2004,SO95508,253,28270,8,2,1
5/12/2026,10/6/2001,SO95509,338,18696,6,1,1
1/7/2026,2/25/2003,SO95510,492,24217,7,1,1
9/30/2026,5/30/2001,SO95511,553,12648,2,1,3
1/22/2026,6/1/2001,SO95512,571,15324,6,1,1
12/31/2026,11/16/2004,SO95513,266,24194,4,1,1
5/24/2026,1/12/2003,SO95514,569,15222,1,1,2
5/24/2026,7/12/2002,SO95514,223,15222,1,2,1
7/25/2026,3/22/2002,SO95515,495,28650,9,1,1
12/24/2026,5/15/2001,SO95516,387,26607,10,1,1
1/2/2026,5/7/2003,SO95517,397,15433,8,1,2
7/5/2026,6/26/2002,SO95518,366,29193,6,1,1
8/21/2026,6/9/2001,SO95519,342,19215,8,1,1
9/29/2026,8/28/2003,SO95520,466,15377,2,1,1
8/12/2026,1/28/2001,SO95521,511,20160,6,1,1
8/12/2026,12/19/2001,SO95521,395,20160,6,2,1
8/12/2026,6/24/2004,SO95521,356,20160,6,3,1
2/8/2026,5/9/2001,SO95522,502,14853,7,1,2
6/19/2026,11/21/2001,SO95523,352,12459,10,1,1
4/14/2026,6/14/2004,SO95524,232,18760,3,1,3
2/1/2026,11/7/2002,SO95525,522,24103,7,1,2
2/1/2026,7/30/2001,SO95525,274,24103,7,2,1
2/1/2026,10/17/2003,SO95525,291,24103,7,3,2
11/29/2026,8/24/2003,SO95526,345,11893,8,1,1
3/23/2026,10/3/2003,SO95527,527,17757,3,1,1
3/23/2026,7/14/2004,SO95527,373,17757,3,2,1
9/28/2026,4/25/2004,SO95528,600,19866,7,1,2
9/28/2026,10/28/2003,SO95528,468,19866,7,2,1
8/9/2026,7/8/2001,SO95529,478,16376,5,1,2
9/6/2026,2/12/2002,SO95530,403,29233,9,1,1
9/6/2026,2/4/2001,SO95530,488,29233,9,2,1
8/10/2026,12/15/2004,SO95531,552,13825,7,1,1
12/30/2026,11/16/2001,SO95532,500,15811,6,1,3
4/7/2026,4/1/2002,SO95533,533,24667,6,1,1
4/15/2026,4/9/2002,SO95534,226,24631,9,1,1
3/7/2026,2/1/2002,SO95535,471,18513,4,1,2
6/10/2026,5/18/2002,SO95536,601,14709,7,1,1
7/24/2026,1/31/2001,SO95537,569,19556,7,1,2
5/8/2026,10/4/2003,SO95538,238,16025,3,1,2
5/8/2026,1/22/2003,SO95538,423,16025,3,2,2
7/31/2026,3/30/2002,SO95539,458,23228,9,1,1
7/31/2026,10/27/2003,SO95539,554,23228,9,2,2
11/23/2026,8/28/2001,SO95540,587,21146,5,1,2
6/30/2026,10/3/2001,SO95541,566,29235,2,1,1
6/30/2026,5/13/2003,SO95541,259,29235,2,2,1
10/30/2026,2/15/2001,SO95542,599,20735,4,1,2
5/20/2026,12/7/2002,SO95543,312,22405,3,1,2
4/11/2026,4/10/2004,SO95544,443,18940,7,1,1
8/1/2026,4/2/2002,SO95545,557,27072,7,1,1
3/19/2026,10/29/2002,SO95546,253,11024,1,1,2
9/18/2026,1/10/2002,SO95547,482,15530,4,1,3
2/2/2026,5/12/2004,SO95548,259,18768,10,1,2
8/21/2026,12/7/2004,SO95549,516,28373,1,1,2
1/2/2026,6/17/2003,SO95550,585,13473,4,1,2
1/2/2026,2/28/2002,SO95550,596,13473,4,2,2
5/15/2026,2/11/2002,SO95551,452,25207,1,1,2
11/15/2026,4/14/2002,SO95552,557,16319,6,1,1
10/16/2026,10/12/2004,SO95553,373,27491,3,1,1
1/14/2026,9/6/2001,SO95554,571,26394,9,1,3
10/6/2026,4/12/2002,SO95555,564,22844,9,1,1
7/15/2026,10/6/2001,SO95556,567,20025,7,1,1
7/15/2026,3/15/2002,SO95556,441,20025,7,2,2
12/16/2026,8/7/2002,SO95557,417,16270,10,1,2
10/5/2026,6/24/2001,SO95558,580,19746,10,1,1
3/28/2026,12/23/2001,SO95559,558,13352,2,1,1
2/8/2026,3/16/2002,SO95560,505,26157,3,1,2
2/15/2026,10/19/2003,SO95561,561,24078,10,1,1
7/12/2026,7/18/2002,SO95562,601,15627,4,1,1
7/12/2026,12/17/2002,SO95562,421,15627,4,2,1
8/7/2026,11/10/2004,SO95563,514,15457,6,1,2
7/27/2026,10/16/2001,SO95564,393,12097,1,1,1
4/4/2026,12/20/2004,SO95565,486,28198,7,1,1
4/30/2026,12/28/2002,SO95566,389,14911,4,1,1
9/19/2026,1/9/2002,SO95567,301,14405,6,1,1
9/19/2026,9/23/2002,SO95567,523,14405,6,2,2
10/4/2026,8/14/2003,SO95568,564,17334,6,1,2
11/30/2026,1/8/2004,SO95569,513,11497,7,1,2
11/28/2026,12/29/2002,SO95570,322,22878,7,1,1
10/22/2026,1/23/2003,SO95571,330,15564,3,1,1
3/17/2026,1/18/2002,SO95572,450,13563,2,1,3
1/13/2026,3/14/2003,SO95573,443,21624,2,1,1
6/23/2026,3/5/2004,SO95574,322,26056,5,1,2
1/15/2026,5/9/2002,SO95575,530,24615,4,1,1
1/15/2026,2/23/2001,SO95575,311,24615,4,2,1
1/15/2026,9/25/2002,SO95575,595,24615,4,3,1
12/24/2026,10/9/2001,SO95576,504,26330,4,1,2
4/12/2026,7/7/2001,SO95577,354,12508,2,1,1
11/17/2026,3/19/2003,SO95578,471,25666,2,1,1
5/24/2026,8/4/2004,SO95579,414,29472,6,1,2
1/8/2026,1/12/2001,SO95580,277,23349,6,1,1
11/25/2026,3/28/2004,SO95581,569,19957,5,1,2
11/25/2026,12/26/2001,SO95581,417,19957,5,2,1
2/18/2026,5/1/2001,SO95582,320,15938,5,1,1
4/25/2026,1/10/2002,SO95583,511,20856,4,1,1
12/24/2026,3/13/2003,SO95584,369,17586,1,1,1
4/2/2026,8/12/2002,SO95585,510,25018,9,1,1
12/6/2026,7/30/2001,SO95586,517,23760,8,1,1
5/29/2026,4/30/2003,SO95587,509,17813,5,1,2
10/8/2026,5/10/2002,SO95588,466,25183,8,1,2
8/3/2026,2/4/2002,SO95589,423,15737,1,1,3
12/20/2026,10/16/2002,SO95590,471,17731,7,1,2
8/10/2026,7/6/2004,SO95591,549,15956,6,1,2
1/23/2026,9/20/2004,SO95592,419,11196,10,1,2
1/23/2026,5/21/2002,SO95592,311,11196,10,2,2
6/11/2026,11/16/2001,SO95593,314,19218,4,1,1
6/11/2026,9/28/2003,SO95593,238,19218,4,2,2
4/16/2026,9/13/2002,SO95594,394,24984,7,1,2
10/2/2026,1/10/2002,SO95595,606,14977,6,1,2
11/8/2026,4/20/2003,SO95596,508,24516,3,1,3
9/1/2026,3/11/2001,SO95597,232,18522,6,1,1
6/6/2026,2/28/2004,SO95598,300,19161,9,1,1
6/6/2026,10/15/2002,SO95598,439,19161,9,2,1
2/17/2026,1/25/2002,SO95599,417,27974,4,1,2
4/22/2026,4/1/2001,SO95600,582,17791,2,1,2
5/11/2026,11/16/2003,SO95601,539,13540,2,1,1
9/22/2026,12/21/2004,SO95602,459,12984,7,1,2
8/10/2026,1/19/2004,SO95603,487,14644,3,1,1
5/30/2026,4/10/2004,SO95604,300,13823,10,1,1
8/19/2026,8/22/2001,SO95605,576,25565,5,1,2
7/7/2026,4/10/2003,SO95606,330,17310,1,1,2
7/7/2026,2/9/2002,SO95606,229,17310,1,2,1
10/25/2026,9/13/2003,SO95607,433,20258,1,1,1
2/24/2026,3/16/2002,SO95608,604,17708,9,1,2
3/9/2026,7/21/2003,SO95609,387,22031,10,1,3
9/7/2026,3/24/2002,SO95610,476,12695,6,1,2
1/16/2026,5/28/2001,SO95611,215,12066,3,1,1
10/24/2026,8/7/2002,SO95612,479,20669,10,1,3
8/31/2026,2/20/2002,SO95613,307,17703,7,1,2
9/10/2026,5/16/2001,SO95614,349,21800,3,1,1
11/20/2026,2/13/2004,SO95615,596,23421,8,1,1
3/14/2026,6/1/2001,SO95616,547,22096,2,1,2
3/14/2026,12/31/2002,SO95616,495,22096,2,2,1
6/16/2026,6/12/2002,SO95617,526,14928,1,1,2
7/23/2026,9/25/2001,SO95618,581,28948,2,1,1
11/17/2026,5/25/2003,SO95619,499,14041,5,1,1
10/7/2026,1/7/2002,SO95620,553,21385,8,1,1
4/20/2026,6/11/2003,SO95621,555,28687,6,1,1
8/28/2026,11/4/2003,SO95622,517,16082,5,1,1
12/14/2026,6/15/2002,SO95623,568,22381,5,1,3
1/20/2026,11/19/2002,SO95624,512,15959,2,1,2
1/20/2026,7/18/2002,SO95624,427,15959,2,2,2
11/4/2026,10/2/2003,SO95625,596,22262,2,1,2
11/4/2026,8/3/2002,SO95625,433,22262,2,2,1
6/12/2026,12/9/2001,SO95626,481,25703,6,1,2
4/20/2026,6/17/2003,SO95627,392,24993,5,1,1
4/20/2026,1/24/2004,SO95627,604,24993,5,2,1
1/4/2026,10/16/2004,SO95628,554,11978,4,1,1
1/4/2026,10/18/2001,SO95628,385,11978,4,2,1
10/13/2026,2/14/2004,SO95629,279,13543,7,1,2
5/31/2026,7/20/2001,SO95630,603,29082,7,1,3
2/11/2026,5/8/2001,SO95631,292,11172,5,1,2
9/5/2026,8/27/2004,SO95632,226,14733,3,1,1
4/17/2026,2/29/2004,SO95633,482,17661,2,1,2
10/11/2026,6/24/2003,SO95634,411,15626,5,1,1
1/3/2026,4/29/2003,SO95635,594,21884,2,1,2
9/11/2026,6/4/2002,SO95636,466,28650,8,1,1
10/17/2026,11/5/2001,SO95637,232,13898,7,1,2
6/30/2026,4/30/2004,SO95638,313,13168,6,1,2
3/9/2026,9/11/2003,SO95639,300,23219,2,1,3
10/12/2026,4/18/2002,SO95640,492,21529,6,1,1
11/15/2026,4/14/2001,SO95641,571,23275,7,1,2
11/15/2026,8/20/2002,SO95641,510,23275,7,2,2
8/16/2026,3/9/2003,SO95642,497,24798,5,1,3
9/28/2026,3/1/2004,SO95643,511,27845,7,1,2
3/14/2026,10/23/2003,SO95644,569,25289,6,1,2
12/15/2026,5/26/2003,SO95645,554,21836,5,1,1
12/15/2026,4/25/2003,SO95645,268,21836,5,2,1
2/21/2026,10/19/2003,SO95646,541,12412,5,1,2
10/15/2026,8/4/2003,SO95647,535,13241,1,1,2
2/5/2026,10/21/2003,SO95648,238,20955,8,1,2
3/13/2026,5/15/2001,SO95649,534,22346,3,1,3
4/14/2026,8/10/2003,SO95650,478,28522,3,1,2
6/9/2026,10/6/2001,SO95651,542,28192,7,1,3
8/17/2026,5/15/2003,SO95652,509,23339,10,1,1
8/17/2026,11/14/2001,SO95652,490,23339,10,2,1
2/22/2026,10/24/2001,SO95653,214,25676,1,1,2
12/9/2026,9/6/2001,SO95654,567,13469,4,1,1
3/9/2026,5/31/2001,SO95655,425,22164,8,1,1
9/15/2026,8/15/2001,SO95656,510,13728,9,1,1
9/15/2026,11/28/2001,SO95656,419,13728,9,2,1
3/7/2026,4/11/2002,SO95657,312,14829,3,1,1
6/17/2026,10/22/2004,SO95658,466,20246,1,1,1
3/1/2026,11/14/2002,SO95659,583,23581,10,1,2
1/13/2026,10/20/2002,SO95660,508,15053,9,1,2
6/2/2026,10/1/2003,SO95661,584,25407,2,1,1
6/2/2026,5/14/2003,SO95661,426,25407,2,2,1
10/20/2026,11/13/2004,SO95662,312,28532,8,1,1
10/20/2026,2/8/2001,SO95662,264,28532,8,2,1
10/13/2026,4/4/2002,SO95663,526,16624,1,1,2
6/10/2026,7/16/2003,SO95664,387,23356,1,1,1
4/1/2026,10/23/2004,SO95665,606,24277,8,1,1
4/1/2026,4/26/2003,SO95665,542,24277,8,2,2
8/19/2026,10/1/2003,SO95666,387,11345,5,1,1
8/5/2026,1/5/2004,SO95667,502,13204,7,1,2
5/28/2026,6/2/2001,SO95668,596,20393,10,1,1
1/31/2026,5/11/2003,SO95669,480,17155,7,1,2
12/14/2026,11/17/2002,SO95670,533,25166,4,1,3
3/6/2026,1/29/2003,SO95671,518,29460,2,1,1
5/12/2026,2/6/2002,SO95672,226,26441,6,1,1
4/4/2026,2/21/2001,SO95673,320,28079,7,1,1
4/4/2026,11/6/2002,SO95673,370,28079,7,2,3
10/5/2026,12/25/2002,SO95674,554,24059,10,1,1
7/13/2026,11/18/2002,SO95675,423,26498,1,1,2
7/14/2026,11/6/2001,SO95676,550,29156,6,1,2
5/11/2026,5/21/2004,SO95677,545,23607,4,1,2
8/1/2026,8/1/2004,SO95678,279,18528,7,1,1
1/19/2026,9/5/2002,SO95679,595,23836,3,1,1
8/15/2026,1/20/2003,SO95680,546,18638,1,1,1
8/15/2026,9/10/2001,SO95680,476,18638,1,2,1
7/6/2026,7/1/2004,SO95681,592,11118,2,1,2
1/2/2026,11/13/2002,SO95682,602,27236,8,1,2
7/21/2026,10/31/2004,SO95683,377,16143,4,1,1
7/21/2026,11/14/2003,SO95683,253,16143,4,2,1
7/30/2026,10/15/2002,SO95684,468,11397,6,1,1
11/8/2026,11/9/2001,SO95685,582,19575,8,1,2
11/4/2026,3/21/2003,SO95686,247,19431,5,1,2
2/16/2026,9/15/2002,SO95687,445,11011,9,1,2
5/3/2026,12/21/2002,SO95688,385,20076,8,1,2
11/20/2026,1/14/2001,SO95689,464,16831,10,1,1
2/11/2026,4/3/2002,SO95690,336,26768,9,1,2
2/15/2026,6/16/2002,SO95691,561,23963,8,1,3
9/7/2026,10/16/2001,SO95692,462,12700,1,1,1
5/21/2026,3/20/2001,SO95693,526,24560,8,1,2
7/27/2026,8/18/2001,SO95694,543,20656,10,1,2
8/11/2026,6/25/2002,SO95695,370,24586,1,1,2
11/25/2026,9/2/2004,SO95696,264,17014,9,1,1
8/7/2026,3/20/2003,SO95697,223,15338,10,1,1
4/25/2026,10/22/2003,SO95698,597,13904,8,1,2
8/10/2026,7/23/2003,SO95699,461,11466,5,1,2
8/10/2026,2/6/2001,SO95699,461,11466,5,2,1
6/15/2026,7/17/2003,SO95700,593,12844,6,1,1
6/15/2026,9/2/2004,SO95700,215,12844,6,2,1
3/20/2026,12/17/2004,SO95701,486,18706,7,1,2
11/27/2026,4/27/2001,SO95702,507,16374,8,1,1
3/27/2026,12/30/2004,SO95703,348,21191,10,1,1
7/16/2026,8/14/2004,SO95704,578,27155,7,1,2
11/15/2026,11/28/2001,SO95705,502,21927,4,1,1
9/22/2026,2/12/2003,SO95706,232,24598,9,1,1
8/13/2026,3/17/2003,SO95707,468,12155,3,1,1
8/13/2026,4/25/2001,SO95707,270,12155,3,2,1
3/14/2026,12/16/2001,SO95708,584,19112,9,1,2
9/21/2026,11/26/2002,SO95709,518,26499,8,1,1
8/26/2026,1/8/2002,SO95710,600,22656,5,1,1
8/26/2026,9/23/2002,SO95710,250,22656,5,2,1
5/13/2026,9/27/2002,SO95711,419,12324,3,1,2
5/13/2026,7/9/2001,SO95711,369,12324,3,2,1
5/13/2026,10/31/2002,SO95711,487,12324,3,3,2
4/8/2026,7/19/2002,SO95712,546,26325,4,1,2
4/14/2026,8/8/2002,SO95713,431,23754,9,1,3
4/11/2026,5/25/2002,SO95714,366,21730,10,1,1
8/16/2026,7/8/2003,SO95715,426,12075,1,1,1
1/6/2026,11/5/2004,SO95716,411,15435,4,1,2
8/10/2026,1/28/2001,SO95717,214,23720,3,1,2
1/2/2026,3/8/2003,SO95718,494,29218,6,1,1
9/20/2026,2/7/2004,SO95719,356,24630,7,1,2
8/11/2026,4/7/2002,SO95720,292,26641,8,1,1
11/17/2026,7/2/2002,SO95721,428,14422,10,1,2
11/14/2026,8/19/2002,SO95722,292,24871,6,1,2
11/14/2026,1/31/2002,SO95722,564,24871,6,2,1
3/3/2026,10/30/2001,SO95723,326,13053,4,1,3
11/7/2026,5/30/2001,SO95724,218,13376,1,1,1
7/13/2026,5/12/2004,SO95725,537,17514,10,1,1
7/13/2026,2/11/2001,SO95725,399,17514,10,2,1
3/28/2026,10/27/2002,SO95726,317,22493,7,1,2
11/4/2026,3/7/2002,SO95727,399,26534,9,1,1
6/20/2026,1/31/2002,SO95728,513,27731,5,1,1
8/1/2026,11/20/2004,SO95729,288,17608,8,1,2
8/16/2026,11/13/2003,SO95730,554,16998,9,1,1
8/24/2026,4/6/2001,SO95731,575,14899,10,1,3
9/24/2026,4/24/2002,SO95732,501,27674,8,1,1
9/24/2026,10/9/2001,SO95732,276,27674,8,2,1
9/23/2026,4/10/2001,SO95733,492,14123,7,1,1
9/23/2026,10/22/2003,SO95733,539,14123,7,2,1
9/23/2026,1/22/2004,SO95733,332,14123,7,3,1
12/28/2026,4/27/2001,SO95734,484,28623,4,1,2
12/28/2026,11/18/2004,SO95734,481,28623,4,2,2
9/8/2026,5/28/2001,SO95735,472,25734,7,1,1
2/24/2026,6/13/2003,SO95736,375,24646,8,1,2
4/27/2026,6/21/2004,SO95737,247,21712,8,1,2
4/27/2026,9/16/2002,SO95737,602,21712,8,2,1
10/18/2026,4/5/2001,SO95738,385,14648,7,1,1
3/22/2026,7/5/2001,SO95739,598,20180,8,1,1
10/9/2026,7/29/2003,SO95740,483,15991,9,1,1
10/9/2026,12/27/2002,SO95740,458,15991,9,2,2
10/9/2026,7/23/2002,SO95740,350,15991,9,3,2
9/14/2026,4/7/2002,SO95741,499,19113,4,1,1
5/7/2026,2/8/2004,SO95742,532,28478,5,1,1
7/14/2026,8/6/2003,SO95743,288,21644,9,1,1
8/20/2026,5/12/2003,SO95744,593,17194,3,1,1
12/24/2026,3/13/2002,SO95745,319,16957,2,1,2
1/21/2026,5/13/2001,SO95746,229,11334,4,1,1
6/27/2026,5/5/2003,SO95747,345,22266,9,1,1
6/27/2026,9/9/2004,SO95747,307,22266,9,2,2
6/27/2026,12/10/2001,SO95747,253,22266,9,3,2
3/27/2026,6/4/2004,SO95748,379,23546,3,1,1
4/27/2026,1/9/2004,SO95749,565,23239,2,1,1
9/30/2026,3/6/2004,SO95750,565,16295,3,1,1
9/30/2026,2/11/2001,SO95750,505,16295,3,2,2
9/30/2026,3/3/2002,SO95750,347,16295,3,3,1
10/9/2026,8/1/2001,SO95751,304,17720,4,1,1
10/9/2026,8/31/2002,SO95752,558,22499,1,1,1
7/25/2026,5/18/2003,SO95753,334,24909,5,1,1
7/21/2026,4/22/2001,SO95754,291,29094,8,1,1
3/26/2026,2/24/2002,SO95755,548,12279,7,1,1
12/14/2026,2/16/2001,SO95756,416,16020,6,1,1
3/3/2026,1/29/2004,SO95757,531,28000,1,1,1
7/14/2026,12/18/2003,SO95758,565,22219,6,1,2
1/19/2026,9/4/2001,SO95759,350,17520,1,1,1
6/30/2026,6/10/2004,SO95760,250,20355,1,1,1
1/18/2026,9/21/2002,SO95761,270,29279,7,1,3
1/23/2026,12/27/2002,SO95762,235,29289,6,1,1
10/31/2026,5/15/2002,SO95763,448,16339,4,1,2
10/31/2026,3/28/2002,SO95763,469,16339,4,2,1
10/31/2026,10/9/2002,SO95763,373,16339,4,3,2
11/15/2026,9/15/2004,SO95764,552,19361,2,1,1
2/3/2026,4/12/2003,SO95765,494,22087,2,1,1
2/3/2026,4/6/2004,SO95765,220,22087,2,2,2
9/9/2026,12/18/2004,SO95766,275,18419,1,1,1
9/9/2026,3/30/2001,SO95766,448,18419,1,2,2
10/6/2026,2/6/2002,SO95767,587,17557,4,1,2
11/13/2026,5/11/2001,SO95768,417,13978,5,1,3
9/2/2026,9/25/2003,SO95769,572,28876,4,1,1
5/15/2026,11/13/2004,SO95770,510,22849,3,1,1
2/5/2026,11/20/2004,SO95771,459,11724,9,1,1
2/5/2026,6/21/2001,SO95771,313,11724,9,2,2
1/28/2026,6/12/2004,SO95772,285,27182,6,1,1
1/28/2026,10/28/2002,SO95772,328,27182,6,2,1
7/5/2026,12/18/2003,SO95773,529,17614,6,1,2
12/12/2026,1/8/2001,SO95774,262,16222,6,1,1
1/28/2026,7/31/2002,SO95775,241,25948,2,1,2
5/31/2026,7/1/2002,SO95776,497,16798,6,1,1
12/10/2026,3/26/2001,SO95777,338,16342,3,1,1
9/26/2026,12/2/2002,SO95778,560,26996,9,1,2
5/14/2026,6/4/2004,SO95779,514,27087,3,1,1
9/20/2026,3/7/2004,SO95780,409,12011,3,1,2
12/11/2026,9/11/2004,SO95781,565,25143,5,1,2
12/11/2026,3/18/2002,SO95781,545,25143,5,2,1
12/11/2026,8/26/2001,SO95781,387,25143,5,3,1
9/29/2026,12/6/2004,SO95782,536,22572,5,1,2
9/29/2026,12/12/2003,SO95783,241,17326,3,1,1
5/19/2026,9/5/2001,SO95784,576,22520,1,1,1
4/16/2026,1/28/2001,SO95785,481,25766,5,1,2
5/27/2026,5/3/2003,SO95786,311,27066,5,1,1
5/2/2026,8/17/2002,SO95787,431,25195,9,1,1
5/8/2026,11/27/2001,SO95788,526,12855,2,1,2
12/31/2026,5/5/2004,SO95789,285,16165,6,1,1
11/5/2026,11/23/2003,SO95790,218,11520,7,1,2
11/5/2026,12/15/2002,SO95790,397,11520,7,2,1
11/27/2026,7/9/2001,SO95791,446,24336,2,1,1
12/27/2026,7/24/2003,SO95792,352,16390,8,1,1
6/14/2026,9/21/2003,SO95793,495,14189,4,1,2
10/11/2026,6/29/2002,SO95794,345,22499,1,1,1
10/17/2026,12/27/2004,SO95795,429,26562,9,1,1
3/4/2026,8/21/2003,SO95796,365,24603,2,1,2
3/21/2026,7/7/2002,SO95797,427,14231,9,1,2
6/11/2026,6/10/2001,SO95798,347,12227,1,1,1
6/3/2026,10/12/2003,SO95799,310,22445,6,1,1
7/17/2026,11/14/2001,SO95800,415,23738,3,1,1
7/17/2026,10/15/2004,SO95800,450,23738,3,2,1
10/16/2026,1/22/2003,SO95801,425,12600,10,1,1
7/18/2026,12/5/2003,SO95802,385,22916,6,1,1
4/9/2026,6/9/2003,SO95803,414,23005,4,1,2
8/19/2026,6/21/2001,SO95804,421,24292,3,1,1
5/10/2026,10/15/2004,SO95805,469,18648,6,1,1
2/12/2026,7/5/2001,SO95806,567,29282,8,1,2
3/14/2026,5/18/2002,SO95807,491,11415,9,1,1
12/12/2026,7/25/2004,SO95808,405,12707,8,1,1
6/2/2026,9/19/2003,SO95809,219,23380,3,1,2
7/31/2026,3/20/2004,SO95810,452,18262,4,1,2
7/31/2026,7/24/2001,SO95810,324,18262,4,2,2
7/31/2026,10/18/2003,SO95810,266,18262,4,3,1
9/29/2026,5/2/2001,SO95811,340,25502,1,1,1
11/8/2026,6/7/2003,SO95812,409,23888,3,1,1
12/17/2026,7/16/2004,SO95813,322,29015,9,1,2
10/25/2026,2/27/2003,SO95814,311,11067,4,1,2
10/25/2026,12/2/2003,SO95814,544,11067,4,2,2
10/4/2026,10/27/2004,SO95815,445,25845,2,1,2
1/20/2026,2/2/2004,SO95816,235,25217,9,1,1
3/14/2026,11/24/2003,SO95817,549,18872,8,1,1
7/26/2026,4/23/2002,SO95818,320,11558,6,1,2
9/8/2026,11/18/2004,SO95819,431,17423,5,1,2
8/17/2026,7/12/2001,SO95820,367,29082,6,1,1
2/25/2026,8/19/2001,SO95821,496,14593,10,1,1
5/8/2026,6/27/2004,SO95822,547,26320,9,1,3
5/8/2026,4/10/2001,SO95822,223,26320,9,2,1
6/24/2026,1/22/2002,SO95823,266,16791,9,1,3
10/17/2026,6/1/2003,SO95824,401,18426,10,1,2
11/13/2026,1/28/2003,SO95825,395,26060,2,1,1
11/12/2026,4/2/2004,SO95826,270,14027,8,1,3
4/21/2026,12/21/2004,SO95827,472,16395,4,1,2
7/7/2026,5/19/2002,SO95828,497,25860,1,1,2
7/7/2026,12/4/2001,SO95828,554,25860,1,2,2
1/10/2026,5/29/2001,SO95829,540,11344,3,1,1
4/4/2026,11/9/2004,SO95830,310,27553,8,1,1
4/4/2026,5/11/2001,SO95830,425,27553,8,2,1
12/27/2026,9/1/2003,SO95831,466,17016,5,1,2
9/5/2026,1/29/2004,SO95832,578,23936,7,1,1
2/3/2026,5/19/2001,SO95833,563,14022,4,1,1
2/3/2026,6/16/2003,SO95833,567,14022,4,2,1
12/4/2026,12/8/2002,SO95834,420,17116,3,1,1
12/4/2026,9/1/2001,SO95834,282,17116,3,2,2
10/24/2026,4/21/2003,SO95835,405,20933,7,1,1
9/9/2026,7/23/2003,SO95836,278,13853,1,1,2
8/21/2026,3/21/2004,SO95837,383,25904,2,1,1
9/15/2026,3/24/2002,SO95838,247,24791,4,1,1
2/7/2026,12/30/2003,SO95839,414,15594,2,1,1
2/7/2026,4/19/2004,SO95839,317,15594,2,2,2
2/7/2026,8/27/2003,SO95839,266,15594,2,3,2
11/16/2026,6/18/2004,SO95840,512,27476,10,1,1
11/5/2026,8/12/2003,SO95841,557,29035,5,1,2
1/22/2026,4/14/2003,SO95842,334,26291,5,1,1
1/22/2026,7/26/2003,SO95842,497,26291,5,2,1
3/2/2026,11/10/2001,SO95843,459,23018,8,1,1
3/3/2026,5/4/2003,SO95844,561,18963,9,1,1
2/5/2026,12/9/2003,SO95845,393,19324,8,1,2
2/5/2026,7/29/2001,SO95845,351,19324,8,2,1
10/7/2026,11/1/2003,SO95846,547,27163,2,1,1
11/13/2026,5/1/2003,SO95847,282,11779,7,1,1
11/13/2026,2/18/2001,SO95847,244,11779,7,2,2
1/28/2026,1/8/2002,SO95848,334,24627,2,1,2
10/3/2026,4/30/2004,SO95849,319,14096,7,1,1
10/21/2026,3/16/2001,SO95850,397,12434,7,1,1
4/30/2026,12/14/2003,SO95851,606,24320,8,1,1
2/7/2026,11/8/2004,SO95852,369,14254,6,1,2
2/7/2026,5/18/2003,SO95852,527,14254,6,2,2
2/7/2026,7/4/2002,SO95852,582,14254,6,3,2
7/24/2026,2/5/2003,SO95853,514,15984,10,1,2
5/15/2026,12/23/2001,SO95854,365,12028,6,1,1
2/21/2026,8/25/2003,SO95855,332,25244,2,1,2
9/6/2026,2/16/2002,SO95856,342,11059,1,1,1
11/10/2026,9/22/2002,SO95857,347,13154,4,1,2
7/27/2026,2/1/2003,SO95858,461,23860,8,1,1
11/15/2026,2/4/2002,SO95859,589,22332,1,1,1
11/15/2026,6/30/2002,SO95859,496,22332,1,2,1
7/10/2026,7/18/2003,SO95860,583,28085,7,1,2
2/19/2026,5/14/2004,SO95861,593,22912,9,1,1
4/18/2026,5/15/2001,SO95862,296,25695,5,1,1
2/24/2026,12/29/2001,SO95863,293,20533,9,1,1
6/11/2026,10/8/2003,SO95864,524,21451,10,1,2
9/14/2026,12/22/2004,SO95865,582,20963,2,1,1
9/14/2026,9/8/2003,SO95865,368,20963,2,2,1
4/9/2026,7/14/2003,SO95866,478,23354,10,1,1
3/11/2026,5/10/2001,SO95867,595,27653,10,1,2
9/16/2026,9/28/2001,SO95868,487,11329,9,1,1
1/5/2026,12/16/2001,SO95869,602,22887,9,1,2
4/15/2026,11/17/2003,SO95870,574,29270,8,1,1
1/6/2026,4/25/2002,SO95871,344,19765,8,1,1
9/23/2026,1/18/2004,SO95872,501,24180,3,1,1
5/15/2026,5/7/2002,SO95873,274,20391,5,1,2
5/15/2026,3/30/2001,SO95873,456,20391,5,2,2
1/13/2026,2/22/2004,SO95874,370,16552,2,1,2
7/27/2026,7/10/2002,SO95875,264,12742,6,1,2
7/27/2026,11/13/2001,SO95875,322,12742,6,2,1
8/2/2026,2/19/2002,SO95876,464,23274,4,1,1
8/2/2026,10/26/2003,SO95876,496,23274,4,2,1
12/5/2026,2/27/2003,SO95877,572,22910,4,1,2
12/5/2026,12/14/2002,SO95877,481,22910,4,2,2
12/5/2026,10/1/2001,SO95877,299,22910,4,3,1
7/29/2026,4/22/2004,SO95878,586,19011,1,1,1
7/29/2026,2/3/2001,SO95878,417,19011,1,2,1
7/29/2026,6/25/2002,SO95878,427,19011,1,3,2
5/3/2026,10/21/2001,SO95879,347,11135,5,1,1
9/22/2026,10/31/2003,SO95880,581,28593,8,1,2
1/12/2026,12/22/2002,SO95881,602,21591,9,1,2
11/21/2026,9/27/2002,SO95882,340,23840,1,1,2
11/21/2026,8/16/2002,SO95882,356,23840,1,2,2
11/24/2026,11/14/2002,SO95883,389,20882,7,1,3
2/10/2026,1/22/2001,SO95884,568,12661,6,1,2
1/21/2026,8/13/2001,SO95885,602,22949,5,1,1
12/1/2026,2/18/2003,SO95886,573,16635,9,1,1
3/26/2026,3/17/2001,SO95887,510,23378,4,1,1
6/8/2026,12/8/2001,SO95888,571,19717,9,1,2
7/31/2026,3/7/2002,SO95889,377,20578,7,1,1
6/30/2026,5/5/2003,SO95890,588,27245,6,1,2
8/30/2026,11/9/2004,SO95891,542,24829,6,1,1
8/30/2026,1/7/2002,SO95891,473,24829,6,2,2
7/10/2026,6/26/2003,SO95892,579,20160,6,1,1
8/21/2026,6/19/2001,SO95893,235,14168,1,1,3
8/21/2026,3/16/2004,SO95893,276,14168,1,2,2
10/10/2026,1/26/2002,SO95894,476,26766,8,1,1
8/10/2026,11/14/2004,SO95895,427,27840,4,1,1
2/22/2026,12/18/2002,SO95896,577,26080,6,1,2
3/9/2026,1/21/2003,SO95897,351,19439,4,1,2
3/9/2026,8/4/2003,SO95897,358,19439,4,2,1
5/28/2026,11/28/2002,SO95898,605,20436,4,1,2
5/28/2026,4/15/2003,SO95898,532,20436,4,2,2
5/28/2026,11/24/2002,SO95898,513,20436,4,3,2
6/7/2026,3/15/2001,SO95899,324,15592,8,1,1
4/13/2026,11/20/2002,SO95900,356,22682,6,1,3
6/9/2026,5/7/2004,SO95901,435,24992,1,1,1
10/29/2026,12/28/2002,SO95902,593,17304,9,1,1
2/23/2026,10/13/2002,SO95903,365,25297,3,1,3
4/28/2026,1/10/2002,SO95904,345,24278,5,1,1
7/15/2026,2/6/2002,SO95905,360,13619,2,1,3
6/15/2026,5/26/2002,SO95906,481,21108,7,1,1
6/15/2026,5/14/2004,SO95906,336,21108,7,2,1
5/22/2026,7/13/2001,SO95907,461,26932,6,1,2
3/26/2026,1/2/2001,SO95908,557,29385,8,1,1
2/24/2026,8/26/2002,SO95909,567,12719,1,1,1
5/27/2026,10/1/2001,SO95910,334,20665,2,1,2
8/28/2026,12/8/2002,SO95911,592,19446,2,1,1
8/28/2026,4/19/2004,SO95911,569,19446,2,2,1
1/2/2026,9/2/2002,SO95912,515,15659,4,1,2
8/10/2026,6/15/2004,SO95913,533,21055,10,1,1
12/1/2026,2/17/2003,SO95914,417,18898,6,1,2
2/16/2026,9/23/2003,SO95915,350,13659,8,1,2
9/1/2026,12/20/2002,SO95916,250,17880,2,1,2
7/6/2026,8/30/2001,SO95917,409,20479,7,1,1
12/18/2026,10/13/2004,SO95918,576,15347,9,1,1
2/2/2026,5/5/2001,SO95919,219,17194,9,1,1
7/15/2026,11/29/2003,SO95920,520,12539,9,1,3
11/5/2026,5/12/2002,SO95921,431,22341,5,1,1
2/5/2026,2/10/2004,SO95922,519,13324,9,1,2
5/20/2026,4/22/2003,SO95923,538,14730,9,1,1
10/6/2026,4/22/2004,SO95924,437,13221,2,1,2
11/30/2026,3/4/2004,SO95925,580,21069,6,1,1
5/21/2026,11/19/2004,SO95926,531,23571,10,1,1
7/16/2026,8/20/2004,SO95927,541,19886,8,1,2
7/16/2026,12/22/2001,SO95927,433,19886,8,2,2
6/3/2026,6/22/2001,SO95928,529,11858,7,1,1
3/27/2026,8/19/2002,SO95929,514,24552,7,1,2
1/17/2026,2/23/2001,SO95930,218,19637,2,1,3
11/11/2026,9/15/2003,SO95931,379,22516,1,1,2
3/18/2026,12/26/2004,SO95932,214,11988,1,1,2
6/13/2026,1/23/2004,SO95933,429,21827,6,1,1
1/17/2026,6/17/2003,SO95934,488,25354,4,1,2
4/2/2026,5/20/2002,SO95935,403,19724,6,1,2
4/2/2026,9/24/2001,SO95935,437,19724,6,2,2
9/4/2026,10/9/2001,SO95936,282,18693,8,1,2
6/22/2026,9/14/2003,SO95937,377,17423,1,1,1
2/5/2026,2/23/2002,SO95938,223,20881,3,1,1
9/8/2026,9/22/2002,SO95939,605,17543,8,1,1
9/8/2026,1/24/2002,SO95939,520,17543,8,2,1
10/3/2026,12/25/2001,SO95940,478,18556,2,1,1
5/15/2026,7/1/2002,SO95941,532,12675,9,1,1
12/6/2026,1/6/2004,SO95942,559,19330,6,1,2
6/17/2026,7/15/2001,SO95943,369,17502,9,1,2
2/17/2026,5/30/2002,SO95944,460,25486,4,1,1
11/22/2026,11/22/2001,SO95945,593,21846,8,1,2
12/3/2026,8/14/2004,SO95946,220,19788,8,1,2
3/14/2026,9/14/2002,SO95947,428,23422,3,1,2
3/14/2026,7/7/2004,SO95947,479,23422,3,2,2
12/3/2026,4/12/2003,SO95948,586,24292,4,1,2
6/9/2026,6/19/2003,SO95949,459,28362,6,1,2
6/9/2026,5/2/2004,SO95949,539,28362,6,2,2
9/21/2026,4/18/2001,SO95950,218,27031,9,1,1
9/21/2026,10/24/2001,SO95950,354,27031,9,2,2
3/4/2026,7/21/2003,SO95951,567,28562,6,1,2
12/25/2026,10/27/2004,SO95952,379,20313,4,1,2
10/10/2026,5/11/2003,SO95953,354,14937,5,1,1
12/15/2026,5/6/2004,SO95954,426,18598,9,1,1
2/10/2026,10/13/2002,SO95955,409,11888,5,1,1
2/10/2026,11/6/2003,SO95955,377,11888,5,2,1
2/10/2026,2/22/2004,SO95955,397,11888,5,3,3
7/30/2026,7/3/2003,SO95956,558,18439,5,1,1
11/17/2026,5/9/2002,SO95957,247,28787,4,1,1
10/10/2026,12/12/2001,SO95958,470,24074,2,1,1
8/10/2026,11/30/2001,SO95959,266,15645,2,1,1
11/18/2026,10/20/2003,SO95960,590,18938,10,1,1
12/29/2026,3/21/2002,SO95961,460,16390,5,1,1
11/29/2026,10/31/2003,SO95962,449,26571,9,1,1
3/22/2026,10/4/2004,SO95963,435,16016,2,1,2
3/22/2026,3/30/2001,SO95963,417,16016,2,2,1
6/20/2026,8/13/2003,SO95964,285,11760,5,1,2
7/25/2026,6/15/2001,SO95965,570,19792,2,1,1
7/25/2026,1/24/2001,SO95965,422,19792,2,2,2
7/25/2026,1/12/2004,SO95965,586,19792,2,3,3
7/29/2026,10/27/2001,SO95966,515,13951,8,1,1
1/21/2026,4/2/2001,SO95967,244,14578,9,1,3
12/21/2026,9/26/2004,SO95968,529,17472,2,1,1
8/14/2026,12/6/2001,SO95969,405,14420,5,1,2
4/25/2026,3/21/2004,SO95970,481,23545,1,1,1
9/18/2026,1/12/2002,SO95971,578,24574,4,1,2
8/24/2026,4/12/2003,SO95972,422,12275,4,1,1
4/15/2026,4/7/2002,SO95973,394,11263,9,1,1
11/9/2026,5/3/2004,SO95974,426,16317,9,1,1
12/18/2026,3/30/2002,SO95975,279,15411,4,1,1
8/20/2026,5/18/2001,SO95976,312,14451,1,1,1
1/29/2026,10/10/2002,SO95977,435,19176,6,1,1
2/28/2026,4/27/2002,SO95978,471,14376,7,1,1
2/28/2026,7/13/2002,SO95979,477,16022,3,1,2
8/26/2026,12/18/2004,SO95980,514,22580,4,1,1
8/19/2026,8/21/2002,SO95981,346,28262,10,1,3
8/19/2026,6/15/2003,SO95981,519,28262,10,2,2
2/17/2026,5/21/2002,SO95982,560,24818,9,1,2
10/23/2026,5/28/2002,SO95983,603,18493,7,1,2
10/23/2026,4/6/2002,SO95983,591,18493,7,2,2
9/29/2026,1/23/2001,SO95984,215,20018,9,1,3
4/27/2026,4/15/2002,SO95985,481,22197,2,1,1
2/8/2026,11/24/2002,SO95986,364,13040,1,1,1
1/2/2026,6/24/2001,SO95987,510,11009,3,1,1
11/17/2026,7/10/2003,SO95988,565,24348,8,1,1
9/14/2026,8/1/2001,SO95989,391,24856,9,1,2
11/19/2026,11/15/2001,SO95990,578,25001,9,1,2
2/27/2026,10/29/2004,SO95991,277,29400,5,1,1
2/27/2026,6/12/2004,SO95991,576,29400,5,2,1
4/2/2026,9/22/2003,SO95992,458,26973,9,1,1
4/19/2026,6/15/2003,SO95993,603,16524,8,1,2
11/2/2026,3/13/2003,SO95994,556,23991,8,1,1
11/2/2026,6/21/2004,SO95994,454,23991,8,2,1
12/27/2026,6/3/2004,SO95995,411,17186,8,1,1
10/21/2026,2/4/2001,SO95996,427,12908,2,1,1
2/11/2026,3/13/2002,SO95997,244,26972,3,1,3
6/21/2026,3/23/2003,SO95998,330,19706,9,1,1
4/27/2026,3/13/2003,SO95999,453,20979,8,1,1
4/27/2026,5/15/2001,SO95999,413,20979,8,2,1
4/27/2026,3/9/2002,SO95999,330,20979,8,3,1
6/1/2026,8/30/2004,SO96000,515,19354,1,1,2
2/20/2026,8/22/2002,SO96001,574,19689,3,1,1
2/20/2026,9/6/2002,SO96001,536,19689,3,2,2
5/10/2026,8/6/2001,SO96002,590,22190,1,1,2
2/21/2026,9/30/2003,SO96003,299,28522,2,1,1
3/15/2026,11/18/2004,SO96004,375,19525,6,1,2
3/15/2026,8/20/2001,SO96004,565,19525,6,2,2
2/4/2026,7/18/2004,SO96005,516,22964,2,1,1
6/14/2026,4/24/2002,SO96006,445,27391,1,1,1
6/14/2026,7/13/2001,SO96006,426,27391,1,2,2
10/13/2026,1/9/2003,SO96007,315,18839,4,1,3
4/3/2026,4/10/2004,SO96008,581,27896,3,1,1
11/27/2026,1/15/2001,SO96009,533,16086,1,1,2
3/15/2026,10/27/2004,SO96010,499,23761,8,1,1
3/15/2026,11/10/2002,SO96010,282,23761,8,2,2
7/7/2026,9/16/2003,SO96011,472,14035,2,1,2
4/18/2026,4/12/2002,SO96012,220,12663,6,1,1
10/28/2026,8/21/2004,SO96013,502,11530,6,1,1
6/26/2026,2/15/2003,SO96014,558,14936,10,1,1
12/2/2026,9/20/2001,SO96015,317,29473,10,1,1
3/22/2026,2/11/2004,SO96016,524,28372,6,1,2
4/15/2026,6/3/2003,SO96017,277,22821,8,1,2
10/8/2026,9/19/2003,SO96018,552,14134,2,1,1
10/8/2026,11/12/2003,SO96018,313,14134,2,2,1
1/19/2026,5/6/2001,SO96019,299,14456,9,1,1
1/27/2026,12/18/2004,SO96020,435,12762,6,1,2
3/3/2026,8/24/2003,SO96021,310,17270,7,1,1
6/11/2026,10/2/2004,SO96022,392,22370,10,1,2
8/10/2026,8/24/2001,SO96023,489,25465,5,1,2
4/27/2026,8/23/2004,SO96024,479,11844,4,1,2
7/26/2026,11/14/2002,SO96025,369,19673,10,1,2
2/27/2026,8/21/2003,SO96026,598,25612,8,1,1
11/6/2026,4/16/2001,SO96027,354,28761,10,1,1
1/21/2026,4/22/2001,SO96028,344,14830,7,1,1
9/3/2026,11/22/2001,SO96029,603,17084,5,1,2
2/15/2026,4/5/2004,SO96030,486,22961,4,1,1
7/3/2026,4/12/2002,SO96031,347,17825,8,1,1
6/3/2026,5/23/2004,SO96032,547,25517,2,1,1
11/18/2026,12/5/2002,SO96033,574,16078,8,1,3
11/18/2026,7/6/2002,SO96033,326,16078,8,2,2
11/18/2026,11/14/2003,SO96033,235,16078,8,3,1
4/16/2026,4/26/2004,SO96034,282,24755,6,1,1
10/22/2026,10/2/2001,SO96035,365,15974,5,1,2
8/6/2026,10/12/2004,SO96036,547,12393,8,1,1
8/6/2026,2/5/2001,SO96036,582,12393,8,2,2
11/21/2026,7/16/2004,SO96037,354,21325,5,1,2
3/3/2026,2/24/2001,SO96038,452,13762,4,1,2
9/23/2026,6/30/2003,SO96039,525,13959,9,1,3
9/14/2026,9/24/2002,SO96040,544,21951,7,1,2
6/9/2026,4/17/2003,SO96041,547,12083,5,1,2
1/5/2026,3/31/2003,SO96042,429,12699,1,1,1
8/27/2026,4/8/2001,SO96043,312,13233,10,1,2
8/27/2026,5/15/2003,SO96043,483,13233,10,2,2
8/27/2026,1/25/2003,SO96043,322,13233,10,3,2
8/27/2026,9/15/2001,SO96044,596,28243,1,1,1
10/21/2026,3/27/2004,SO96045,441,27220,4,1,1
7/7/2026,6/20/2002,SO96046,527,16959,2,1,1
1/24/2026,1/5/2003,SO96047,441,13310,7,1,3
12/12/2026,12/1/2003,SO96048,405,24970,10,1,1
6/29/2026,1/8/2003,SO96049,561,19975,3,1,1
2/5/2026,5/24/2004,SO96050,391,29172,9,1,2
9/1/2026,10/29/2003,SO96051,538,18473,5,1,2
7/17/2026,12/25/2004,SO96052,342,26050,7,1,1
2/1/2026,12/9/2002,SO96053,270,28598,6,1,2
2/1/2026,3/24/2002,SO96053,455,28598,6,2,2
2/13/2026,12/10/2001,SO96054,516,25806,1,1,1
2/13/2026,12/26/2002,SO96054,472,25806,1,2,1
12/28/2026,6/17/2001,SO96055,457,17270,5,1,2
11/9/2026,3/16/2002,SO96056,502,29284,7,1,1
6/22/2026,3/16/2001,SO96057,477,26575,2,1,2
2/28/2026,3/22/2002,SO96058,364,24403,2,1,1
2/12/2026,9/25/2004,SO96059,424,13239,8,1,2
1/28/2026,8/18/2001,SO96060,381,16090,5,1,1
11/25/2026,4/25/2002,SO96061,565,25168,1,1,1
9/3/2026,8/3/2002,SO96062,536,18356,10,1,2
9/3/2026,6/23/2002,SO96062,277,18356,10,2,1
7/26/2026,7/26/2003,SO96063,505,21165,4,1,1
9/25/2026,6/13/2002,SO96064,571,16862,6,1,1
6/26/2026,11/27/2003,SO96065,419,11913,4,1,2
11/10/2026,7/1/2004,SO96066,522,27543,7,1,2
4/18/2026,8/26/2001,SO96067,446,18314,1,1,2
4/23/2026,8/16/2001,SO96068,551,23391,8,1,2
1/6/2026,7/24/2002,SO96069,411,21936,5,1,1
12/27/2026,9/27/2001,SO96070,410,12960,2,1,2
10/4/2026,8/16/2002,SO96071,591,16048,3,1,2
6/27/2026,2/7/2004,SO96072,370,18042,6,1,2
5/28/2026,10/16/2002,SO96073,477,25069,9,1,1
6/13/2026,1/22/2002,SO96074,315,18409,4,1,2
10/20/2026,1/31/2001,SO96075,347,21602,9,1,1
2/5/2026,2/10/2001,SO96076,435,28765,9,1,2
11/18/2026,1/5/2002,SO96077,483,22770,10,1,2
1/15/2026,10/12/2003,SO96078,471,15199,3,1,1
2/1/2026,5/24/2002,SO96079,366,26694,4,1,3
12/1/2026,1/4/2001,SO96080,393,11889,7,1,2
6/19/2026,3/9/2003,SO96081,244,15185,4,1,2
5/31/2026,12/21/2004,SO96082,253,25738,1,1,1
5/31/2026,5/5/2004,SO96082,588,25738,1,2,2
5/31/2026,12/5/2001,SO96082,256,25738,1,3,2
7/16/2026,10/28/2002,SO96083,558,26983,6,1,3
3/14/2026,2/23/2003,SO96084,514,27195,7,1,2
9/25/2026,10/23/2003,SO96085,541,11501,10,1,2
6/29/2026,10/28/2004,SO96086,375,23457,5,1,2
2/18/2026,8/11/2002,SO96087,439,11140,2,1,2
2/18/2026,11/7/2004,SO96087,578,11140,2,2,1
11/19/2026,10/27/2001,SO96088,396,18307,3,1,1
12/6/2026,1/22/2002,SO96089,492,13854,5,1,2
6/8/2026,6/6/2002,SO96090,562,28992,5,1,1
9/5/2026,8/2/2001,SO96091,435,22688,3,1,1
12/26/2026,3/15/2002,SO96092,534,26623,9,1,1
9/26/2026,10/2/2003,SO96093,397,25682,10,1,1
9/26/2026,8/29/2001,SO96093,458,25682,10,2,3
8/19/2026,10/24/2002,SO96094,371,25756,6,1,2
3/3/2026,2/12/2001,SO96095,541,22532,4,1,2
2/24/2026,11/12/2004,SO96096,603,13529,5,1,2
6/14/2026,4/22/2003,SO96097,481,27522,7,1,2
10/7/2026,4/13/2004,SO96098,377,19019,8,1,2
3/16/2026,10/25/2003,SO96099,605,26255,7,1,2
3/16/2026,7/18/2003,SO96099,551,26255,7,2,1
12/25/2026,11/11/2002,SO96100,587,19996,3,1,2
10/17/2026,4/12/2004,SO96101,422,19344,9,1,2
1/28/2026,7/30/2002,SO96102,503,28910,2,1,2
12/29/2026,2/1/2001,SO96103,566,24689,9,1,2
12/29/2026,1/2/2003,SO96103,536,24689,9,2,2
10/6/2026,10/1/2004,SO96104,393,24446,10,1,1
10/6/2026,1/1/2003,SO96104,426,24446,10,2,3
12/12/2026,10/3/2002,SO96105,314,15232,4,1,2
5/17/2026,4/3/2001,SO96106,346,11677,1,1,2
5/17/2026,10/6/2001,SO96106,603,11677,1,2,1
1/9/2026,2/13/2004,SO96107,527,11128,10,1,1
11/19/2026,7/2/2002,SO96108,604,18974,2,1,2
4/12/2026,1/14/2002,SO96109,543,21560,6,1,1
10/13/2026,6/11/2001,SO96110,581,13218,8,1,2
10/13/2026,5/7/2004,SO96110,492,13218,8,2,1
8/11/2026,4/5/2002,SO96111,427,28014,5,1,1
11/2/2026,11/6/2002,SO96112,605,21779,1,1,1
11/2/2026,9/5/2004,SO96113,439,22211,3,1,2
7/23/2026,5/2/2001,SO96114,550,11182,6,1,3
5/21/2026,2/25/2002,SO96115,488,18058,1,1,1
6/24/2026,3/17/2001,SO96116,476,27466,2,1,2
3/23/2026,12/17/2001,SO96117,526,18307,4,1,1
7/5/2026,6/10/2003,SO96118,543,17805,9,1,1
7/4/2026,1/17/2004,SO96119,368,18433,9,1,2
3/29/2026,6/3/2001,SO96120,345,21199,6,1,1
11/3/2026,2/24/2004,SO96121,296,27268,4,1,2
7/4/2026,3/4/2003,SO96122,509,20765,3,1,1
11/15/2026,1/18/2001,SO96123,278,23893,10,1,1
7/11/2026,7/2/2004,SO96124,566,12683,1,1,1
8/12/2026,3/16/2003,SO96125,401,27919,5,1,2
10/28/2026,9/23/2003,SO96126,356,25870,2,1,1
9/20/2026,12/30/2001,SO96127,464,22673,5,1,1
9/14/2026,7/8/2002,SO96128,512,24732,9,1,2
2/20/2026,9/26/2002,SO96129,499,20684,8,1,1
2/20/2026,2/3/2003,SO96129,256,20684,8,2,2
11/11/2026,2/13/2004,SO96130,558,11975,6,1,2
12/9/2026,6/22/2003,SO96131,338,12293,1,1,1
12/9/2026,2/17/2002,SO96131,214,12293,1,2,2
6/11/2026,1/20/2004,SO96132,512,20571,8,1,2
9/19/2026,12/21/2001,SO96133,588,21680,9,1,2
4/18/2026,2/15/2001,SO96134,250,13901,2,1,1
3/23/2026,5/7/2004,SO96135,276,11048,7,1,3
3/9/2026,9/29/2001,SO96136,319,19416,1,1,2
1/18/2026,4/30/2003,SO96137,364,20274,6,1,1
1/10/2026,11/16/2001,SO96138,425,25162,3,1,2
6/9/2026,3/21/2003,SO96139,424,25011,6,1,1
4/24/2026,2/13/2004,SO96140,424,17714,7,1,1
4/24/2026,1/27/2003,SO96140,399,17714,7,2,3
7/16/2026,1/25/2002,SO96141,304,27716,2,1,2
7/16/2026,3/27/2001,SO96141,318,27716,2,2,1
3/24/2026,9/2/2004,SO96142,557,25087,7,1,2
8/29/2026,11/9/2003,SO96143,448,28087,9,1,2
8/29/2026,4/19/2003,SO96143,247,28087,9,2,2
10/25/2026,1/8/2003,SO96144,517,27439,10,1,1
10/25/2026,10/21/2001,SO96144,575,27439,10,2,1
10/25/2026,6/25/2004,SO96145,315,19436,3,1,1
4/28/2026,10/20/2003,SO96146,484,29303,5,1,1
7/30/2026,7/1/2004,SO96147,455,19327,9,1,1
7/23/2026,7/6/2002,SO96148,320,13062,5,1,1
7/23/2026,2/11/2002,SO96148,232,13062,5,2,2
7/23/2026,7/4/2002,SO96148,318,13062,5,3,3
1/24/2026,12/2/2002,SO96149,320,14957,4,1,1
11/22/2026,12/4/2004,SO96150,559,27664,2,1,3
7/21/2026,10/16/2002,SO96151,496,27420,6,1,1
7/21/2026,1/30/2002,SO96151,544,27420,6,2,2
7/25/2026,11/28/2002,SO96152,492,29437,1,1,1
1/25/2026,6/2/2004,SO96153,342,22066,2,1,1
1/25/2026,1/22/2001,SO96153,420,22066,2,2,2
9/5/2026,2/10/2001,SO96154,324,11672,4,1,1
12/20/2026,7/9/2002,SO96155,387,28343,8,1,2
12/20/2026,10/30/2003,SO96155,362,28343,8,2,3
3/17/2026,10/14/2001,SO96156,410,27235,10,1,1
4/19/2026,11/7/2002,SO96157,464,22965,5,1,2
9/21/2026,4/23/2003,SO96158,379,14803,8,1,2
8/20/2026,9/23/2004,SO96159,373,13143,8,1,2
5/31/2026,1/27/2002,SO96160,603,14406,3,1,1
2/11/2026,8/23/2003,SO96161,424,25456,7,1,1
7/9/2026,4/3/2004,SO96162,469,17879,9,1,3
10/4/2026,8/18/2001,SO96163,563,27754,5,1,2
9/3/2026,5/2/2001,SO96164,513,29168,7,1,2
7/15/2026,1/1/2002,SO96165,492,18970,9,1,2
9/13/2026,8/8/2001,SO96166,518,28081,10,1,2
3/10/2026,8/4/2004,SO96167,559,19321,3,1,2
2/16/2026,7/26/2001,SO96168,296,22711,6,1,1
10/1/2026,8/1/2003,SO96169,527,17232,1,1,2
3/22/2026,8/23/2004,SO96170,489,15107,7,1,1
5/10/2026,8/5/2002,SO96171,457,16733,9,1,1
5/26/2026,10/7/2001,SO96172,326,24147,2,1,1
5/26/2026,6/6/2001,SO96172,530,24147,2,2,1
2/19/2026,7/7/2004,SO96173,486,18939,9,1,1
6/30/2026,3/19/2003,SO96174,533,25772,6,1,1
4/12/2026,11/30/2002,SO96175,285,11270,1,1,2
3/30/2026,3/3/2001,SO96176,397,23756,4,1,2
3/30/2026,11/2/2003,SO96176,572,23756,4,2,2
3/30/2026,4/23/2004,SO96176,370,23756,4,3,1
3/26/2026,1/3/2001,SO96177,483,28951,5,1,2
2/6/2026,8/24/2003,SO96178,549,27614,4,1,1
5/7/2026,4/23/2001,SO96179,394,29281,2,1,1
5/7/2026,9/9/2001,SO96179,425,29281,2,2,2
1/7/2026,8/3/2003,SO96180,340,20327,3,1,2
2/25/2026,3/12/2002,SO96181,536,20616,2,1,1
4/23/2026,9/27/2001,SO96182,259,20670,3,1,2
7/22/2026,2/5/2003,SO96183,546,20251,7,1,2
7/22/2026,12/31/2004,SO96183,519,20251,7,2,1
7/9/2026,5/2/2004,SO96184,477,20707,9,1,1
10/9/2026,7/1/2003,SO96185,460,29219,8,1,1
12/2/2026,9/15/2003,SO96186,499,12638,10,1,2
11/21/2026,11/7/2001,SO96187,535,23200,2,1,1
8/21/2026,7/24/2002,SO96188,409,12176,5,1,1
9/23/2026,4/15/2001,SO96189,312,26327,4,1,1
1/20/2026,4/20/2003,SO96190,450,27114,7,1,1
7/28/2026,6/22/2002,SO96191,229,11988,2,1,1
1/2/2026,3/10/2002,SO96192,553,26720,10,1,1
2/3/2026,3/5/2004,SO96193,292,25902,2,1,2
6/5/2026,7/16/2002,SO96194,423,20084,6,1,2
3/4/2026,9/2/2002,SO96195,381,20633,5,1,2
1/13/2026,7/16/2002,SO96196,605,26526,1,1,2
1/13/2026,12/26/2001,SO96196,315,26526,1,2,2
1/13/2026,2/23/2001,SO96196,557,26526,1,3,1
1/26/2026,1/8/2002,SO96197,599,22727,2,1,2
10/22/2026,9/23/2004,SO96198,527,11463,8,1,1
1/20/2026,8/31/2003,SO96199,330,24634,10,1,1
10/1/2026,7/30/2001,SO96200,529,25160,5,1,1
4/8/2026,12/23/2004,SO96201,275,16113,8,1,1
7/1/2026,1/25/2002,SO96202,549,18619,3,1,2
12/17/2026,7/28/2001,SO96203,307,17852,9,1,2
12/17/2026,4/7/2004,SO96203,541,17852,9,2,3
12/17/2026,3/2/2002,SO96203,527,17852,9,3,1
4/8/2026,4/27/2002,SO96204,354,17173,8,1,1
12/23/2026,4/4/2001,SO96205,328,20169,6,1,2
5/6/2026,3/2/2001,SO96206,266,29022,8,1,1
9/19/2026,12/17/2003,SO96207,485,20882,6,1,1
3/26/2026,11/10/2001,SO96208,428,22535,6,1,1
1/20/2026,6/9/2002,SO96209,585,20600,3,1,1
1/20/2026,2/20/2004,SO96209,504,20600,3,2,1
7/6/2026,8/14/2001,SO96210,282,19626,2,1,1
3/11/2026,6/15/2003,SO96211,560,15719,2,1,2
5/3/2026,12/25/2002,SO96212,559,26733,3,1,1
4/12/2026,9/8/2004,SO96213,291,13987,7,1,2
9/7/2026,3/27/2002,SO96214,420,26647,3,1,1
1/22/2026,9/18/2003,SO96215,446,12883,7,1,1
1/5/2026,12/7/2003,SO96216,606,15537,10,1,1
8/28/2026,3/12/2003,SO96217,586,26387,6,1,1
12/29/2026,5/20/2003,SO96218,377,22306,1,1,1
10/19/2026,10/5/2002,SO96219,328,21016,3,1,1
11/21/2026,7/6/2004,SO96220,232,13611,5,1,1
2/3/2026,8/15/2003,SO96221,523,22962,1,1,3
8/12/2026,1/28/2002,SO96222,474,27105,4,1,1
8/12/2026,4/2/2003,SO96222,276,27105,4,2,1
6/9/2026,1/4/2002,SO96223,344,20985,7,1,2
6/9/2026,5/17/2004,SO96223,496,20985,7,2,2
6/9/2026,1/26/2004,SO96223,484,20985,7,3,1
10/14/2026,5/9/2001,SO96224,575,15831,7,1,1
1/12/2026,2/27/2003,SO96225,530,16582,6,1,2
8/20/2026,2/12/2001,SO96226,503,24683,3,1,1
1/17/2026,5/29/2003,SO96227,318,27043,5,1,1
8/27/2026,5/11/2004,SO96228,368,29059,1,1,2
8/27/2026,3/2/2001,SO96228,437,29059,1,2,2
8/12/2026,7/4/2003,SO96229,314,17423,9,1,2
5/24/2026,5/24/2001,SO96230,593,19496,5,1,2
5/24/2026,12/13/2003,SO96230,535,19496,5,2,3
8/11/2026,4/19/2001,SO96231,517,26073,10,1,2
8/11/2026,6/1/2002,SO96231,452,26073,10,2,1
3/20/2026,12/14/2001,SO96232,433,17459,8,1,2
7/30/2026,5/5/2001,SO96233,356,13043,9,1,1
12/19/2026,3/20/2001,SO96234,394,27952,1,1,2
8/28/2026,4/13/2002,SO96235,462,13792,2,1,2
8/28/2026,11/13/2004,SO96235,540,13792,2,2,1
12/8/2026,3/1/2003,SO96236,336,26739,4,1,1
6/19/2026,4/27/2004,SO96237,472,15883,9,1,2
7/9/2026,1/31/2004,SO96238,502,17020,7,1,2
3/6/2026,8/21/2001,SO96239,520,26561,1,1,1
9/15/2026,8/15/2003,SO96240,523,27311,3,1,1
9/15/2026,3/25/2004,SO96240,458,27311,3,2,3
9/15/2026,6/15/2001,SO96240,235,27311,3,3,1
4/15/2026,9/6/2002,SO96241,332,14980,1,1,1
4/15/2026,2/10/2004,SO96241,598,14980,1,2,2
6/4/2026,3/29/2002,SO96242,285,15518,4,1,2
6/4/2026,11/6/2002,SO96242,527,15518,4,2,1
1/22/2026,9/2/2001,SO96243,529,27594,7,1,1
12/29/2026,8/28/2001,SO96244,542,17662,3,1,2
2/5/2026,1/21/2003,SO96245,268,16045,8,1,1
4/28/2026,10/8/2001,SO96246,526,21725,1,1,1
5/1/2026,11/22/2001,SO96247,588,12711,10,1,1
7/29/2026,1/24/2002,SO96248,409,23955,5,1,1
7/29/2026,9/24/2004,SO96248,342,23955,5,2,1
4/6/2026,11/27/2004,SO96249,469,18773,1,1,1
8/8/2026,12/22/2001,SO96250,426,14660,10,1,2
7/24/2026,8/2/2003,SO96251,277,25419,7,1,1
7/24/2026,8/25/2004,SO96251,600,25419,7,2,3
3/13/2026,10/2/2001,SO96252,562,24365,4,1,1
4/5/2026,4/12/2001,SO96253,275,22105,4,1,2
4/5/2026,8/21/2004,SO96253,597,22105,4,2,1
4/5/2026,3/28/2002,SO96253,540,22105,4,3,1
3/5/2026,8/30/2003,SO96254,532,25193,4,1,2
12/15/2026,1/14/2004,SO96255,450,13908,9,1,2
3/31/2026,12/17/2004,SO96256,605,23471,8,1,2
1/10/2026,7/10/2003,SO96257,600,16998,3,1,2
1/10/2026,5/8/2002,SO96257,501,16998,3,2,2
1/10/2026,12/9/2003,SO96257,542,16998,3,3,2
10/21/2026,8/17/2004,SO96258,238,12497,7,1,1
10/21/2026,2/23/2001,SO96258,591,12497,7,2,2
1/16/2026,9/10/2002,SO96259,523,12306,9,1,1
12/5/2026,1/15/2001,SO96260,551,22593,2,1,3
12/23/2026,8/22/2001,SO96261,241,21381,3,1,1
12/23/2026,8/7/2001,SO96261,573,21381,3,2,1
12/23/2026,10/22/2003,SO96261,546,21381,3,3,2
6/15/2026,8/27/2001,SO96262,415,12787,2,1,2
5/28/2026,7/3/2003,SO96263,502,22614,7,1,1
9/15/2026,2/12/2001,SO96264,604,21037,4,1,1
7/18/2026,11/13/2003,SO96265,420,21043,5,1,1
11/29/2026,6/20/2002,SO96266,573,25268,3,1,1
3/14/2026,5/8/2004,SO96267,524,16917,5,1,3
3/24/2026,12/13/2004,SO96268,561,13333,2,1,3
9/14/2026,1/14/2004,SO96269,358,13511,8,1,1
9/14/2026,12/9/2004,SO96269,475,13511,8,2,2
11/24/2026,7/14/2001,SO96270,414,28525,5,1,1
11/24/2026,9/22/2002,SO96270,552,28525,5,2,1
11/24/2026,8/13/2004,SO96270,572,28525,5,3,1
1/29/2026,3/13/2002,SO96271,266,18735,7,1,2
5/9/2026,9/1/2001,SO96272,360,28008,7,1,1
10/16/2026,9/25/2002,SO96273,506,29089,10,1,1
5/10/2026,8/16/2003,SO96274,324,14464,7,1,2
10/28/2026,5/4/2001,SO96275,451,26116,4,1,2
10/28/2026,12/11/2004,SO96275,317,26116,4,2,1
10/28/2026,6/10/2003,SO96275,411,26116,4,3,1
10/26/2026,5/5/2001,SO96276,509,19134,3,1,2
10/26/2026,4/3/2004,SO96276,352,19134,3,2,1
5/21/2026,4/9/2003,SO96277,506,20588,7,1,1
5/7/2026,5/28/2003,SO96278,604,17286,8,1,3
7/8/2026,12/23/2002,SO96279,277,20557,5,1,2
11/29/2026,12/19/2004,SO96280,439,18031,6,1,2
11/6/2026,12/17/2002,SO96281,420,21504,7,1,1
1/4/2026,5/18/2003,SO96282,563,29038,4,1,2
12/13/2026,6/28/2001,SO96283,534,17610,7,1,2
10/8/2026,11/12/2003,SO96284,527,20049,4,1,1
8/11/2026,3/11/2003,SO96285,529,24109,7,1,2
8/11/2026,12/23/2001,SO96285,455,24109,7,2,2
3/23/2026,5/29/2002,SO96286,332,22938,9,1,2
10/28/2026,12/9/2004,SO96287,601,13225,3,1,1
10/5/2026,3/5/2002,SO96288,573,18687,10,1,1
7/10/2026,6/18/2003,SO96289,411,24338,3,1,1
12/11/2026,9/7/2004,SO96290,461,18220,6,1,2
12/7/2026,3/7/2003,SO96291,603,28281,3,1,2
7/30/2026,9/9/2003,SO96292,276,29277,10,1,2
8/27/2026,2/7/2001,SO96293,475,20663,2,1,1
9/15/2026,5/21/2002,SO96294,336,20936,2,1,2
4/28/2026,5/24/2003,SO96295,494,13307,1,1,2
7/25/2026,9/27/2001,SO96296,449,27525,7,1,1
1/19/2026,10/9/2004,SO96297,519,20289,9,1,1
3/12/2026,8/11/2002,SO96298,223,18338,4,1,1
12/5/2026,7/23/2003,SO96299,539,22034,4,1,2
10/23/2026,11/28/2003,SO96300,582,13331,10,1,3
12/4/2026,7/11/2002,SO96301,565,23344,1,1,1
2/12/2026,5/15/2001,SO96302,350,23720,7,1,2
10/31/2026,5/22/2002,SO96303,562,12542,2,1,2
7/2/2026,8/4/2002,SO96304,523,27380,3,1,2
7/2/2026,9/13/2001,SO96304,447,27380,3,2,2
7/2/2026,10/5/2001,SO96304,218,27380,3,3,2
12/3/2026,1/11/2002,SO96305,310,18030,5,1,2
10/30/2026,3/23/2001,SO96306,471,27582,6,1,2
5/17/2026,5/24/2004,SO96307,264,25507,7,1,1
6/18/2026,1/13/2003,SO96308,583,25665,4,1,2
6/18/2026,8/15/2001,SO96308,317,25665,4,2,2
7/4/2026,6/12/2004,SO96309,443,26928,7,1,1
3/2/2026,9/26/2001,SO96310,588,26313,9,1,1
3/2/2026,12/9/2002,SO96310,397,26313,9,2,1
9/1/2026,3/31/2002,SO96311,304,20729,7,1,1
3/3/2026,12/26/2003,SO96312,585,16083,6,1,1
5/13/2026,2/27/2003,SO96313,332,12030,8,1,2
5/13/2026,6/7/2001,SO96313,282,12030,8,2,2
5/13/2026,6/8/2002,SO96313,495,12030,8,3,3
1/6/2026,3/31/2004,SO96314,415,17328,1,1,2
11/14/2026,7/8/2003,SO96315,501,28508,6,1,1
11/14/2026,4/23/2004,SO96315,445,28508,6,2,2
9/2/2026,6/21/2001,SO96316,566,24420,1,1,2
8/26/2026,2/8/2003,SO96317,563,12074,8,1,1
9/14/2026,3/12/2001,SO96318,508,28198,6,1,2
6/15/2026,7/5/2003,SO96319,580,11209,6,1,1
5/31/2026,6/16/2002,SO96320,453,23234,7,1,1
7/13/2026,11/26/2001,SO96321,293,29227,4,1,2
2/13/2026,10/30/2003,SO96322,449,14559,1,1,2
7/22/2026,7/30/2004,SO96323,277,26729,3,1,1
6/10/2026,9/2/2001,SO96324,383,17452,3,1,2
7/10/2026,8/15/2001,SO96325,319,22255,1,1,2
7/10/2026,7/21/2001,SO96325,365,22255,1,2,2
8/15/2026,9/8/2004,SO96326,579,11359,4,1,2
12/2/2026,9/27/2004,SO96327,479,21584,9,1,2
4/3/2026,9/5/2004,SO96328,604,29204,9,1,2
5/26/2026,2/4/2003,SO96329,235,25754,9,1,3
5/26/2026,1/17/2004,SO96329,292,25754,9,2,2
5/30/2026,3/15/2001,SO96330,421,23331,1,1,1
5/30/2026,12/10/2004,SO96330,458,23331,1,2,2
8/29/2026,4/25/2003,SO96331,336,18654,3,1,1
5/5/2026,12/20/2003,SO96332,557,13322,4,1,1
3/19/2026,7/11/2001,SO96333,556,23294,7,1,2
3/19/2026,10/6/2001,SO96333,272,23294,7,2,1
1/5/2026,9/29/2003,SO96334,557,20411,2,1,1
3/21/2026,6/8/2004,SO96335,226,22647,8,1,2
2/15/2026,11/29/2003,SO96336,393,20971,5,1,1
2/6/2026,10/31/2003,SO96337,552,25242,1,1,1
2/18/2026,7/23/2004,SO96338,537,22088,2,1,2
4/16/2026,6/1/2002,SO96339,496,24017,7,1,2
8/3/2026,10/14/2003,SO96340,583,12484,8,1,2
8/6/2026,8/1/2003,SO96341,492,25459,10,1,1
12/24/2026,8/12/2003,SO96342,375,12722,9,1,2
1/25/2026,11/14/2002,SO96343,352,26196,5,1,1
10/3/2026,11/30/2004,SO96344,466,28421,1,1,2
10/31/2026,12/11/2002,SO96345,603,21715,5,1,1
9/14/2026,3/10/2002,SO96346,598,15630,1,1,1
9/14/2026,12/5/2003,SO96346,537,15630,1,2,2
1/9/2026,4/24/2002,SO96347,446,11866,8,1,1
5/29/2026,10/20/2003,SO96348,268,15337,7,1,2
7/21/2026,11/18/2004,SO96349,489,28432,9,1,1
4/1/2026,2/26/2002,SO96350,602,14868,1,1,1
4/1/2026,2/9/2002,SO96350,241,14868,1,2,2
4/3/2026,5/8/2004,SO96351,515,19671,8,1,2
6/18/2026,12/21/2002,SO96352,464,16921,5,1,3
12/4/2026,8/22/2004,SO96353,348,24024,3,1,1
11/21/2026,8/22/2003,SO96354,373,23243,8,1,2
11/21/2026,6/19/2001,SO96354,393,23243,8,2,2
8/11/2026,9/13/2001,SO96355,458,13431,8,1,1
11/18/2026,2/16/2003,SO96356,550,20511,7,1,2
10/6/2026,10/6/2002,SO96357,557,20766,10,1,1
6/13/2026,8/11/2004,SO96358,338,15997,6,1,1
9/5/2026,5/23/2004,SO96359,559,16025,4,1,2
1/26/2026,2/1/2003,SO96360,583,14016,8,1,3
9/13/2026,11/14/2004,SO96361,535,11965,6,1,1
2/24/2026,7/27/2002,SO96362,348,23514,3,1,1
5/26/2026,9/23/2003,SO96363,557,15914,1,1,3
5/26/2026,7/20/2003,SO96363,274,15914,1,2,1
3/9/2026,12/17/2001,SO96364,420,26371,1,1,2
10/2/2026,12/30/2001,SO96365,528,24899,6,1,2
5/17/2026,10/16/2001,SO96366,324,26039,1,1,1
4/13/2026,4/30/2003,SO96367,558,12870,1,1,1
10/24/2026,1/8/2002,SO96368,340,22779,8,1,1
10/24/2026,12/22/2001,SO96368,214,22779,8,2,1
10/24/2026,5/29/2004,SO96368,311,22779,8,3,2
2/19/2026,9/23/2001,SO96369,590,15584,1,1,1
6/13/2026,2/7/2001,SO96370,332,25360,2,1,1
6/13/2026,4/6/2001,SO96370,574,25360,2,2,2
6/13/2026,2/21/2001,SO96370,381,25360,2,3,2
3/26/2026,10/17/2002,SO96371,542,16953,1,1,1
3/26/2026,7/16/2004,SO96371,458,16953,1,2,1
3/26/2026,11/10/2001,SO96371,595,16953,1,3,2
9/14/2026,4/10/2003,SO96372,584,18609,9,1,2
9/14/2026,7/3/2004,SO96372,282,18609,9,2,1
9/18/2026,10/11/2004,SO96373,501,17451,5,1,2
3/15/2026,5/31/2002,SO96374,531,18896,1,1,1
2/1/2026,3/8/2004,SO96375,584,19704,9,1,1
11/8/2026,7/14/2001,SO96376,573,29303,5,1,1
1/10/2026,8/20/2002,SO96377,605,16866,7,1,2
1/20/2026,5/28/2003,SO96378,459,21265,5,1,2
5/15/2026,9/1/2004,SO96379,516,22381,6,1,1
4/17/2026,6/7/2002,SO96380,300,27609,5,1,2
12/18/2026,1/4/2004,SO96381,473,14222,3,1,2
12/18/2026,12/29/2003,SO96381,485,14222,3,2,2
12/31/2026,11/8/2003,SO96382,250,22576,2,1,1
1/1/2026,6/12/2003,SO96383,403,28373,8,1,2
3/6/2026,11/4/2003,SO96384,445,17722,4,1,1
6/23/2026,3/2/2001,SO96385,489,12524,5,1,1
10/19/2026,10/13/2004,SO96386,598,25560,7,1,1
4/16/2026,9/11/2003,SO96387,594,23490,6,1,2
12/17/2026,2/4/2003,SO96388,525,26036,1,1,1
6/25/2026,6/6/2003,SO96389,490,14445,7,1,1
6/25/2026,9/19/2004,SO96389,509,14445,7,2,2
6/25/2026,10/18/2004,SO96389,526,14445,7,3,1
7/25/2026,7/11/2003,SO96390,525,20388,3,1,1
12/15/2026,7/18/2002,SO96391,285,22937,4,1,2
12/15/2026,4/28/2003,SO96391,314,22937,4,2,2
12/15/2026,12/1/2004,SO96391,426,22937,4,3,1
4/7/2026,8/18/2001,SO96392,559,19035,10,1,1
5/7/2026,8/5/2002,SO96393,564,22860,9,1,3
2/5/2026,10/6/2002,SO96394,539,23506,8,1,1
2/5/2026,5/27/2001,SO96394,476,23506,8,2,2
2/5/2026,2/22/2001,SO96394,307,23506,8,3,1
7/4/2026,1/12/2001,SO96395,416,22450,4,1,1
10/6/2026,5/9/2001,SO96396,496,21446,7,1,1
9/3/2026,8/21/2004,SO96397,347,18735,6,1,2
9/9/2026,5/26/2004,SO96398,480,24428,4,1,2
9/9/2026,4/17/2001,SO96398,427,24428,4,2,2
9/9/2026,9/30/2003,SO96398,238,24428,4,3,1
1/26/2026,4/1/2003,SO96399,537,17703,8,1,2
1/26/2026,4/25/2002,SO96399,419,17703,8,2,1
8/21/2026,2/3/2003,SO96400,455,14684,10,1,1
10/15/2026,10/26/2003,SO96401,451,16010,9,1,2
2/5/2026,7/2/2003,SO96402,560,24024,5,1,1
10/24/2026,2/17/2004,SO96403,393,12364,2,1,3
1/24/2026,9/3/2001,SO96404,542,14014,4,1,2
1/24/2026,5/13/2003,SO96404,603,14014,4,2,1
6/23/2026,11/30/2001,SO96405,553,27687,2,1,2
8/11/2026,7/29/2001,SO96406,575,23945,5,1,2
2/15/2026,5/5/2004,SO96407,307,13017,7,1,1
1/27/2026,12/5/2003,SO96408,413,22068,10,1,1
4/5/2026,11/7/2003,SO96409,591,12525,9,1,1
4/5/2026,9/25/2002,SO96409,412,12525,9,2,1
4/5/2026,10/30/2002,SO96409,275,12525,9,3,1
6/29/2026,6/4/2004,SO96410,311,24891,10,1,1
4/29/2026,10/31/2001,SO96411,229,24018,1,1,1
8/17/2026,3/6/2004,SO96412,495,18257,7,1,2
8/4/2026,12/12/2003,SO96413,499,16199,8,1,2
4/22/2026,8/27/2004,SO96414,497,11453,7,1,1
10/13/2026,7/2/2004,SO96415,344,18487,3,1,1
2/22/2026,11/24/2002,SO96416,226,24701,7,1,3
8/31/2026,8/22/2001,SO96417,435,18766,9,1,1
1/4/2026,5/19/2004,SO96418,561,27172,6,1,1
1/4/2026,9/23/2004,SO96418,551,27172,6,2,1
1/4/2026,7/15/2003,SO96418,516,27172,6,3,1
3/18/2026,3/18/2003,SO96419,426,17328,7,1,2
6/30/2026,11/9/2001,SO96420,214,23240,4,1,1
6/30/2026,12/10/2003,SO96420,497,23240,4,2,1
6/30/2026,10/17/2003,SO96420,340,23240,4,3,1
5/27/2026,8/5/2004,SO96421,396,24619,6,1,1
5/9/2026,5/17/2002,SO96422,445,15081,2,1,1
9/12/2026,4/3/2003,SO96423,527,27709,1,1,1
11/6/2026,10/4/2002,SO96424,426,12386,7,1,1
5/20/2026,1/13/2001,SO96425,550,21734,5,1,2
9/3/2026,7/20/2002,SO96426,346,18658,1,1,2
7/24/2026,5/30/2002,SO96427,585,11505,5,1,2
3/8/2026,2/6/2002,SO96428,377,24276,8,1,1
11/6/2026,1/12/2003,SO96429,565,13871,4,1,1
12/25/2026,10/10/2004,SO96430,288,23935,7,1,2
2/27/2026,9/5/2003,SO96431,523,15186,2,1,2
3/2/2026,8/22/2003,SO96432,244,25545,2,1,2
3/2/2026,11/16/2003,SO96432,576,25545,2,2,2
2/22/2026,7/26/2002,SO96433,282,19786,2,1,2
10/8/2026,6/22/2002,SO96434,588,14371,3,1,1
7/10/2026,3/22/2002,SO96435,320,12860,2,1,1
7/10/2026,9/16/2004,SO96435,494,12860,2,2,2
2/19/2026,7/3/2003,SO96436,599,11273,8,1,2
2/19/2026,4/4/2002,SO96436,352,11273,8,2,1
11/9/2026,2/26/2004,SO96437,310,11212,1,1,2
11/20/2026,8/13/2002,SO96438,443,22136,7,1,2
1/12/2026,5/2/2002,SO96439,495,11895,2,1,2
7/25/2026,1/5/2001,SO96440,578,11282,4,1,1
11/4/2026,8/26/2004,SO96441,403,16336,10,1,3
3/14/2026,12/25/2004,SO96442,500,16583,4,1,2
8/22/2026,12/26/2002,SO96443,525,25857,6,1,2
7/3/2026,5/27/2001,SO96444,292,28629,9,1,3
4/10/2026,4/8/2002,SO96445,347,20560,10,1,2
10/21/2026,4/5/2004,SO96446,529,12304,10,1,2
10/21/2026,10/19/2004,SO96446,215,12304,10,2,2
4/12/2026,12/14/2003,SO96447,512,11645,8,1,1
5/24/2026,7/30/2001,SO96448,413,24605,3,1,1
8/13/2026,11/24/2004,SO96449,462,19722,5,1,2
8/13/2026,5/11/2002,SO96449,486,19722,5,2,2
5/4/2026,8/18/2004,SO96450,479,11042,3,1,2
5/4/2026,7/1/2003,SO96450,459,11042,3,2,1
7/13/2026,4/28/2004,SO96451,503,13812,6,1,2
7/13/2026,3/31/2004,SO96451,575,13812,6,2,2
11/7/2026,5/15/2003,SO96452,502,17559,10,1,1
7/24/2026,12/28/2003,SO96453,377,14602,9,1,1
4/27/2026,5/25/2001,SO96454,407,27838,9,1,2
9/28/2026,2/26/2001,SO96455,477,29279,9,1,1
9/28/2026,11/28/2004,SO96455,395,29279,9,2,1
10/24/2026,10/25/2002,SO96456,485,27914,2,1,2
9/21/2026,3/27/2003,SO96457,588,28655,5,1,3
10/31/2026,10/7/2002,SO96458,540,24504,2,1,2
10/31/2026,3/1/2001,SO96458,312,24504,2,2,2
3/6/2026,6/13/2002,SO96459,346,27264,5,1,2
2/26/2026,5/26/2002,SO96460,334,12192,8,1,1
12/16/2026,9/9/2004,SO96461,238,23490,5,1,2
10/4/2026,5/15/2002,SO96462,426,18573,4,1,1
10/4/2026,9/6/2003,SO96462,479,18573,4,2,1
5/30/2026,9/27/2004,SO96463,554,24524,1,1,2
7/6/2026,5/10/2001,SO96464,601,26646,5,1,1
8/11/2026,6/25/2002,SO96465,570,15312,3,1,1
4/21/2026,5/1/2002,SO96466,546,20170,10,1,2
9/13/2026,4/9/2002,SO96467,215,13072,3,1,3
12/1/2026,4/29/2004,SO96468,405,17740,2,1,2
3/9/2026,9/15/2003,SO96469,521,14499,7,1,2
2/19/2026,9/24/2003,SO96470,328,20326,1,1,2
12/7/2026,8/11/2003,SO96471,513,23506,10,1,2
7/31/2026,7/25/2001,SO96472,367,25568,8,1,2
9/18/2026,2/16/2004,SO96473,214,17956,5,1,1
5/3/2026,3/8/2001,SO96474,508,23948,5,1,1
12/30/2026,2/3/2001,SO96475,428,14162,1,1,1
1/19/2026,3/8/2003,SO96476,593,22304,3,1,3
4/15/2026,12/31/2003,SO96477,592,24913,2,1,2
4/13/2026,1/25/2004,SO96478,392,14098,1,1,1
4/24/2026,12/8/2004,SO96479,602,25390,2,1,1
1/6/2026,6/8/2004,SO96480,569,21721,7,1,1
11/16/2026,11/10/2002,SO96481,426,26752,5,1,2
5/1/2026,10/16/2002,SO96482,541,12042,10,1,1
1/30/2026,3/16/2002,SO96483,491,11485,7,1,2
1/30/2026,5/12/2001,SO96483,422,11485,7,2,2
1/16/2026,9/28/2004,SO96484,511,24552,10,1,1
1/19/2026,11/18/2001,SO96485,476,12471,9,1,2
11/28/2026,7/27/2003,SO96486,531,22146,10,1,2
11/28/2026,5/2/2002,SO96486,450,22146,10,2,2
8/9/2026,7/17/2001,SO96487,587,22843,5,1,1
1/30/2026,7/19/2002,SO96488,501,18122,8,1,1
3/5/2026,1/31/2002,SO96489,336,26855,2,1,2
11/1/2026,7/2/2004,SO96490,310,15575,9,1,2
11/1/2026,10/8/2003,SO96490,218,15575,9,2,3
7/26/2026,1/4/2002,SO96491,313,26352,7,1,1
1/12/2026,12/9/2003,SO96492,559,24958,8,1,1
11/18/2026,11/21/2001,SO96493,475,19346,2,1,2
10/10/2026,3/13/2001,SO96494,462,24449,7,1,1
10/10/2026,8/3/2004,SO96494,441,24449,7,2,1
6/22/2026,2/11/2004,SO96495,428,20960,3,1,1
7/6/2026,2/10/2001,SO96496,405,19350,5,1,2
3/31/2026,12/15/2002,SO96497,468,11315,5,1,2
4/27/2026,7/31/2003,SO96498,522,26356,4,1,3
8/31/2026,12/6/2001,SO96499,368,26829,4,1,1
8/31/2026,10/29/2004,SO96499,599,26829,4,2,1
6/30/2026,11/17/2003,SO96500,304,14624,5,1,2
4/17/2026,8/11/2004,SO96501,592,20473,4,1,1
7/9/2026,7/29/2002,SO96502,226,23625,4,1,1
10/8/2026,9/28/2003,SO96503,603,28412,3,1,2
10/3/2026,9/27/2001,SO96504,490,13780,9,1,1
10/5/2026,4/20/2004,SO96505,264,17679,8,1,1
6/17/2026,1/5/2002,SO96506,497,17170,10,1,2
7/8/2026,12/12/2004,SO96507,354,17193,6,1,1
12/8/2026,8/28/2001,SO96508,502,19316,6,1,1
12/13/2026,10/29/2002,SO96509,447,18484,4,1,1
12/13/2026,10/4/2004,SO96509,560,18484,4,2,2
9/21/2026,10/13/2004,SO96510,589,16763,2,1,2
11/4/2026,4/4/2001,SO96511,375,21268,5,1,1
11/26/2026,10/20/2004,SO96512,410,13127,4,1,2
8/7/2026,11/17/2004,SO96513,412,24478,9,1,2
8/7/2026,10/17/2002,SO96513,223,24478,9,2,2
7/2/2026,8/31/2004,SO96514,362,13720,5,1,1
7/21/2026,2/6/2004,SO96515,351,17319,5,1,1
9/14/2026,6/3/2004,SO96516,383,24823,1,1,3
7/1/2026,4/2/2003,SO96517,493,28098,4,1,2
10/31/2026,4/12/2003,SO96518,503,19668,3,1,3
9/6/2026,6/18/2003,SO96519,229,21745,8,1,1
11/11/2026,8/25/2002,SO96520,345,14845,6,1,1
10/13/2026,10/19/2001,SO96521,375,24727,7,1,2
2/21/2026,8/29/2002,SO96522,532,28323,3,1,1
12/3/2026,1/5/2002,SO96523,602,22390,10,1,1
2/18/2026,7/16/2003,SO96524,371,16405,1,1,1
8/6/2026,9/22/2004,SO96525,497,28734,9,1,1
3/11/2026,5/5/2003,SO96526,586,16253,2,1,1
2/11/2026,6/19/2001,SO96527,468,21103,10,1,2
1/7/2026,12/4/2002,SO96528,552,29060,4,1,2
1/7/2026,4/15/2001,SO96528,443,29060,4,2,2
1/7/2026,3/7/2003,SO96528,344,29060,4,3,1
5/15/2026,9/20/2004,SO96529,401,19050,4,1,1
3/30/2026,6/6/2004,SO96530,561,15251,6,1,2
3/23/2026,8/24/2002,SO96531,379,15120,4,1,2
11/17/2026,4/5/2003,SO96532,401,13519,3,1,2
10/17/2026,10/24/2001,SO96533,511,13602,3,1,2
5/3/2026,8/29/2004,SO96534,299,22051,6,1,2
5/3/2026,5/11/2003,SO96534,435,22051,6,2,2
2/16/2026,1/14/2003,SO96535,241,22664,10,1,2
2/16/2026,3/30/2001,SO96535,416,22664,10,2,1
9/22/2026,7/1/2002,SO96536,569,20351,4,1,1
10/18/2026,10/24/2003,SO96537,602,28337,6,1,1
5/19/2026,3/15/2003,SO96538,517,13899,1,1,2
11/2/2026,11/7/2004,SO96539,570,22925,4,1,3
5/30/2026,9/29/2003,SO96540,534,21799,2,1,2
7/5/2026,10/31/2004,SO96541,464,26787,1,1,1
7/5/2026,8/9/2001,SO96541,555,26787,1,2,2
7/5/2026,11/14/2004,SO96541,564,26787,1,3,2
5/26/2026,9/13/2002,SO96542,424,19122,3,1,1
5/26/2026,7/24/2004,SO96542,581,19122,3,2,2
5/26/2026,2/19/2003,SO96542,566,19122,3,3,1
1/26/2026,1/2/2001,SO96543,253,16281,5,1,1
1/26/2026,5/20/2001,SO96543,486,16281,5,2,2
1/26/2026,7/20/2002,SO96543,568,16281,5,3,1
1/15/2026,11/14/2003,SO96544,319,14228,8,1,1
9/30/2026,2/19/2003,SO96545,369,23185,10,1,1
9/30/2026,7/24/2003,SO96545,214,23185,10,2,2
8/16/2026,1/14/2004,SO96546,499,12310,3,1,2
8/16/2026,9/25/2002,SO96546,451,12310,3,2,2
5/24/2026,1/19/2003,SO96547,464,15557,2,1,2
1/24/2026,2/6/2004,SO96548,348,11137,8,1,1
7/6/2026,5/27/2002,SO96549,332,16142,5,1,1
2/11/2026,8/3/2004,SO96550,549,11379,9,1,2
3/27/2026,2/19/2002,SO96551,232,12918,10,1,1
3/20/2026,7/20/2001,SO96552,511,13705,3,1,1
12/28/2026,2/12/2003,SO96553,486,12431,1,1,2
12/28/2026,10/27/2001,SO96553,338,12431,1,2,1
5/10/2026,12/16/2003,SO96554,471,11229,7,1,1
7/28/2026,8/4/2001,SO96555,446,11750,3,1,2
10/27/2026,7/21/2003,SO96556,554,16324,9,1,1
7/25/2026,4/1/2001,SO96557,392,22909,7,1,1
10/3/2026,10/19/2002,SO96558,276,26488,6,1,2
3/29/2026,1/15/2004,SO96559,601,24271,10,1,2
10/4/2026,7/4/2002,SO96560,547,19296,9,1,2
4/24/2026,12/25/2003,SO96561,529,22641,1,1,1
12/3/2026,7/24/2004,SO96562,561,13165,9,1,1
1/26/2026,2/9/2003,SO96563,548,11152,8,1,2
12/9/2026,2/6/2004,SO96564,530,16352,8,1,1
12/9/2026,7/28/2002,SO96564,530,16352,8,2,2
12/9/2026,11/30/2002,SO96564,241,16352,8,3,1
5/24/2026,1/30/2004,SO96565,296,22749,4,1,1
9/4/2026,4/27/2003,SO96566,338,19305,5,1,1
12/26/2026,4/22/2003,SO96567,401,15412,10,1,2
4/28/2026,7/1/2003,SO96568,540,14916,6,1,2
9/1/2026,8/2/2003,SO96569,403,27589,8,1,1
9/1/2026,5/13/2003,SO96569,330,27589,8,2,1
2/2/2026,9/20/2003,SO96570,375,22973,10,1,1
11/17/2026,7/5/2001,SO96571,371,16978,8,1,3
3/5/2026,6/23/2002,SO96572,421,26260,4,1,2
11/12/2026,12/4/2002,SO96573,586,16130,2,1,2
4/9/2026,5/17/2001,SO96574,484,22896,3,1,1
11/2/2026,7/30/2001,SO96575,554,17711,4,1,1
2/18/2026,11/17/2003,SO96576,546,25932,3,1,2
4/25/2026,2/28/2001,SO96577,499,28004,7,1,1
4/25/2026,6/28/2002,SO96577,219,28004,7,2,1
9/7/2026,12/27/2001,SO96578,215,25494,2,1,2
12/4/2026,4/9/2003,SO96579,553,23514,6,1,2
8/10/2026,12/27/2003,SO96580,603,15725,7,1,3
8/10/2026,5/7/2004,SO96580,292,15725,7,2,2
2/14/2026,6/27/2004,SO96581,551,24390,10,1,1
4/28/2026,5/2/2001,SO96582,479,12892,5,1,1
11/17/2026,9/6/2002,SO96583,428,28064,6,1,1
11/24/2026,11/18/2004,SO96584,452,29433,5,1,2
1/19/2026,12/29/2004,SO96585,345,12843,1,1,1
3/3/2026,3/24/2002,SO96586,555,15304,10,1,2
12/12/2026,11/23/2004,SO96587,445,25757,9,1,1
1/19/2026,5/19/2004,SO96588,223,14820,1,1,1
8/20/2026,2/5/2003,SO96589,573,22560,2,1,2
8/20/2026,7/10/2002,SO96589,554,22560,2,2,1
3/30/2026,9/3/2004,SO96590,220,13364,3,1,1
3/30/2026,8/3/2002,SO96590,326,13364,3,2,1
8/2/2026,9/16/2003,SO96591,293,14692,3,1,1
10/23/2026,9/19/2002,SO96592,594,28080,1,1,1
10/23/2026,7/18/2001,SO96592,419,28080,1,2,2
4/4/2026,10/14/2003,SO96593,549,28513,7,1,1
3/22/2026,6/29/2004,SO96594,220,18731,2,1,1
1/22/2026,8/15/2003,SO96595,475,20355,2,1,1
12/16/2026,11/28/2002,SO96596,565,26827,9,1,1
12/8/2026,9/23/2003,SO96597,466,22264,4,1,2
12/8/2026,9/24/2004,SO96597,346,22264,4,2,1
6/12/2026,2/17/2002,SO96598,526,13231,9,1,1
2/26/2026,4/10/2002,SO96599,393,17735,10,1,1
11/26/2026,7/28/2004,SO96600,344,24551,1,1,1
5/29/2026,6/9/2001,SO96601,420,16025,10,1,2
5/19/2026,8/6/2001,SO96602,322,19125,8,1,1
5/19/2026,2/3/2004,SO96602,512,19125,8,2,1
5/5/2026,12/27/2002,SO96603,414,25690,9,1,2
5/5/2026,6/13/2001,SO96603,348,25690,9,2,2
5/5/2026,1/19/2001,SO96603,606,25690,9,3,1
8/16/2026,9/20/2004,SO96604,319,13551,6,1,1
5/8/2026,3/14/2001,SO96605,555,28434,2,1,1
8/16/2026,9/2/2003,SO96606,457,28851,8,1,2
6/1/2026,3/15/2002,SO96607,422,25750,4,1,1
6/1/2026,6/18/2001,SO96607,351,25750,4,2,2
2/27/2026,4/20/2002,SO96608,264,16955,9,1,1
6/15/2026,10/10/2003,SO96609,352,16127,10,1,2
7/16/2026,7/15/2001,SO96610,275,11775,3,1,2
3/6/2026,3/12/2002,SO96611,551,26282,6,1,2
3/6/2026,2/6/2001,SO96611,326,26282,6,2,1
9/7/2026,12/19/2004,SO96612,531,25095,9,1,3
9/7/2026,10/23/2001,SO96612,500,25095,9,2,2
4/28/2026,6/24/2002,SO96613,457,24361,2,1,2
12/21/2026,4/17/2003,SO96614,500,12498,1,1,2
2/9/2026,6/30/2001,SO96615,536,14111,3,1,2
4/18/2026,11/30/2002,SO96616,567,18190,6,1,1
4/18/2026,5/21/2003,SO96616,585,18190,6,2,1
5/28/2026,1/7/2004,SO96617,409,13114,1,1,1
10/7/2026,9/28/2003,SO96618,232,17861,5,1,2
9/14/2026,11/27/2002,SO96619,497,11206,1,1,1
9/14/2026,6/16/2003,SO96619,223,11206,1,2,2
4/1/2026,1/18/2002,SO96620,482,28786,3,1,2
4/1/2026,2/19/2002,SO96620,541,28786,3,2,2
10/5/2026,9/19/2003,SO96621,557,25642,3,1,2
6/1/2026,5/10/2003,SO96622,479,11724,5,1,1
8/21/2026,8/20/2001,SO96623,316,27810,5,1,1
9/5/2026,8/17/2004,SO96624,577,25226,7,1,2
10/3/2026,4/6/2003,SO96625,338,23814,3,1,1
10/28/2026,5/23/2003,SO96626,583,12783,8,1,2
2/1/2026,1/11/2002,SO96627,264,27599,8,1,1
2/1/2026,10/13/2003,SO96627,415,27599,8,2,3
2/1/2026,12/5/2003,SO96627,428,27599,8,3,1
11/21/2026,3/1/2002,SO96628,456,11197,4,1,2
6/20/2026,4/1/2004,SO96629,512,18430,6,1,2
6/25/2026,7/17/2003,SO96630,602,15971,9,1,1
6/19/2026,1/19/2003,SO96631,464,17382,4,1,1
3/13/2026,1/1/2003,SO96632,536,21413,5,1,1
11/14/2026,1/10/2001,SO96633,346,27471,2,1,2
3/12/2026,7/20/2001,SO96634,560,16844,1,1,1
3/12/2026,10/29/2003,SO96634,496,16844,1,2,2
3/12/2026,6/4/2002,SO96634,369,16844,1,3,1
11/1/2026,1/8/2001,SO96635,497,24657,6,1,2
12/19/2026,12/5/2004,SO96636,598,17380,7,1,3
12/23/2026,1/24/2004,SO96637,422,13076,7,1,2
12/23/2026,6/8/2004,SO96637,238,13076,7,2,2
11/9/2026,7/25/2003,SO96638,507,14605,7,1,2
5/26/2026,1/9/2003,SO96639,214,17732,6,1,2
3/7/2026,5/1/2002,SO96640,543,18967,6,1,1
3/7/2026,9/23/2003,SO96640,548,18967,6,2,1
12/16/2026,1/28/2004,SO96641,414,24551,8,1,3
2/6/2026,2/15/2002,SO96642,279,15148,10,1,2
4/20/2026,7/2/2002,SO96643,526,13195,9,1,1
4/10/2026,3/28/2002,SO96644,510,23262,9,1,1
1/13/2026,3/15/2001,SO96645,411,17857,3,1,2
7/4/2026,8/17/2003,SO96646,300,13822,9,1,1
1/19/2026,7/1/2003,SO96647,476,22075,5,1,1
5/26/2026,9/3/2002,SO96648,412,14618,9,1,1
5/26/2026,8/11/2003,SO96648,493,14618,9,2,1
9/8/2026,5/11/2004,SO96649,235,17263,3,1,1
4/11/2026,2/4/2004,SO96650,506,24271,7,1,1
6/1/2026,11/23/2004,SO96651,375,17647,3,1,2
4/28/2026,4/17/2002,SO96652,567,12823,8,1,3
4/28/2026,7/24/2002,SO96652,397,12823,8,2,1
4/28/2026,8/14/2001,SO96652,575,12823,8,3,3
11/25/2026,11/18/2002,SO96653,524,13324,6,1,1
11/25/2026,4/24/2001,SO96653,358,13324,6,2,2
2/1/2026,7/24/2004,SO96654,569,28139,8,1,1
10/14/2026,8/2/2002,SO96655,529,12163,9,1,1
8/25/2026,1/10/2004,SO96656,530,26820,4,1,2
8/4/2026,8/26/2004,SO96657,578,23786,7,1,1
3/20/2026,4/29/2001,SO96658,564,21225,7,1,1
8/5/2026,4/25/2001,SO96659,583,26874,10,1,2
8/5/2026,9/29/2001,SO96659,447,26874,10,2,3
9/22/2026,11/13/2003,SO96660,601,27212,10,1,1
9/22/2026,12/27/2003,SO96660,373,27212,10,2,2
7/14/2026,3/22/2004,SO96661,449,22081,10,1,1
10/21/2026,4/4/2003,SO96662,529,25457,2,1,2
3/27/2026,8/20/2001,SO96663,461,21565,5,1,2
10/25/2026,4/11/2001,SO96664,562,26252,4,1,2
4/7/2026,8/10/2003,SO96665,544,21701,6,1,2
4/7/2026,3/10/2003,SO96665,435,21701,6,2,1
5/7/2026,9/21/2003,SO96666,316,29122,2,1,1
1/2/2026,10/9/2001,SO96667,582,11954,8,1,1
5/10/2026,5/2/2001,SO96668,320,27340,8,1,1
9/27/2026,2/19/2004,SO96669,247,20570,3,1,1
9/7/2026,1/24/2004,SO96670,364,11986,6,1,3
8/1/2026,11/18/2004,SO96671,381,19853,5,1,1
8/31/2026,7/2/2001,SO96672,446,23192,1,1,1
4/24/2026,4/23/2004,SO96673,593,19999,9,1,1
9/25/2026,8/5/2002,SO96674,559,24564,1,1,3
8/11/2026,3/7/2003,SO96675,338,12659,8,1,1
8/11/2026,2/6/2002,SO96675,581,12659,8,2,2
2/13/2026,8/19/2004,SO96676,590,16431,2,1,1
3/20/2026,8/22/2004,SO96677,450,19458,5,1,2
9/8/2026,2/3/2003,SO96678,275,17560,9,1,3
9/12/2026,4/26/2001,SO96679,516,21574,7,1,2
3/2/2026,11/30/2002,SO96680,466,21009,8,1,2
3/2/2026,10/28/2001,SO96680,415,21009,8,2,1
3/2/2026,1/23/2002,SO96680,340,21009,8,3,3
3/24/2026,7/4/2004,SO96681,417,19080,2,1,1
3/11/2026,6/1/2004,SO96682,470,21358,4,1,2
8/13/2026,3/4/2003,SO96683,545,17368,6,1,1
8/13/2026,12/25/2004,SO96683,250,17368,6,2,1
8/13/2026,2/20/2001,SO96683,491,17368,6,3,1
1/22/2026,7/27/2002,SO96684,588,25859,4,1,1
8/1/2026,3/27/2004,SO96685,498,13979,2,1,1
6/27/2026,8/27/2001,SO96686,356,20206,3,1,2
6/27/2026,5/5/2001,SO96686,332,20206,3,2,1
11/12/2026,8/29/2002,SO96687,559,12141,3,1,1
11/30/2026,12/22/2001,SO96688,565,17665,1,1,2
7/3/2026,9/6/2004,SO96689,447,24025,9,1,1
6/10/2026,7/3/2001,SO96690,311,27172,10,1,2
11/17/2026,7/7/2001,SO96691,332,17120,5,1,1
1/27/2026,8/6/2004,SO96692,526,24626,2,1,2
1/13/2026,3/16/2003,SO96693,543,23677,9,1,2
4/2/2026,6/20/2003,SO96694,279,23660,1,1,1
12/24/2026,4/16/2004,SO96695,579,28289,4,1,1
12/31/2026,2/28/2004,SO96696,349,24174,9,1,2
1/9/2026,2/5/2002,SO96697,253,24233,6,1,2
3/2/2026,4/8/2004,SO96698,439,17930,8,1,2
3/5/2026,8/27/2002,SO96699,394,11521,3,1,1
12/15/2026,4/12/2002,SO96700,264,13120,3,1,1
5/21/2026,10/10/2002,SO96701,470,14539,6,1,1
10/24/2026,7/31/2002,SO96702,574,22566,9,1,1
10/24/2026,2/3/2003,SO96702,362,22566,9,2,1
3/11/2026,10/16/2002,SO96703,509,25585,4,1,1
3/11/2026,11/4/2002,SO96703,326,25585,4,2,1
2/3/2026,5/22/2003,SO96704,556,13213,10,1,2
2/3/2026,10/22/2002,SO96704,481,13213,10,2,1
2/26/2026,8/27/2001,SO96705,497,12486,8,1,2
8/8/2026,7/23/2001,SO96706,304,23891,7,1,3
11/26/2026,10/10/2001,SO96707,518,12696,3,1,1
11/4/2026,7/17/2001,SO96708,346,29080,4,1,1
11/4/2026,11/17/2004,SO96708,307,29080,4,2,1
9/24/2026,6/14/2001,SO96709,483,18156,8,1,2
1/2/2026,2/27/2003,SO96710,552,19803,9,1,1
1/2/2026,10/26/2003,SO96710,574,19803,9,2,1
8/31/2026,12/19/2001,SO96711,543,15291,3,1,1
5/17/2026,5/27/2002,SO96712,369,23960,2,1,1
2/14/2026,7/27/2002,SO96713,534,11606,4,1,1
2/14/2026,6/3/2004,SO96713,364,11606,4,2,1
4/14/2026,9/30/2003,SO96714,558,28606,1,1,2
1/9/2026,7/29/2003,SO96715,403,25255,7,1,3
4/23/2026,5/29/2002,SO96716,484,24440,8,1,2
9/16/2026,2/19/2001,SO96717,482,25604,3,1,1
9/16/2026,5/29/2003,SO96717,396,25604,3,2,1
12/26/2026,7/21/2002,SO96718,368,23376,1,1,3
4/9/2026,6/14/2003,SO96719,542,12214,1,1,2
12/17/2026,10/28/2002,SO96720,315,13411,10,1,1
4/29/2026,7/9/2003,SO96721,405,19476,3,1,2
5/21/2026,12/3/2003,SO96722,232,19458,3,1,2
6/7/2026,7/3/2003,SO96723,429,18828,2,1,1
1/10/2026,2/5/2004,SO96724,299,17035,9,1,1
3/10/2026,5/4/2002,SO96725,491,20621,4,1,1
3/10/2026,8/13/2001,SO96725,371,20621,4,2,1
10/19/2026,12/23/2003,SO96726,590,15719,9,1,2
4/17/2026,3/10/2004,SO96727,539,11173,2,1,1
5/18/2026,8/6/2004,SO96728,552,22782,9,1,2
7/15/2026,2/15/2004,SO96729,352,27187,2,1,1
2/28/2026,1/15/2001,SO96730,232,23965,3,1,2
3/7/2026,6/15/2001,SO96731,547,20444,8,1,1
10/26/2026,9/17/2001,SO96732,443,27842,5,1,2
10/29/2026,10/13/2004,SO96733,319,16140,2,1,1
8/23/2026,7/8/2003,SO96734,422,12049,7,1,1
1/17/2026,1/29/2003,SO96735,508,26655,1,1,3
6/15/2026,2/17/2003,SO96736,232,21815,3,1,2
11/30/2026,12/5/2004,SO96737,524,13478,2,1,1
6/30/2026,6/15/2002,SO96738,542,18946,3,1,1
2/22/2026,11/13/2001,SO96739,314,11566,4,1,1
12/16/2026,10/27/2004,SO96740,590,24416,4,1,2
11/19/2026,2/17/2001,SO96741,238,13465,4,1,1
4/26/2026,9/28/2001,SO96742,395,20903,10,1,1
11/5/2026,8/2/2003,SO96743,264,14001,10,1,3
7/21/2026,9/2/2001,SO96744,439,28463,1,1,1
7/5/2026,2/4/2001,SO96745,422,25559,6,1,2
8/16/2026,11/17/2002,SO96746,600,23657,4,1,1
8/16/2026,12/21/2004,SO96746,533,23657,4,2,2
8/16/2026,2/1/2001,SO96746,594,23657,4,3,1
3/29/2026,8/31/2001,SO96747,425,21624,8,1,1
7/13/2026,3/9/2001,SO96748,215,25740,7,1,2
5/14/2026,11/18/2002,SO96749,250,25845,5,1,2
10/20/2026,8/29/2001,SO96750,226,12187,10,1,1
4/15/2026,6/25/2004,SO96751,413,28381,10,1,2
3/25/2026,12/9/2002,SO96752,456,23738,5,1,2
7/30/2026,4/30/2001,SO96753,551,15835,2,1,1
7/30/2026,11/15/2002,SO96753,568,15835,2,2,1
7/30/2026,2/1/2002,SO96753,399,15835,2,3,2
10/30/2026,7/23/2002,SO96754,313,24593,6,1,1
8/4/2026,6/11/2003,SO96755,410,11263,4,1,1
2/23/2026,3/13/2003,SO96756,509,20622,10,1,1
3/16/2026,7/7/2003,SO96757,598,24542,5,1,2
3/16/2026,2/4/2002,SO96757,600,24542,5,2,2
3/16/2026,4/19/2001,SO96757,494,24542,5,3,1
8/21/2026,1/27/2004,SO96758,487,23137,9,1,2
2/2/2026,2/1/2001,SO96759,500,28222,8,1,2
7/15/2026,6/25/2004,SO96760,259,21531,7,1,2
2/27/2026,3/19/2002,SO96761,516,11568,6,1,1
11/24/2026,8/16/2003,SO96762,568,20361,5,1,1
10/28/2026,5/29/2004,SO96763,425,20468,2,1,1
6/17/2026,9/23/2001,SO96764,387,19007,6,1,1
6/17/2026,5/30/2002,SO96764,567,19007,6,2,1
9/21/2026,11/13/2002,SO96765,582,22770,8,1,1
9/21/2026,12/20/2002,SO96765,553,22770,8,2,1
8/7/2026,1/20/2004,SO96766,605,25370,2,1,3
4/20/2026,2/28/2004,SO96767,549,13483,5,1,1
8/7/2026,4/2/2001,SO96768,368,14529,7,1,2
2/3/2026,8/1/2003,SO96769,578,21647,3,1,2
12/23/2026,6/2/2001,SO96770,458,21892,6,1,2
1/14/2026,4/10/2002,SO96771,517,28507,5,1,2
5/22/2026,11/2/2003,SO96772,572,25658,9,1,1
10/8/2026,2/8/2001,SO96773,550,28593,2,1,1
4/26/2026,5/20/2001,SO96774,555,19942,4,1,2
4/26/2026,2/22/2004,SO96774,340,19942,4,2,1
10/21/2026,7/5/2003,SO96775,566,12665,2,1,3
4/25/2026,3/31/2003,SO96776,594,21896,9,1,1
11/14/2026,2/15/2003,SO96777,383,13399,7,1,1
11/14/2026,10/17/2002,SO96777,383,13399,7,2,1
11/14/2026,10/26/2002,SO96777,572,13399,7,3,2
8/18/2026,4/28/2003,SO96778,443,25152,5,1,1
12/27/2026,4/30/2003,SO96779,277,25256,5,1,1
12/27/2026,2/25/2001,SO96779,419,25256,5,2,1
12/27/2026,4/20/2003,SO96779,415,25256,5,3,1
9/29/2026,2/26/2004,SO96780,454,23387,3,1,1
9/29/2026,6/30/2004,SO96780,307,23387,3,2,1
9/5/2026,1/24/2001,SO96781,264,25692,9,1,1
11/24/2026,10/16/2004,SO96782,455,20165,2,1,1
11/24/2026,11/17/2004,SO96782,417,20165,2,2,2
11/24/2026,9/11/2003,SO96782,518,20165,2,3,1
7/7/2026,7/15/2001,SO96783,593,26450,10,1,1
3/13/2026,6/5/2002,SO96784,435,18817,1,1,2
10/1/2026,9/24/2004,SO96785,513,19508,9,1,3
10/1/2026,11/8/2003,SO96785,480,19508,9,2,2
10/1/2026,11/10/2004,SO96785,379,19508,9,3,1
10/31/2026,5/3/2004,SO96786,524,13892,3,1,2
8/8/2026,6/7/2001,SO96787,589,23833,8,1,1
11/6/2026,3/30/2003,SO96788,370,27511,3,1,1
3/6/2026,9/28/2002,SO96789,276,17697,8,1,1
8/17/2026,7/9/2004,SO96790,235,21805,8,1,1
3/26/2026,6/8/2001,SO96791,459,27521,10,1,1
4/11/2026,4/25/2001,SO96792,530,17217,1,1,1
4/11/2026,8/3/2002,SO96792,478,17217,1,2,2
4/11/2026,8/23/2001,SO96792,345,17217,1,3,2
5/6/2026,3/26/2003,SO96793,598,24174,5,1,2
11/10/2026,5/7/2003,SO96794,516,22776,9,1,1
10/29/2026,3/30/2001,SO96795,371,18977,10,1,1
6/6/2026,6/15/2003,SO96796,285,27778,6,1,1
5/24/2026,4/20/2002,SO96797,312,25635,5,1,2
7/22/2026,5/24/2004,SO96798,364,12746,6,1,1
3/2/2026,11/8/2004,SO96799,576,21391,9,1,1
1/30/2026,6/28/2002,SO96800,518,14985,9,1,1
4/8/2026,12/7/2001,SO96801,381,12046,10,1,2
7/24/2026,5/22/2004,SO96802,563,11376,4,1,2
12/23/2026,10/15/2002,SO96803,506,18592,1,1,2
12/14/2026,10/21/2002,SO96804,304,22316,3,1,2
12/14/2026,3/27/2004,SO96804,524,22316,3,2,2
12/14/2026,5/30/2002,SO96804,435,22316,3,3,1
10/22/2026,4/18/2001,SO96805,563,27912,10,1,1
10/22/2026,2/14/2003,SO96805,578,27912,10,2,2
12/31/2026,5/28/2004,SO96806,336,14520,5,1,1
8/30/2026,1/31/2004,SO96807,603,18214,7,1,1
8/30/2026,10/4/2003,SO96807,235,18214,7,2,2
8/30/2026,11/11/2003,SO96807,476,18214,7,3,3
12/23/2026,12/29/2004,SO96808,601,25669,9,1,1
7/4/2026,1/23/2002,SO96809,452,17319,5,1,1
2/3/2026,12/10/2001,SO96810,537,21209,5,1,1
6/29/2026,9/19/2004,SO96811,510,20150,9,1,1
10/18/2026,8/13/2001,SO96812,451,23378,9,1,2
5/12/2026,3/31/2003,SO96813,235,11293,2,1,1
5/16/2026,4/23/2004,SO96814,445,16464,6,1,1
4/21/2026,10/25/2002,SO96815,551,20314,10,1,1
4/1/2026,2/14/2001,SO96816,475,21502,4,1,2
2/6/2026,10/29/2004,SO96817,291,20987,2,1,1
2/6/2026,7/15/2001,SO96817,383,20987,2,2,2
10/7/2026,2/27/2003,SO96818,579,17520,5,1,1
4/15/2026,6/19/2001,SO96819,446,20866,1,1,2
8/4/2026,11/21/2004,SO96820,496,24044,10,1,2
3/23/2026,1/14/2004,SO96821,490,18586,6,1,1
3/23/2026,11/20/2001,SO96821,282,18586,6,2,1
5/3/2026,12/14/2002,SO96822,591,11397,8,1,2
5/3/2026,10/25/2001,SO96822,576,11397,8,2,2
6/23/2026,12/17/2001,SO96823,277,19119,2,1,1
3/10/2026,1/1/2004,SO96824,580,21987,10,1,2
8/18/2026,2/3/2003,SO96825,574,16331,7,1,1
5/28/2026,12/25/2003,SO96826,547,15450,1,1,3
7/30/2026,1/9/2001,SO96827,512,12634,8,1,1
12/16/2026,8/21/2002,SO96828,533,16753,7,1,1
2/9/2026,8/11/2001,SO96829,314,16541,8,1,1
9/20/2026,3/12/2003,SO96830,256,15456,9,1,2
1/3/2026,12/14/2002,SO96831,411,16844,10,1,3
11/23/2026,4/3/2004,SO96832,435,17151,6,1,2
5/24/2026,2/26/2002,SO96833,421,21984,2,1,2
9/6/2026,6/22/2004,SO96834,435,27126,10,1,1
7/3/2026,3/31/2001,SO96835,600,26799,2,1,2
7/3/2026,1/25/2003,SO96835,489,26799,2,2,2
3/17/2026,6/1/2004,SO96836,528,15521,9,1,1
1/25/2026,3/14/2001,SO96837,494,19892,8,1,2
8/23/2026,4/21/2004,SO96838,332,27540,1,1,1
5/4/2026,7/7/2001,SO96839,547,17267,4,1,1
5/4/2026,8/12/2001,SO96839,285,17267,4,2,1
6/12/2026,5/24/2003,SO96840,304,15014,2,1,1
12/11/2026,10/24/2001,SO96841,368,17620,10,1,1
5/26/2026,2/7/2003,SO96842,381,16495,6,1,1
5/26/2026,10/12/2004,SO96842,288,16495,6,2,2
3/25/2026,11/9/2002,SO96843,528,27057,9,1,1
6/12/2026,9/5/2003,SO96844,419,22200,2,1,1
8/6/2026,2/14/2002,SO96845,277,24014,4,1,1
3/24/2026,4/7/2001,SO96846,496,24445,8,1,2
12/8/2026,6/11/2003,SO96847,539,13633,8,1,2
12/18/2026,2/11/2003,SO96848,410,15372,8,1,1
8/2/2026,11/23/2002,SO96849,555,23624,3,1,1
1/13/2026,12/24/2002,SO96850,586,21067,5,1,1
4/24/2026,7/28/2004,SO96851,562,24992,4,1,1
7/22/2026,8/3/2004,SO96852,555,12799,7,1,2
8/18/2026,3/21/2003,SO96853,347,23915,10,1,2
3/26/2026,10/3/2002,SO96854,486,28027,10,1,3
3/10/2026,12/21/2002,SO96855,366,15109,10,1,1
3/10/2026,3/7/2001,SO96855,565,15109,10,2,2
7/1/2026,1/5/2001,SO96856,262,24719,6,1,3
2/26/2026,5/27/2001,SO96857,279,28335,8,1,1
10/25/2026,2/4/2002,SO96858,565,20321,4,1,3
12/25/2026,12/2/2004,SO96859,391,23742,5,1,1
12/25/2026,10/8/2002,SO96859,558,23742,5,2,2
12/25/2026,8/11/2002,SO96859,365,23742,5,3,1
6/1/2026,3/25/2003,SO96860,593,24227,5,1,3
5/20/2026,8/23/2003,SO96861,407,17820,8,1,1
5/20/2026,5/22/2003,SO96861,535,17820,8,2,1
8/28/2026,6/21/2003,SO96862,500,28139,9,1,1
10/25/2026,3/16/2003,SO96863,410,19319,10,1,3
5/28/2026,5/22/2004,SO96864,581,19398,7,1,1
11/10/2026,4/1/2001,SO96865,229,11018,9,1,1
1/1/2026,10/19/2002,SO96866,427,20715,4,1,2
7/2/2026,9/30/2004,SO96867,293,20571,3,1,1
1/11/2026,8/27/2002,SO96868,371,13577,10,1,2
1/11/2026,11/12/2004,SO96868,278,13577,10,2,1
7/31/2026,3/29/2001,SO96869,539,24107,3,1,2
2/6/2026,2/26/2004,SO96870,412,14997,1,1,2
11/8/2026,11/5/2001,SO96871,476,23873,6,1,2
3/12/2026,2/22/2004,SO96872,426,17701,4,1,3
3/12/2026,10/14/2002,SO96872,472,17701,4,2,2
12/13/2026,1/11/2002,SO96873,537,12102,7,1,1
12/13/2026,12/6/2002,SO96873,478,12102,7,2,1
6/12/2026,4/15/2001,SO96874,582,14432,4,1,1
1/13/2026,1/19/2001,SO96875,232,28848,6,1,1
9/28/2026,10/26/2003,SO96876,266,22378,4,1,1
8/13/2026,6/18/2002,SO96877,557,20671,6,1,3
3/3/2026,5/29/2004,SO96878,259,15271,8,1,2
3/3/2026,2/6/2002,SO96878,428,15271,8,2,2
11/10/2026,4/12/2002,SO96879,508,11084,9,1,1
1/29/2026,7/3/2003,SO96880,420,23477,3,1,1
12/14/2026,6/15/2001,SO96881,567,16546,5,1,1
3/26/2026,4/27/2001,SO96882,351,15446,1,1,1
4/12/2026,2/9/2004,SO96883,244,24069,5,1,2
11/30/2026,10/6/2001,SO96884,568,19763,6,1,1
11/30/2026,7/20/2001,SO96884,496,19763,6,2,2
9/10/2026,7/11/2002,SO96885,501,11762,6,1,3
6/8/2026,9/18/2001,SO96886,311,11895,3,1,2
9/28/2026,1/27/2001,SO96887,548,14731,7,1,1
3/26/2026,3/23/2001,SO96888,574,23293,10,1,1
1/8/2026,9/24/2004,SO96889,587,19163,4,1,1
5/7/2026,3/21/2002,SO96890,555,12203,5,1,1
6/10/2026,8/12/2004,SO96891,597,27196,6,1,2
3/17/2026,9/8/2004,SO96892,425,24715,1,1,1
11/2/2026,9/1/2002,SO96893,584,17889,4,1,1
11/2/2026,12/31/2001,SO96893,451,17889,4,2,1
1/18/2026,6/22/2003,SO96894,375,28035,4,1,1
9/1/2026,10/23/2003,SO96895,453,12522,2,1,2
9/1/2026,6/28/2002,SO96895,501,12522,2,2,1
7/30/2026,8/1/2001,SO96896,220,28910,1,1,1
7/30/2026,7/22/2004,SO96896,476,28910,1,2,1
7/30/2026,12/12/2003,SO96896,410,28910,1,3,1
4/5/2026,3/1/2002,SO96897,589,28181,5,1,2
1/17/2026,7/24/2003,SO96898,264,23062,3,1,2
5/9/2026,1/12/2002,SO96899,291,13322,3,1,2
10/15/2026,7/11/2002,SO96900,526,27387,3,1,2
7/16/2026,6/23/2003,SO96901,346,20906,6,1,1
3/4/2026,11/14/2004,SO96902,451,12885,10,1,1
3/4/2026,7/23/2002,SO96902,568,12885,10,2,1
3/4/2026,6/18/2003,SO96902,324,12885,10,3,2
3/2/2026,3/30/2001,SO96903,421,19626,1,1,1
3/2/2026,4/13/2001,SO96903,277,19626,1,2,3
9/10/2026,9/19/2004,SO96904,354,21061,6,1,1
2/21/2026,7/12/2001,SO96905,435,14627,9,1,1
8/5/2026,10/9/2001,SO96906,256,22877,9,1,1
5/25/2026,10/30/2003,SO96907,350,28935,5,1,2
7/28/2026,12/22/2002,SO96908,474,15398,6,1,1
8/27/2026,2/4/2001,SO96909,285,16434,2,1,1
4/18/2026,9/23/2002,SO96910,466,19306,5,1,2
12/5/2026,8/27/2002,SO96911,423,27281,9,1,2
12/5/2026,6/20/2002,SO96911,546,27281,9,2,1
12/5/2026,3/6/2002,SO96911,266,27281,9,3,2
8/6/2026,9/20/2002,SO96912,488,13808,9,1,1
8/6/2026,3/4/2001,SO96912,598,13808,9,2,1
6/8/2026,5/21/2004,SO96913,601,23046,1,1,1
5/3/2026,5/31/2003,SO96914,264,22275,4,1,2
7/28/2026,5/23/2003,SO96915,215,14066,8,1,2
3/17/2026,6/10/2003,SO96916,594,12459,9,1,1
2/10/2026,4/8/2002,SO96917,448,19357,5,1,1
9/13/2026,3/6/2001,SO96918,482,17070,7,1,2
9/13/2026,1/4/2004,SO96918,301,17070,7,2,1
5/7/2026,7/13/2001,SO96919,592,28255,1,1,1
1/12/2026,4/2/2004,SO96920,582,25557,2,1,2
8/14/2026,7/15/2004,SO96921,464,11013,7,1,2
8/14/2026,6/16/2002,SO96921,564,11013,7,2,1
9/1/2026,8/15/2002,SO96922,538,23641,5,1,1
4/14/2026,3/6/2004,SO96923,407,21318,2,1,1
11/18/2026,12/28/2003,SO96924,424,12110,7,1,1
11/25/2026,6/18/2001,SO96925,488,12875,3,1,1
4/11/2026,6/6/2004,SO96926,218,26830,10,1,2
8/13/2026,5/25/2004,SO96927,572,26959,1,1,1
8/13/2026,11/14/2001,SO96927,453,26959,1,2,1
6/23/2026,6/20/2003,SO96928,481,16261,3,1,1
6/23/2026,9/3/2001,SO96928,572,16261,3,2,1
6/23/2026,11/12/2003,SO96928,594,16261,3,3,2
9/23/2026,8/6/2004,SO96929,446,28124,5,1,1
1/24/2026,1/1/2003,SO96930,424,16177,2,1,2
11/5/2026,8/15/2002,SO96931,541,13061,4,1,1
11/5/2026,4/1/2001,SO96931,565,13061,4,2,1
11/5/2026,11/8/2001,SO96931,603,13061,4,3,1
5/10/2026,6/10/2002,SO96932,414,13534,5,1,2
12/4/2026,4/29/2004,SO96933,515,22607,10,1,1
12/4/2026,5/24/2002,SO96933,466,22607,10,2,2
1/23/2026,3/13/2004,SO96934,485,23649,9,1,1
1/23/2026,4/30/2001,SO96934,428,23649,9,2,1
10/24/2026,9/11/2003,SO96935,484,17804,6,1,2
8/16/2026,12/11/2003,SO96936,326,14044,5,1,2
5/26/2026,3/5/2001,SO96937,395,22650,9,1,2
3/9/2026,2/17/2003,SO96938,513,28511,4,1,1
4/13/2026,8/12/2002,SO96939,354,26690,8,1,3
5/26/2026,2/19/2001,SO96940,567,20901,2,1,3
3/20/2026,5/29/2004,SO96941,416,28083,4,1,1
2/14/2026,11/14/2002,SO96942,566,29226,10,1,1
4/12/2026,2/23/2004,SO96943,391,19766,9,1,1
11/7/2026,2/17/2001,SO96944,411,15174,1,1,2
11/7/2026,7/2/2004,SO96944,259,15174,1,2,2
1/13/2026,2/10/2004,SO96945,272,24702,7,1,3
1/31/2026,8/11/2001,SO96946,505,13041,5,1,1
10/24/2026,12/30/2001,SO96947,316,15482,8,1,2
10/24/2026,7/2/2002,SO96947,572,15482,8,2,2
11/23/2026,8/4/2002,SO96948,512,24439,9,1,1
6/4/2026,4/11/2003,SO96949,520,26352,8,1,2
11/18/2026,3/20/2002,SO96950,394,22050,10,1,2
11/18/2026,4/2/2001,SO96950,460,22050,10,2,1
3/7/2026,4/27/2001,SO96951,401,16012,7,1,1
3/7/2026,7/10/2003,SO96951,469,16012,7,2,1
5/1/2026,9/21/2001,SO96952,342,15947,3,1,3
9/14/2026,7/9/2001,SO96953,247,18368,5,1,1
8/22/2026,5/24/2004,SO96954,316,28959,3,1,3
1/7/2026,1/21/2003,SO96955,480,17520,8,1,2
1/7/2026,10/8/2003,SO96955,415,17520,8,2,1
8/2/2026,6/4/2004,SO96956,457,26244,9,1,3
10/13/2026,11/4/2001,SO96957,581,27973,8,1,1
6/29/2026,3/31/2003,SO96958,565,14352,1,1,1
3/26/2026,5/25/2003,SO96959,520,21943,2,1,1
4/13/2026,6/13/2003,SO96960,439,26753,9,1,1
6/25/2026,2/29/2004,SO96961,523,16352,9,1,2
1/14/2026,10/20/2002,SO96962,584,18659,5,1,1
6/5/2026,7/28/2001,SO96963,316,19868,3,1,2
8/26/2026,3/7/2002,SO96964,264,18894,5,1,2
2/14/2026,7/26/2001,SO96965,448,20925,10,1,2
2/14/2026,4/9/2003,SO96965,585,20925,10,2,1
11/18/2026,6/14/2003,SO96966,520,20498,1,1,3
6/19/2026,7/27/2002,SO96967,541,19984,7,1,2
11/16/2026,5/1/2001,SO96968,301,23198,2,1,2
3/15/2026,4/11/2004,SO96969,566,11714,10,1,1
6/5/2026,6/24/2002,SO96970,473,17136,1,1,2
6/5/2026,5/5/2001,SO96970,412,17136,1,2,1
3/21/2026,10/8/2002,SO96971,545,21533,10,1,2
1/29/2026,6/12/2003,SO96972,334,13794,5,1,1
11/3/2026,8/2/2001,SO96973,393,20746,2,1,2
1/3/2026,7/29/2001,SO96974,570,12181,5,1,1
4/11/2026,9/26/2004,SO96975,528,24993,5,1,1
5/18/2026,4/28/2002,SO96976,416,11007,8,1,2
5/18/2026,8/6/2003,SO96976,554,11007,8,2,2
5/25/2026,2/12/2003,SO96977,568,16786,9,1,2
4/20/2026,2/14/2003,SO96978,395,18997,8,1,1
9/11/2026,1/24/2002,SO96979,338,27434,5,1,2
9/11/2026,4/11/2004,SO96979,464,27434,5,2,1
9/22/2026,11/15/2004,SO96980,397,22102,2,1,1
8/23/2026,1/23/2003,SO96981,471,25916,1,1,2
8/7/2026,11/3/2001,SO96982,577,20300,6,1,1
11/15/2026,2/3/2003,SO96983,552,27689,10,1,2
7/9/2026,3/15/2003,SO96984,367,14088,7,1,1
9/30/2026,5/2/2004,SO96985,593,13707,9,1,1
7/18/2026,2/22/2003,SO96986,367,27328,9,1,2
7/10/2026,11/26/2003,SO96987,316,20933,5,1,1
7/10/2026,4/2/2004,SO96987,476,20933,5,2,2
4/11/2026,12/17/2003,SO96988,543,13702,7,1,1
12/20/2026,3/7/2004,SO96989,420,13033,3,1,2
6/22/2026,1/13/2004,SO96990,369,23175,9,1,1
10/29/2026,2/24/2001,SO96991,507,19371,10,1,2
9/14/2026,9/25/2002,SO96992,501,26038,2,1,1
1/31/2026,8/8/2003,SO96993,596,17555,6,1,1
5/11/2026,1/26/2004,SO96994,596,28614,5,1,2
7/23/2026,10/13/2004,SO96995,276,29466,7,1,2
4/17/2026,11/9/2001,SO96996,241,16419,9,1,2
6/21/2026,7/13/2004,SO96997,381,17861,8,1,1
9/29/2026,5/14/2002,SO96998,238,12713,10,1,1
9/9/2026,7/6/2001,SO96999,469,26640,2,1,1
2/23/2026,12/23/2001,SO97000,575,24545,6,1,2
2/23/2026,10/11/2001,SO97000,244,24545,6,2,1
4/13/2026,3/25/2002,SO97001,486,27719,4,1,2
7/3/2026,4/19/2004,SO97002,455,29247,4,1,1
7/3/2026,2/2/2004,SO97002,481,29247,4,2,3
8/20/2026,3/11/2001,SO97003,349,25478,3,1,3
4/23/2026,1/5/2003,SO97004,369,18954,6,1,1
4/23/2026,6/14/2003,SO97004,397,18954,6,2,1
12/18/2026,8/11/2002,SO97005,232,27460,6,1,1
12/18/2026,7/24/2002,SO97005,549,27460,6,2,1
9/7/2026,6/4/2001,SO97006,521,19041,4,1,1
5/17/2026,7/17/2004,SO97007,332,24828,5,1,1
1/6/2026,5/15/2002,SO97008,428,18676,1,1,1
3/20/2026,4/27/2004,SO97009,218,28171,7,1,3
3/20/2026,8/1/2002,SO97009,324,28171,7,2,1
3/20/2026,8/7/2001,SO97009,410,28171,7,3,1
3/27/2026,6/1/2001,SO97010,413,18670,4,1,1
3/27/2026,10/10/2003,SO97010,387,18670,4,2,1
5/22/2026,7/12/2003,SO97011,419,29020,3,1,2
5/22/2026,6/16/2003,SO97011,345,29020,3,2,1
5/22/2026,3/11/2003,SO97011,235,29020,3,3,2
3/11/2026,10/26/2003,SO97012,565,24186,4,1,2
3/5/2026,2/17/2002,SO97013,223,16700,5,1,1
3/20/2026,2/14/2002,SO97014,555,29075,5,1,3
4/12/2026,3/21/2004,SO97015,596,19991,8,1,1
4/3/2026,3/22/2003,SO97016,220,13922,2,1,1
7/9/2026,1/26/2003,SO97017,480,25414,5,1,2
1/31/2026,4/13/2004,SO97018,392,14791,6,1,2
9/21/2026,6/4/2002,SO97019,218,22338,1,1,1
9/14/2026,10/19/2003,SO97020,423,28570,10,1,1
9/14/2026,10/12/2001,SO97020,429,28570,10,2,2
2/23/2026,5/26/2001,SO97021,577,21204,10,1,2
2/23/2026,12/12/2002,SO97021,559,21204,10,2,1
5/3/2026,9/17/2004,SO97022,318,15990,6,1,1
5/11/2026,9/6/2002,SO97023,317,27965,1,1,1
5/11/2026,3/13/2004,SO97023,573,27965,1,2,1
12/28/2026,5/26/2002,SO97024,462,17173,6,1,2
1/18/2026,11/29/2003,SO97025,594,17710,5,1,1
6/8/2026,10/30/2003,SO97026,417,15586,3,1,2
8/28/2026,7/19/2001,SO97027,526,14009,6,1,2
8/28/2026,12/10/2001,SO97027,367,14009,6,2,1
12/30/2026,7/1/2002,SO97028,235,21363,2,1,1
5/8/2026,10/13/2004,SO97029,580,15990,5,1,1
5/8/2026,2/28/2003,SO97029,565,15990,5,2,2
4/16/2026,6/29/2001,SO97030,529,20312,2,1,2
5/8/2026,10/21/2001,SO97031,460,20714,10,1,1
7/23/2026,10/5/2004,SO97032,391,23920,4,1,2
7/23/2026,9/8/2004,SO97032,500,23920,4,2,1
7/23/2026,4/17/2002,SO97032,471,23920,4,3,1
8/7/2026,9/15/2002,SO97033,596,28356,8,1,2
6/12/2026,9/18/2002,SO97034,368,28943,6,1,1
1/7/2026,7/12/2001,SO97035,451,18274,2,1,1
1/7/2026,8/30/2002,SO97035,582,18274,2,2,2
4/8/2026,10/20/2003,SO97036,318,20802,2,1,2
12/15/2026,6/4/2002,SO97037,314,15816,5,1,2
4/11/2026,2/10/2002,SO97038,452,18404,7,1,2
12/9/2026,8/4/2002,SO97039,458,25467,10,1,1
12/4/2026,9/13/2004,SO97040,422,11503,4,1,2
9/26/2026,11/18/2003,SO97041,220,13014,3,1,3
3/9/2026,5/24/2003,SO97042,556,14364,10,1,1
3/9/2026,1/15/2002,SO97042,443,14364,10,2,2
9/8/2026,8/2/2002,SO97043,401,11206,4,1,1
5/31/2026,8/15/2003,SO97044,501,19047,8,1,1
7/21/2026,7/27/2004,SO97045,293,23381,2,1,2
7/21/2026,11/22/2001,SO97045,482,23381,2,2,1
10/6/2026,10/11/2003,SO97046,218,15842,4,1,1
6/11/2026,12/29/2003,SO97047,517,17528,3,1,1
4/8/2026,11/30/2003,SO97048,299,12079,10,1,2
4/8/2026,1/1/2004,SO97048,479,12079,10,2,1
3/18/2026,7/16/2004,SO97049,232,25470,6,1,1
1/8/2026,4/4/2004,SO97050,414,14180,2,1,1
1/8/2026,12/19/2003,SO97050,253,14180,2,2,1
12/7/2026,4/14/2001,SO97051,507,25780,4,1,1
12/7/2026,11/16/2004,SO97051,316,25780,4,2,2
11/7/2026,12/17/2004,SO97052,483,14253,5,1,1
3/16/2026,9/27/2003,SO97053,350,26725,7,1,1
6/22/2026,1/15/2004,SO97054,410,15395,10,1,2
6/22/2026,11/20/2002,SO97054,492,15395,10,2,2
12/17/2026,12/14/2003,SO97055,579,23796,1,1,2
9/30/2026,12/30/2004,SO97056,282,12901,3,1,1
2/9/2026,1/3/2004,SO97057,484,16268,2,1,1
3/1/2026,6/3/2002,SO97058,546,19736,10,1,2
3/1/2026,10/20/2004,SO97058,507,19736,10,2,1
3/1/2026,6/14/2001,SO97058,368,19736,10,3,1
3/21/2026,5/15/2002,SO97059,558,19263,5,1,1
9/4/2026,1/29/2004,SO97060,367,19060,10,1,1
9/4/2026,9/5/2004,SO97060,336,19060,10,2,1
11/9/2026,5/14/2001,SO97061,312,28767,5,1,1
10/5/2026,4/18/2001,SO97062,504,20707,2,1,3
3/6/2026,9/8/2004,SO97063,473,28905,3,1,2
3/6/2026,8/12/2003,SO97063,509,28905,3,2,1
12/19/2026,12/10/2002,SO97064,350,21901,2,1,1
10/17/2026,2/8/2004,SO97065,218,19747,8,1,2
8/25/2026,7/30/2002,SO97066,395,28931,5,1,3
3/4/2026,1/27/2002,SO97067,379,20668,7,1,2
3/4/2026,8/4/2003,SO97067,598,20668,7,2,1
2/7/2026,9/16/2003,SO97068,548,16299,2,1,1
7/4/2026,11/7/2003,SO97069,572,14122,6,1,1
7/4/2026,7/11/2004,SO97069,576,14122,6,2,1
7/4/2026,9/6/2001,SO97069,549,14122,6,3,2
2/21/2026,11/7/2003,SO97070,315,13758,7,1,3
2/21/2026,11/18/2003,SO97070,293,13758,7,2,1
2/21/2026,11/10/2002,SO97070,322,13758,7,3,2
5/18/2026,12/10/2001,SO97071,342,20816,1,1,1
8/22/2026,1/31/2001,SO97072,590,13254,3,1,1
5/16/2026,12/8/2002,SO97073,560,23552,9,1,2
11/19/2026,5/21/2002,SO97074,512,26011,1,1,1
5/9/2026,3/9/2003,SO97075,584,17834,9,1,3
4/16/2026,2/7/2002,SO97076,452,28358,5,1,1
5/16/2026,2/22/2002,SO97077,585,21288,7,1,1
12/11/2026,10/3/2002,SO97078,277,11636,8,1,1
6/18/2026,8/9/2004,SO97079,370,16053,10,1,2
5/29/2026,12/10/2002,SO97080,364,14402,6,1,2
5/25/2026,8/30/2002,SO97081,474,12278,5,1,1
10/22/2026,5/7/2001,SO97082,495,26653,2,1,1
3/16/2026,3/6/2002,SO97083,409,16259,9,1,2
10/1/2026,10/29/2003,SO97084,437,12764,1,1,2
5/24/2026,3/31/2001,SO97085,524,20101,1,1,2
11/10/2026,4/15/2001,SO97086,571,19466,2,1,1
11/10/2026,5/21/2002,SO97086,351,19466,2,2,2
4/28/2026,9/7/2003,SO97087,565,11322,5,1,1
5/29/2026,5/10/2004,SO97088,589,11839,2,1,1
8/20/2026,5/14/2004,SO97089,453,19868,6,1,1
2/14/2026,7/10/2004,SO97090,453,24023,5,1,2
5/10/2026,4/18/2004,SO97091,566,12008,2,1,2
8/19/2026,3/25/2002,SO97092,549,25011,6,1,2
9/27/2026,8/12/2003,SO97093,524,21619,2,1,3
2/15/2026,11/7/2003,SO97094,367,15672,6,1,2
2/15/2026,7/2/2003,SO97094,226,15672,6,2,3
5/11/2026,10/26/2003,SO97095,310,19161,8,1,1
2/10/2026,5/10/2003,SO97096,447,15589,3,1,1
6/26/2026,5/2/2004,SO97097,447,19700,7,1,2
6/26/2026,11/29/2001,SO97097,555,19700,7,2,2
4/5/2026,12/7/2002,SO97098,491,17770,8,1,1
6/8/2026,10/11/2003,SO97099,219,28283,4,1,2
12/2/2026,5/1/2003,SO97100,450,14670,2,1,1
12/2/2026,8/15/2003,SO97100,507,14670,2,2,1
10/15/2026,9/1/2003,SO97101,300,24528,7,1,2
7/18/2026,3/21/2004,SO97102,582,26952,8,1,1
12/15/2026,7/21/2004,SO97103,544,29206,7,1,1
12/15/2026,3/8/2003,SO97103,414,29206,7,2,2
12/15/2026,3/22/2003,SO97103,292,29206,7,3,1
8/22/2026,12/18/2004,SO97104,375,16849,8,1,1
11/2/2026,10/19/2002,SO97105,291,16858,2,1,3
11/29/2026,5/6/2001,SO97106,365,26466,2,1,1
2/13/2026,11/1/2003,SO97107,429,12734,7,1,3
12/21/2026,4/11/2003,SO97108,350,25684,10,1,1
12/21/2026,4/30/2003,SO97108,469,25684,10,2,3
4/1/2026,12/8/2004,SO97109,277,23059,1,1,1
8/9/2026,3/17/2002,SO97110,565,21755,4,1,1
8/9/2026,2/13/2004,SO97110,362,21755,4,2,1
9/1/2026,1/23/2002,SO97111,576,16177,1,1,1
9/1/2026,3/22/2004,SO97111,478,16177,1,2,1
9/1/2026,7/9/2001,SO97111,420,16177,1,3,2
2/12/2026,8/15/2001,SO97112,529,21527,2,1,1
5/25/2026,11/21/2001,SO97113,531,27825,1,1,2
4/24/2026,3/21/2001,SO97114,332,14476,5,1,1
5/28/2026,4/2/2003,SO97115,496,12773,3,1,1
6/27/2026,4/21/2002,SO97116,517,25786,10,1,2
9/4/2026,2/27/2001,SO97117,244,20034,9,1,1
11/20/2026,11/23/2004,SO97118,576,21571,7,1,1
3/3/2026,2/21/2002,SO97119,549,15243,1,1,1
8/1/2026,5/8/2004,SO97120,399,20373,7,1,1
3/16/2026,12/17/2004,SO97121,518,27350,7,1,2
2/14/2026,2/26/2003,SO97122,437,22000,9,1,2
2/14/2026,2/22/2003,SO97122,317,22000,9,2,1
4/27/2026,10/9/2001,SO97123,496,24649,10,1,1
2/6/2026,8/22/2001,SO97124,268,15243,6,1,1
2/6/2026,5/9/2002,SO97124,428,15243,6,2,1
5/2/2026,5/4/2001,SO97125,522,28500,3,1,2
9/11/2026,6/13/2004,SO97126,454,17545,9,1,1
9/14/2026,11/30/2002,SO97127,459,22370,1,1,1
8/14/2026,2/14/2002,SO97128,561,11356,2,1,1
4/8/2026,10/19/2002,SO97129,462,25198,9,1,1
11/8/2026,3/11/2001,SO97130,469,24647,10,1,1
4/28/2026,7/25/2004,SO97131,495,21511,6,1,1
3/15/2026,9/6/2003,SO97132,423,18072,2,1,1
2/4/2026,8/15/2004,SO97133,580,24456,8,1,1
5/17/2026,4/12/2003,SO97134,313,20133,7,1,1
5/17/2026,3/9/2001,SO97134,480,20133,7,2,1
5/17/2026,11/4/2001,SO97134,583,20133,7,3,2
9/22/2026,1/10/2001,SO97135,577,11549,3,1,2
9/22/2026,11/22/2002,SO97135,501,11549,3,2,2
9/22/2026,5/24/2001,SO97135,549,11549,3,3,1
11/7/2026,7/1/2003,SO97136,324,27482,7,1,2
11/7/2026,3/26/2003,SO97136,320,27482,7,2,1
11/7/2026,6/29/2001,SO97136,501,27482,7,3,1
12/28/2026,3/30/2001,SO97137,595,20359,5,1,1
12/3/2026,3/21/2003,SO97138,336,24101,5,1,1
3/8/2026,10/1/2002,SO97139,573,25495,10,1,2
3/8/2026,8/31/2003,SO97139,507,25495,10,2,1
3/8/2026,8/27/2002,SO97139,581,25495,10,3,1
6/28/2026,12/23/2003,SO97140,413,19839,9,1,1
8/17/2026,3/9/2001,SO97141,300,29125,10,1,2
3/10/2026,2/26/2002,SO97142,542,21600,9,1,1
12/8/2026,12/13/2001,SO97143,439,25265,9,1,1
12/26/2026,10/26/2003,SO97144,365,22177,1,1,2
2/9/2026,2/5/2003,SO97145,275,11897,4,1,2
5/14/2026,6/12/2004,SO97146,383,28916,7,1,2
6/26/2026,10/14/2003,SO97147,330,24856,1,1,2
7/25/2026,10/27/2003,SO97148,557,14832,9,1,2
11/29/2026,7/10/2004,SO97149,592,20953,3,1,2
11/14/2026,5/21/2004,SO97150,285,18200,5,1,1
12/3/2026,12/4/2002,SO97151,419,20227,4,1,3
12/3/2026,12/9/2002,SO97151,377,20227,4,2,3
1/25/2026,9/23/2004,SO97152,544,15834,6,1,1
11/26/2026,11/25/2004,SO97153,484,11321,7,1,2
12/29/2026,9/24/2004,SO97154,424,21131,10,1,1
5/28/2026,12/12/2002,SO97155,219,18323,3,1,2
8/22/2026,5/30/2004,SO97156,550,13280,10,1,1
1/24/2026,1/21/2004,SO97157,520,20593,2,1,1
11/30/2026,12/10/2002,SO97158,320,24338,8,1,2
3/15/2026,4/5/2004,SO97159,347,21762,4,1,1
3/15/2026,6/20/2004,SO97159,546,21762,4,2,2
3/18/2026,2/22/2004,SO97160,332,20460,1,1,1
11/18/2026,10/28/2003,SO97161,347,12220,2,1,1
11/18/2026,1/21/2004,SO97161,524,12220,2,2,2
10/22/2026,1/9/2001,SO97162,427,27784,3,1,3
5/13/2026,5/9/2004,SO97163,319,26207,8,1,1
3/15/2026,4/22/2002,SO97164,449,22564,9,1,2
6/12/2026,5/10/2002,SO97165,411,28432,1,1,2
1/6/2026,11/28/2003,SO97166,546,18998,1,1,2
10/25/2026,9/24/2001,SO97167,345,13525,5,1,1
3/19/2026,2/11/2003,SO97168,433,20094,8,1,1
3/19/2026,11/8/2003,SO97168,425,20094,8,2,1
3/19/2026,7/5/2001,SO97168,606,20094,8,3,1
4/7/2026,12/22/2004,SO97169,277,21491,3,1,2
5/21/2026,1/17/2002,SO97170,399,14985,2,1,2
2/21/2026,1/3/2002,SO97171,537,29343,6,1,1
1/31/2026,8/19/2002,SO97172,340,28098,8,1,2
1/31/2026,12/24/2003,SO97172,455,28098,8,2,1
1/31/2026,11/2/2003,SO97172,523,28098,8,3,2
5/3/2026,5/23/2003,SO97173,387,25264,9,1,1
10/30/2026,4/22/2003,SO97174,319,18406,5,1,1
5/7/2026,3/3/2001,SO97175,552,16486,2,1,3
6/11/2026,10/10/2004,SO97176,588,13212,9,1,1
11/6/2026,1/2/2004,SO97177,585,21927,8,1,2
3/1/2026,9/29/2002,SO97178,437,15622,1,1,1
5/30/2026,5/9/2004,SO97179,598,28711,1,1,1
4/24/2026,2/20/2002,SO97180,446,15450,10,1,3
4/24/2026,7/11/2002,SO97180,394,15450,10,2,1
8/26/2026,7/19/2002,SO97181,605,17810,7,1,1
12/4/2026,6/26/2003,SO97182,373,26107,2,1,1
7/9/2026,7/24/2002,SO97183,580,26913,9,1,1
12/22/2026,1/11/2001,SO97184,550,20804,9,1,2
12/22/2026,9/28/2003,SO97184,534,20804,9,2,1
10/16/2026,9/29/2001,SO97185,241,12069,1,1,1
10/16/2026,3/29/2004,SO97185,552,12069,1,2,1
5/19/2026,12/22/2001,SO97186,394,20539,2,1,2
5/3/2026,2/4/2003,SO97187,279,20132,10,1,1
11/1/2026,1/29/2002,SO97188,564,27717,1,1,2
12/15/2026,8/10/2002,SO97189,370,15808,2,1,2
8/30/2026,12/4/2002,SO97190,536,21181,2,1,1
4/24/2026,7/15/2001,SO97191,445,17261,7,1,2
9/30/2026,12/12/2003,SO97192,516,12527,5,1,2
4/24/2026,10/29/2003,SO97193,356,19027,3,1,1
12/8/2026,2/15/2001,SO97194,545,26674,4,1,1
4/27/2026,9/3/2003,SO97195,532,17403,4,1,2
9/22/2026,1/23/2001,SO97196,336,25619,6,1,2
9/22/2026,12/27/2004,SO97196,431,25619,6,2,2
6/25/2026,2/17/2004,SO97197,282,17140,3,1,1
11/22/2026,5/30/2001,SO97198,451,17045,3,1,1
4/26/2026,8/13/2004,SO97199,543,27752,2,1,1
1/25/2026,4/6/2003,SO97200,475,14749,2,1,2
6/12/2026,2/20/2001,SO97201,291,15476,6,1,1
1/13/2026,6/14/2001,SO97202,379,29032,2,1,1
1/13/2026,5/9/2002,SO97202,214,29032,2,2,2
1/13/2026,1/7/2003,SO97202,320,29032,2,3,1
4/18/2026,11/15/2003,SO97203,466,13499,4,1,2
3/12/2026,10/8/2001,SO97204,548,16441,10,1,2
8/13/2026,9/18/2004,SO97205,288,15376,1,1,1
6/13/2026,10/27/2002,SO97206,449,25116,6,1,2
10/5/2026,12/1/2003,SO97207,542,27972,6,1,2
8/30/2026,6/8/2003,SO97208,595,13254,3,1,1
8/6/2026,5/24/2002,SO97209,300,16124,5,1,1
5/21/2026,3/20/2001,SO97210,575,17941,4,1,1
5/21/2026,5/28/2004,SO97210,399,17941,4,2,2
5/21/2026,8/16/2001,SO97210,534,17941,4,3,1
12/25/2026,12/15/2003,SO97211,311,20419,1,1,3
8/15/2026,8/23/2004,SO97212,532,13544,5,1,1
4/8/2026,4/23/2004,SO97213,322,12091,5,1,1
10/16/2026,6/23/2002,SO97214,270,16168,8,1,2
3/29/2026,6/4/2004,SO97215,313,18825,5,1,2
7/27/2026,4/19/2004,SO97216,513,24885,2,1,1
9/15/2026,12/16/2001,SO97217,473,24156,9,1,1
5/7/2026,10/14/2002,SO97218,291,23389,4,1,1
5/7/2026,1/10/2003,SO97218,428,23389,4,2,2
5/7/2026,5/30/2004,SO97218,426,23389,4,3,2
4/3/2026,1/12/2002,SO97219,425,24923,9,1,2
4/3/2026,12/13/2001,SO97219,311,24923,9,2,1
12/9/2026,7/10/2002,SO97220,604,25507,3,1,1
12/17/2026,9/11/2003,SO97221,334,26885,1,1,1
12/17/2026,8/26/2003,SO97221,534,26885,1,2,1
12/17/2026,7/27/2001,SO97221,471,26885,1,3,2
6/8/2026,2/8/2003,SO97222,410,15226,4,1,3
8/5/2026,7/8/2003,SO97223,427,18418,3,1,1
7/13/2026,1/11/2001,SO97224,417,19923,9,1,3
7/13/2026,8/5/2001,SO97224,560,19923,9,2,3
7/13/2026,3/9/2002,SO97224,475,19923,9,3,2
8/21/2026,4/19/2004,SO97225,505,24416,6,1,2
4/15/2026,12/1/2001,SO97226,264,14150,2,1,1
9/8/2026,10/13/2001,SO97227,568,26728,4,1,3
9/8/2026,7/24/2001,SO97227,561,26728,4,2,1
4/16/2026,2/28/2002,SO97228,515,20191,1,1,2
12/1/2026,3/6/2001,SO97229,585,23305,8,1,1
5/22/2026,12/19/2004,SO97230,336,12291,1,1,1
5/22/2026,6/30/2004,SO97230,459,12291,1,2,2
7/14/2026,6/24/2001,SO97231,551,29060,4,1,2
11/2/2026,8/22/2001,SO97232,540,11795,7,1,1
6/22/2026,4/27/2003,SO97233,383,24474,9,1,1
10/15/2026,9/21/2002,SO97234,241,25853,3,1,2
1/15/2026,12/22/2003,SO97235,441,16953,7,1,1
9/1/2026,7/6/2004,SO97236,219,22238,4,1,1
12/15/2026,11/20/2002,SO97237,399,18314,5,1,1
2/23/2026,7/2/2004,SO97238,342,16828,9,1,2
2/23/2026,9/28/2002,SO97238,416,16828,9,2,1
5/5/2026,1/28/2003,SO97239,547,22408,9,1,2
6/26/2026,5/10/2001,SO97240,508,11943,4,1,2
12/1/2026,2/26/2002,SO97241,275,11191,9,1,1
12/26/2026,11/26/2001,SO97242,482,17083,1,1,1
5/13/2026,8/21/2002,SO97243,314,12283,7,1,2
9/7/2026,6/18/2003,SO97244,450,19303,9,1,2
9/7/2026,7/7/2001,SO97244,336,19303,9,2,1
5/12/2026,9/21/2002,SO97245,311,24605,5,1,1
1/13/2026,11/23/2004,SO97246,424,26600,2,1,1
4/5/2026,7/2/2001,SO97247,443,11317,5,1,1
7/11/2026,10/14/2001,SO97248,593,20472,8,1,1
1/14/2026,12/6/2002,SO97249,334,15157,1,1,1
1/14/2026,6/19/2003,SO97249,259,15157,1,2,2
1/21/2026,3/12/2002,SO97250,557,27491,6,1,1
5/23/2026,9/14/2003,SO97251,338,20845,10,1,1
11/28/2026,7/13/2002,SO97252,277,22807,5,1,3
3/5/2026,4/5/2002,SO97253,405,27764,8,1,1
12/17/2026,10/19/2004,SO97254,571,29009,10,1,1
5/19/2026,6/16/2004,SO97255,411,14233,4,1,1
11/12/2026,11/4/2004,SO97256,531,26718,8,1,1
9/22/2026,11/24/2004,SO97257,477,25059,6,1,1
4/10/2026,6/9/2002,SO97258,420,23439,10,1,1
4/10/2026,12/5/2003,SO97258,340,23439,10,2,1
6/26/2026,10/23/2004,SO97259,523,14359,1,1,1
9/14/2026,10/5/2004,SO97260,433,19376,6,1,1
5/16/2026,3/11/2002,SO97261,307,23170,8,1,1
3/11/2026,10/5/2002,SO97262,520,24325,2,1,1
9/11/2026,10/3/2002,SO97263,576,18119,10,1,2
12/15/2026,3/18/2001,SO97264,441,20762,6,1,1
1/25/2026,10/22/2003,SO97265,475,21308,10,1,2
1/25/2026,9/26/2004,SO97265,340,21308,10,2,1
2/6/2026,6/25/2004,SO97266,555,27196,10,1,3
11/7/2026,11/21/2003,SO97267,336,19729,7,1,1
10/25/2026,12/30/2004,SO97268,540,15144,7,1,2
8/14/2026,11/26/2004,SO97269,496,18476,9,1,1
8/31/2026,8/7/2003,SO97270,512,22090,2,1,2
11/8/2026,2/23/2004,SO97271,597,20397,8,1,1
9/16/2026,9/17/2001,SO97272,486,24078,10,1,1
7/7/2026,8/2/2003,SO97273,445,25553,5,1,1
5/9/2026,3/12/2004,SO97274,601,15483,5,1,2
1/28/2026,8/19/2002,SO97275,296,18405,7,1,2
5/24/2026,12/2/2002,SO97276,476,29013,3,1,1
5/24/2026,10/4/2004,SO97276,301,29013,3,2,2
9/24/2026,6/23/2002,SO97277,567,19304,5,1,1
9/24/2026,7/2/2001,SO97277,292,19304,5,2,1
8/23/2026,2/9/2002,SO97278,419,16317,4,1,2
11/2/2026,4/18/2001,SO97279,486,17066,4,1,1
4/14/2026,2/25/2002,SO97280,365,29147,2,1,2
2/18/2026,7/10/2001,SO97281,497,19329,10,1,2
5/6/2026,2/23/2002,SO97282,477,20515,6,1,1
4/18/2026,12/4/2003,SO97283,373,29262,5,1,1
4/18/2026,1/28/2003,SO97283,529,29262,5,2,2
4/14/2026,10/23/2004,SO97284,512,26377,5,1,1
10/26/2026,8/26/2004,SO97285,490,17021,1,1,1
10/27/2026,3/25/2001,SO97286,476,25004,8,1,1
10/27/2026,2/1/2002,SO97286,556,25004,8,2,1
10/27/2026,5/11/2004,SO97286,550,25004,8,3,2
3/25/2026,7/19/2004,SO97287,360,26124,6,1,2
5/1/2026,10/27/2003,SO97288,358,19629,2,1,1
2/6/2026,7/27/2002,SO97289,470,21822,6,1,1
2/6/2026,8/31/2002,SO97289,299,21822,6,2,2
2/6/2026,2/22/2001,SO97289,439,21822,6,3,2
1/19/2026,5/17/2003,SO97290,411,24356,10,1,2
5/31/2026,6/3/2001,SO97291,468,23471,5,1,3
5/31/2026,7/20/2003,SO97291,572,23471,5,2,1
3/17/2026,3/7/2001,SO97292,525,15030,10,1,1
5/2/2026,6/1/2002,SO97293,324,25256,4,1,1
5/2/2026,6/29/2004,SO97293,427,25256,4,2,1
10/31/2026,9/14/2004,SO97294,582,18989,3,1,2
9/1/2026,10/13/2004,SO97295,356,25636,6,1,2
11/7/2026,3/28/2003,SO97296,509,12289,2,1,1
7/7/2026,9/21/2002,SO97297,315,19520,10,1,1
4/11/2026,10/20/2003,SO97298,318,14546,8,1,1
12/12/2026,6/21/2004,SO97299,276,19993,2,1,1
6/7/2026,8/14/2004,SO97300,275,18715,8,1,2
10/14/2026,2/3/2002,SO97301,552,26146,4,1,1
10/14/2026,10/3/2002,SO97301,535,26146,4,2,2
3/4/2026,10/20/2004,SO97302,422,15301,3,1,1
12/21/2026,2/2/2001,SO97303,564,19300,7,1,1
3/12/2026,9/22/2001,SO97304,590,17987,3,1,2
12/10/2026,12/6/2001,SO97305,358,15829,2,1,1
12/10/2026,1/24/2004,SO97305,540,15829,2,2,1
6/5/2026,7/18/2003,SO97306,480,14912,3,1,1
1/30/2026,4/10/2003,SO97307,490,11602,8,1,1
1/30/2026,10/20/2002,SO97307,580,11602,8,2,2
9/24/2026,10/18/2003,SO97308,458,18728,3,1,2
4/28/2026,1/30/2002,SO97309,499,23422,2,1,2
9/30/2026,9/20/2001,SO97310,414,25987,3,1,2
7/2/2026,8/2/2002,SO97311,540,17787,7,1,1
4/25/2026,1/2/2003,SO97312,394,12646,9,1,1
4/25/2026,5/7/2004,SO97312,348,12646,9,2,2
6/4/2026,12/23/2004,SO97313,401,17081,10,1,2
11/6/2026,9/14/2002,SO97314,383,13247,4,1,2
3/26/2026,7/24/2001,SO97315,424,20427,1,1,2
10/9/2026,4/3/2003,SO97316,598,11701,9,1,2
3/1/2026,1/21/2004,SO97317,425,24682,5,1,2
8/25/2026,12/11/2001,SO97318,285,28723,1,1,2
12/28/2026,1/13/2004,SO97319,352,22359,8,1,1
4/3/2026,1/20/2001,SO97320,459,19490,10,1,1
8/2/2026,10/26/2004,SO97321,278,11447,10,1,1
12/16/2026,6/14/2004,SO97322,585,11939,10,1,1
4/21/2026,11/7/2002,SO97323,557,17877,5,1,1
9/1/2026,1/18/2004,SO97324,215,15916,3,1,2
9/6/2026,12/28/2002,SO97325,311,23440,3,1,2
7/15/2026,10/31/2004,SO97326,551,22480,8,1,2
2/22/2026,5/5/2001,SO97327,477,28131,9,1,3
2/3/2026,7/3/2001,SO97328,601,17681,9,1,1
11/6/2026,1/19/2003,SO97329,377,16084,2,1,2
2/3/2026,10/8/2004,SO97330,299,28376,4,1,1
3/14/2026,10/3/2004,SO97331,471,19869,4,1,2
3/14/2026,6/17/2004,SO97331,346,19869,4,2,2
6/7/2026,3/14/2004,SO97332,307,13292,3,1,2
4/16/2026,10/20/2003,SO97333,223,12456,1,1,3
2/18/2026,6/3/2003,SO97334,576,19339,7,1,3
3/5/2026,10/12/2001,SO97335,448,12975,9,1,2
5/3/2026,2/9/2003,SO97336,524,17385,7,1,2
12/23/2026,11/12/2002,SO97337,445,14531,6,1,1
1/10/2026,10/18/2003,SO97338,256,13124,9,1,2
6/2/2026,4/15/2003,SO97339,395,25840,4,1,1
4/22/2026,1/1/2004,SO97340,330,13849,1,1,2
8/29/2026,6/16/2002,SO97341,405,27788,1,1,2
1/15/2026,12/17/2003,SO97342,528,15631,8,1,2
6/11/2026,12/7/2004,SO97343,506,18331,7,1,2
5/30/2026,5/27/2003,SO97344,547,21594,6,1,1
5/10/2026,4/16/2001,SO97345,549,20087,8,1,2
5/18/2026,2/24/2002,SO97346,460,16847,3,1,1
3/14/2026,8/30/2003,SO97347,219,15849,6,1,2
2/4/2026,8/22/2003,SO97348,345,21804,6,1,2
1/7/2026,3/7/2004,SO97349,235,25253,4,1,1
1/7/2026,7/30/2002,SO97349,300,25253,4,2,1
1/7/2026,10/15/2004,SO97349,389,25253,4,3,1
11/22/2026,12/28/2002,SO97350,316,13135,9,1,2
11/22/2026,3/27/2004,SO97350,577,13135,9,2,2
2/25/2026,6/14/2003,SO97351,488,12816,10,1,2
6/22/2026,10/15/2002,SO97352,598,24728,6,1,2
1/13/2026,4/15/2004,SO97353,544,28666,10,1,2
4/27/2026,3/16/2002,SO97354,518,15045,3,1,1
9/15/2026,10/28/2004,SO97355,324,24852,4,1,2
1/20/2026,6/3/2003,SO97356,489,16017,2,1,1
1/29/2026,12/7/2003,SO97357,214,15531,3,1,3
8/9/2026,3/28/2002,SO97358,473,23562,5,1,1
5/10/2026,7/28/2001,SO97359,486,11799,10,1,2
1/13/2026,6/17/2004,SO97360,371,16962,7,1,1
8/9/2026,11/10/2003,SO97361,594,26015,8,1,2
8/9/2026,10/19/2002,SO97361,452,26015,8,2,2
2/4/2026,9/10/2001,SO97362,278,20965,4,1,1
6/26/2026,11/28/2001,SO97363,604,26629,1,1,2
3/21/2026,2/13/2003,SO97364,499,23164,9,1,2
12/9/2026,1/17/2002,SO97365,558,25031,3,1,1
8/20/2026,11/4/2002,SO97366,503,13538,1,1,1
8/20/2026,10/28/2003,SO97367,379,15169,3,1,3
10/2/2026,3/9/2004,SO97368,441,26489,9,1,3
10/2/2026,5/20/2003,SO97368,226,26489,9,2,1
12/9/2026,5/11/2001,SO97369,479,14927,9,1,1
12/9/2026,5/27/2002,SO97369,266,14927,9,2,2
12/9/2026,5/17/2003,SO97369,291,14927,9,3,1
3/26/2026,10/25/2002,SO97370,300,27680,6,1,1
12/22/2026,6/5/2004,SO97371,498,13851,10,1,1
11/19/2026,5/16/2002,SO97372,502,16516,2,1,2
11/19/2026,5/23/2003,SO97372,525,16516,2,2,1
2/4/2026,1/30/2002,SO97373,277,22598,6,1,2
6/30/2026,1/24/2002,SO97374,540,21068,8,1,1
4/15/2026,6/14/2001,SO97375,433,11988,1,1,1
4/15/2026,5/19/2002,SO97375,602,11988,1,2,2
2/24/2026,9/27/2003,SO97376,394,22817,7,1,1
5/4/2026,11/23/2002,SO97377,572,16872,8,1,2
5/4/2026,4/11/2004,SO97377,421,16872,8,2,2
12/18/2026,10/20/2004,SO97378,486,26291,6,1,1
2/5/2026,8/15/2003,SO97379,379,23146,7,1,1
10/25/2026,10/4/2002,SO97380,414,11525,9,1,1
10/26/2026,9/15/2001,SO97381,350,22964,4,1,1
10/26/2026,4/19/2001,SO97381,371,22964,4,2,2
10/1/2026,2/9/2002,SO97382,577,16046,6,1,1
7/7/2026,2/9/2002,SO97383,413,11938,3,1,2
1/15/2026,9/3/2001,SO97384,517,19156,10,1,1
6/12/2026,7/3/2003,SO97385,483,27457,8,1,1
4/23/2026,1/22/2003,SO97386,460,21548,7,1,2
8/17/2026,7/20/2002,SO97387,582,14676,1,1,1
8/13/2026,7/23/2003,SO97388,220,14307,1,1,1
8/13/2026,12/14/2002,SO97388,604,14307,1,2,1
7/18/2026,7/1/2003,SO97389,411,11771,6,1,1
3/22/2026,4/6/2004,SO97390,552,21569,7,1,3
6/22/2026,1/26/2002,SO97391,214,29274,1,1,1
9/23/2026,12/28/2003,SO97392,427,27912,7,1,2
1/4/2026,6/13/2004,SO97393,487,19375,9,1,1
11/15/2026,3/6/2001,SO97394,310,23401,3,1,1
4/11/2026,3/1/2001,SO97395,445,29302,3,1,1
2/28/2026,7/23/2002,SO97396,588,20720,8,1,1
11/27/2026,12/27/2002,SO97397,566,25784,7,1,1
9/24/2026,3/9/2001,SO97398,364,12366,5,1,1
9/24/2026,9/24/2001,SO97398,599,12366,5,2,2
7/13/2026,5/26/2002,SO97399,342,16211,8,1,1
4/11/2026,1/25/2004,SO97400,270,22233,3,1,1
5/15/2026,7/7/2002,SO97401,349,25402,1,1,3
5/15/2026,3/7/2003,SO97401,568,25402,1,2,2
5/15/2026,11/5/2001,SO97401,550,25402,1,3,1
9/25/2026,12/18/2001,SO97402,482,14616,2,1,1
9/25/2026,6/29/2003,SO97402,470,14616,2,2,1
4/6/2026,8/28/2003,SO97403,447,11034,10,1,1
12/15/2026,2/10/2004,SO97404,443,17624,8,1,2
1/25/2026,10/24/2002,SO97405,279,24812,8,1,2
9/27/2026,4/23/2002,SO97406,360,15578,4,1,1
11/23/2026,11/20/2001,SO97407,547,16732,9,1,1
1/26/2026,3/22/2001,SO97408,560,24309,8,1,2
4/4/2026,9/27/2004,SO97409,392,15659,10,1,2
4/4/2026,4/4/2001,SO97409,466,15659,10,2,2
7/17/2026,11/12/2001,SO97410,562,26311,3,1,1
1/2/2026,5/3/2002,SO97411,328,18300,3,1,2
1/2/2026,5/28/2004,SO97411,301,18300,3,2,2
12/9/2026,10/5/2004,SO97412,569,28805,9,1,2
5/5/2026,6/8/2004,SO97413,288,15786,5,1,1
7/31/2026,1/26/2003,SO97414,377,21556,4,1,2
12/20/2026,3/12/2001,SO97415,530,25790,8,1,2
9/29/2026,6/12/2003,SO97416,510,13364,8,1,2
9/29/2026,3/13/2004,SO97416,259,13364,8,2,1
9/29/2026,10/22/2003,SO97416,603,13364,8,3,1
6/25/2026,11/3/2002,SO97417,385,17806,7,1,2
2/9/2026,3/9/2003,SO97418,441,21473,10,1,1
3/15/2026,10/12/2001,SO97419,483,26736,3,1,1
9/27/2026,2/24/2003,SO97420,464,13930,6,1,2
12/18/2026,3/6/2003,SO97421,597,18397,10,1,2
6/15/2026,7/24/2004,SO97422,590,28958,2,1,2
6/9/2026,6/1/2004,SO97423,275,14053,6,1,1
3/30/2026,9/29/2001,SO97424,429,21804,5,1,1
3/22/2026,10/6/2003,SO97425,555,19864,4,1,1
5/26/2026,9/29/2003,SO97426,560,16709,3,1,2
4/25/2026,9/7/2002,SO97427,348,22061,6,1,1
1/10/2026,10/23/2003,SO97428,478,20781,5,1,2
7/31/2026,10/24/2004,SO97429,503,19765,2,1,1
7/31/2026,1/8/2004,SO97429,585,19765,2,2,2
1/21/2026,3/15/2004,SO97430,586,28092,1,1,1
1/21/2026,5/27/2004,SO97430,514,28092,1,2,2
11/18/2026,7/22/2001,SO97431,541,21796,7,1,3
7/22/2026,1/31/2002,SO97432,480,21924,4,1,3
5/9/2026,11/6/2001,SO97433,605,11161,4,1,2
10/30/2026,12/21/2003,SO97434,229,28921,3,1,1
1/17/2026,12/20/2001,SO97435,496,16878,2,1,1
5/20/2026,3/8/2004,SO97436,558,22120,2,1,2
5/26/2026,12/27/2002,SO97437,218,25733,5,1,2
5/26/2026,5/2/2001,SO97437,468,25733,5,2,1
10/24/2026,11/8/2003,SO97438,466,15267,2,1,1
10/24/2026,9/27/2004,SO97438,527,15267,2,2,1
4/20/2026,11/22/2002,SO97439,528,24642,8,1,1
9/25/2026,7/7/2002,SO97440,459,11259,2,1,1
10/26/2026,1/9/2002,SO97441,291,19485,10,1,1
7/6/2026,10/1/2002,SO97442,521,19837,2,1,2
6/3/2026,4/7/2004,SO97443,381,26703,9,1,1
3/24/2026,4/15/2003,SO97444,497,15997,8,1,1
4/9/2026,2/15/2001,SO97445,330,13179,5,1,1
4/9/2026,9/23/2001,SO97445,368,13179,5,2,1
11/3/2026,3/15/2002,SO97446,369,12798,5,1,2
11/3/2026,12/24/2002,SO97446,476,12798,5,2,2
2/12/2026,1/11/2001,SO97447,479,27839,5,1,3
2/12/2026,1/9/2002,SO97447,503,27839,5,2,1
7/26/2026,11/29/2004,SO97448,383,26275,2,1,2
4/4/2026,3/11/2002,SO97449,347,24834,4,1,2
2/2/2026,4/10/2001,SO97450,330,20604,1,1,3
7/17/2026,4/13/2002,SO97451,475,21343,6,1,1
3/13/2026,3/12/2001,SO97452,536,27141,3,1,1
1/12/2026,9/15/2003,SO97453,567,17702,2,1,1
2/7/2026,1/20/2003,SO97454,580,13277,1,1,2
2/7/2026,8/4/2004,SO97454,421,13277,1,2,1
3/24/2026,8/21/2004,SO97455,412,22488,7,1,1
6/14/2026,11/22/2003,SO97456,544,24197,10,1,2
3/2/2026,7/31/2004,SO97457,253,27271,2,1,1
3/2/2026,1/27/2001,SO97457,502,27271,2,2,1
9/30/2026,5/13/2003,SO97458,412,15772,8,1,1
11/9/2026,2/9/2001,SO97459,362,14596,8,1,2
11/30/2026,9/7/2003,SO97460,476,29403,4,1,1
4/2/2026,3/13/2003,SO97461,546,14367,4,1,1
4/25/2026,9/3/2003,SO97462,274,13159,2,1,1
6/15/2026,12/12/2002,SO97463,446,29418,9,1,2
11/18/2026,1/11/2004,SO97464,316,26831,5,1,2
7/17/2026,1/5/2004,SO97465,597,21416,4,1,2
4/5/2026,12/2/2004,SO97466,420,20798,7,1,3
5/18/2026,8/31/2003,SO97467,326,29053,6,1,2
5/18/2026,9/18/2001,SO97467,328,29053,6,2,2
7/17/2026,10/10/2001,SO97468,474,17572,6,1,1
9/28/2026,12/2/2004,SO97469,476,24601,5,1,2
1/6/2026,6/9/2002,SO97470,397,16566,6,1,1
5/6/2026,7/19/2003,SO97471,300,12863,7,1,1
11/14/2026,11/25/2001,SO97472,577,15202,1,1,2
1/21/2026,1/27/2001,SO97473,277,14148,3,1,2
5/24/2026,2/26/2003,SO97474,366,12066,10,1,2
2/7/2026,5/6/2004,SO97475,229,11667,10,1,2
4/27/2026,10/5/2002,SO97476,470,11574,4,1,1
4/27/2026,10/27/2002,SO97476,259,11574,4,2,3
7/21/2026,11/23/2004,SO97477,521,26526,2,1,2
7/10/2026,4/30/2004,SO97478,506,27251,10,1,1
1/20/2026,1/24/2003,SO97479,558,23363,6,1,1
9/30/2026,2/25/2003,SO97480,423,19577,5,1,1
8/21/2026,3/1/2001,SO97481,462,18995,6,1,1
2/7/2026,10/19/2004,SO97482,367,14913,5,1,1
6/7/2026,4/19/2002,SO97483,519,23604,7,1,2
12/7/2026,7/18/2003,SO97484,288,28671,2,1,2
7/22/2026,6/16/2004,SO97485,587,23530,2,1,1
7/22/2026,12/24/2003,SO97485,312,23530,2,2,2
11/30/2026,5/20/2003,SO97486,219,19441,3,1,1
3/22/2026,9/29/2004,SO97487,391,14689,5,1,1
3/22/2026,1/15/2002,SO97487,579,14689,5,2,1
11/8/2026,11/2/2003,SO97488,493,20451,10,1,1
11/8/2026,11/15/2004,SO97488,454,20451,10,2,1
7/5/2026,1/3/2001,SO97489,598,26291,9,1,3
6/10/2026,3/30/2001,SO97490,291,25402,6,1,1
11/27/2026,8/4/2003,SO97491,373,28005,2,1,1
7/16/2026,7/3/2002,SO97492,362,27281,7,1,1
4/3/2026,9/9/2001,SO97493,513,19236,1,1,2
2/9/2026,9/25/2004,SO97494,312,21425,1,1,1
9/12/2026,1/7/2004,SO97495,415,25238,8,1,2
4/14/2026,8/15/2001,SO97496,346,12224,4,1,1
4/9/2026,3/8/2004,SO97497,494,20189,8,1,1
4/9/2026,6/15/2002,SO97497,415,20189,8,2,1
9/4/2026,11/7/2001,SO97498,502,27884,4,1,3
9/4/2026,12/8/2003,SO97498,545,27884,4,2,1
9/4/2026,10/17/2001,SO97498,538,27884,4,3,2
9/4/2026,4/17/2004,SO97499,530,27762,4,1,1
9/27/2026,6/9/2003,SO97500,520,23580,9,1,2
9/27/2026,5/4/2002,SO97500,596,23580,9,2,1
9/30/2026,11/26/2002,SO97501,504,24536,1,1,1
7/9/2026,3/7/2004,SO97502,478,18732,2,1,1
7/9/2026,8/17/2002,SO97502,244,18732,2,2,1
8/8/2026,7/27/2001,SO97503,389,14346,6,1,1
8/8/2026,9/6/2003,SO97503,502,14346,6,2,1
1/22/2026,1/27/2001,SO97504,592,12172,9,1,2
8/22/2026,12/22/2003,SO97505,526,25739,2,1,2
9/22/2026,11/12/2001,SO97506,215,11186,5,1,1
5/26/2026,8/9/2004,SO97507,562,25650,6,1,2
7/21/2026,11/22/2002,SO97508,235,14041,5,1,1
9/30/2026,9/3/2003,SO97509,368,25467,7,1,2
5/8/2026,4/7/2001,SO97510,394,15199,8,1,2
3/17/2026,7/22/2002,SO97511,553,26945,7,1,1
3/18/2026,6/20/2002,SO97512,451,12154,6,1,2
8/17/2026,7/8/2002,SO97513,282,24252,7,1,1
9/29/2026,11/25/2002,SO97514,596,20682,9,1,2
5/28/2026,12/6/2004,SO97515,449,23175,5,1,1
6/16/2026,7/20/2002,SO97516,409,24221,9,1,1
6/16/2026,3/20/2002,SO97516,587,24221,9,2,1
12/27/2026,7/5/2003,SO97517,515,25021,10,1,1
11/3/2026,11/19/2004,SO97518,470,19791,10,1,2
9/21/2026,11/19/2004,SO97519,322,20598,7,1,2
9/21/2026,7/14/2003,SO97519,485,20598,7,2,1
1/23/2026,12/15/2002,SO97520,590,25843,9,1,1
11/28/2026,7/24/2004,SO97521,315,25525,1,1,1
10/3/2026,1/4/2003,SO97522,454,11584,6,1,1
10/3/2026,11/28/2004,SO97522,270,11584,6,2,2
10/12/2026,6/2/2001,SO97523,461,22546,7,1,1
11/18/2026,8/6/2001,SO97524,385,21707,9,1,1
3/25/2026,11/11/2003,SO97525,349,19287,1,1,1
5/22/2026,10/16/2003,SO97526,347,18631,9,1,1
3/22/2026,2/11/2003,SO97527,585,15246,8,1,1
3/2/2026,5/20/2004,SO97528,502,25996,9,1,1
12/11/2026,8/27/2004,SO97529,278,21967,2,1,2
2/9/2026,5/9/2002,SO97530,443,20344,4,1,1
2/9/2026,8/11/2002,SO97530,379,20344,4,2,2
6/26/2026,3/22/2001,SO97531,356,15501,9,1,1
6/26/2026,1/20/2004,SO97531,365,15501,9,2,1
12/11/2026,12/16/2004,SO97532,439,25260,8,1,3
3/23/2026,5/27/2004,SO97533,591,26747,7,1,1
3/10/2026,5/29/2002,SO97534,313,20871,2,1,1
12/19/2026,1/6/2004,SO97535,520,13045,2,1,1
2/1/2026,8/18/2001,SO97536,542,20878,1,1,1
8/4/2026,9/21/2004,SO97537,345,23441,7,1,1
8/4/2026,11/4/2001,SO97537,241,23441,7,2,2
6/22/2026,12/18/2001,SO97538,579,26702,3,1,1
3/24/2026,11/7/2003,SO97539,487,21915,3,1,1
2/22/2026,3/18/2003,SO97540,428,28458,7,1,2
9/23/2026,10/19/2003,SO97541,510,17958,9,1,1
2/18/2026,1/20/2002,SO97542,457,12145,5,1,1
2/12/2026,9/1/2001,SO97543,370,17947,8,1,1
9/13/2026,8/7/2002,SO97544,495,20453,7,1,2
12/13/2026,5/15/2004,SO97545,583,23437,9,1,1
2/19/2026,5/8/2004,SO97546,599,15394,6,1,2
6/9/2026,9/4/2004,SO97547,497,13790,6,1,1
7/27/2026,5/3/2002,SO97548,592,17109,7,1,1
8/26/2026,10/15/2003,SO97549,320,12442,6,1,2
3/23/2026,1/14/2003,SO97550,310,27879,5,1,2
6/17/2026,1/18/2003,SO97551,375,25652,3,1,2
12/16/2026,11/30/2002,SO97552,558,16260,8,1,1
4/27/2026,4/1/2003,SO97553,395,15961,2,1,2
4/27/2026,10/9/2002,SO97553,410,15961,2,2,1
7/19/2026,7/30/2003,SO97554,485,16917,4,1,1
7/19/2026,7/25/2002,SO97554,498,16917,4,2,2
11/14/2026,10/22/2004,SO97555,511,21228,3,1,2
11/14/2026,12/23/2004,SO97555,511,21228,3,2,1
11/14/2026,7/1/2004,SO97555,396,21228,3,3,2
7/9/2026,2/28/2001,SO97556,578,28039,10,1,1
5/11/2026,3/7/2004,SO97557,282,20715,1,1,1
5/4/2026,7/12/2003,SO97558,600,15244,5,1,2
11/1/2026,5/4/2002,SO97559,483,14324,2,1,1
11/1/2026,7/30/2002,SO97559,493,14324,2,2,2
11/1/2026,2/3/2003,SO97559,583,14324,2,3,1
8/8/2026,5/29/2004,SO97560,586,20088,8,1,1
11/15/2026,6/23/2001,SO97561,516,14857,10,1,1
7/9/2026,4/27/2004,SO97562,487,21400,8,1,1
6/29/2026,10/30/2002,SO97563,542,14402,7,1,1
10/11/2026,2/19/2004,SO97564,399,12031,9,1,2
10/11/2026,5/30/2003,SO97564,439,12031,9,2,2
11/27/2026,8/26/2004,SO97565,591,21540,3,1,1
1/4/2026,12/26/2002,SO97566,503,24866,7,1,3
6/30/2026,2/18/2001,SO97567,399,27183,4,1,2
12/15/2026,12/3/2003,SO97568,540,22577,10,1,2
12/5/2026,7/8/2001,SO97569,315,15239,1,1,1
3/25/2026,6/25/2001,SO97570,541,11559,6,1,2
6/7/2026,4/12/2001,SO97571,285,21031,5,1,2
6/7/2026,3/10/2001,SO97571,512,21031,5,2,1
6/7/2026,6/19/2001,SO97571,539,21031,5,3,2
7/15/2026,5/10/2002,SO97572,259,13640,9,1,2
4/21/2026,10/30/2004,SO97573,522,13430,8,1,1
8/10/2026,8/28/2004,SO97574,461,20195,7,1,2
11/11/2026,3/11/2001,SO97575,244,25109,7,1,1
1/30/2026,3/30/2001,SO97576,451,29315,8,1,1
10/8/2026,2/21/2001,SO97577,490,20751,9,1,2
11/27/2026,5/19/2003,SO97578,536,21142,3,1,1
8/24/2026,1/26/2001,SO97579,226,26117,7,1,2
12/12/2026,2/10/2002,SO97580,371,15337,9,1,1
12/12/2026,7/5/2004,SO97580,552,15337,9,2,2
9/28/2026,10/10/2002,SO97581,420,28542,7,1,3
7/29/2026,11/27/2003,SO97582,530,26245,4,1,2
5/18/2026,4/26/2001,SO97583,553,28527,8,1,1
8/28/2026,10/4/2004,SO97584,445,12640,8,1,2
6/30/2026,6/3/2002,SO97585,351,27350,6,1,1
3/3/2026,6/25/2004,SO97586,314,15920,5,1,1
4/3/2026,4/9/2001,SO97587,291,11429,4,1,1
9/2/2026,4/24/2001,SO97588,412,23122,9,1,2
6/11/2026,2/5/2004,SO97589,336,23156,10,1,1
2/7/2026,6/18/2004,SO97590,518,21052,6,1,2
4/11/2026,3/23/2004,SO97591,428,20814,3,1,1
6/11/2026,3/16/2004,SO97592,547,18040,2,1,2
6/11/2026,2/15/2004,SO97592,468,18040,2,2,3
1/19/2026,5/30/2004,SO97593,525,24366,9,1,3
2/26/2026,6/12/2001,SO97594,285,14035,9,1,1
2/26/2026,5/22/2004,SO97594,503,14035,9,2,1
10/16/2026,8/24/2003,SO97595,352,22472,1,1,1
6/7/2026,5/22/2002,SO97596,354,15773,7,1,2
8/20/2026,9/26/2001,SO97597,414,16328,9,1,1
1/19/2026,3/10/2001,SO97598,346,11633,7,1,2
1/19/2026,10/12/2003,SO97598,365,11633,7,2,3
12/22/2026,8/20/2002,SO97599,313,15944,1,1,1
12/22/2026,11/6/2001,SO97599,515,15944,1,2,1
2/17/2026,8/15/2004,SO97600,484,27028,3,1,1
3/2/2026,4/8/2001,SO97601,407,15247,3,1,1
2/5/2026,6/3/2001,SO97602,575,17526,5,1,2
5/26/2026,8/11/2001,SO97603,235,21464,7,1,2
7/1/2026,1/1/2002,SO97604,494,25904,2,1,2
2/17/2026,2/13/2002,SO97605,539,26509,4,1,2
3/4/2026,11/28/2002,SO97606,515,12307,1,1,1
3/4/2026,5/16/2003,SO97606,539,12307,1,2,2
10/2/2026,4/15/2002,SO97607,488,16319,5,1,1
3/24/2026,7/21/2002,SO97608,558,20663,7,1,1
3/24/2026,11/28/2003,SO97608,449,20663,7,2,2
3/24/2026,9/28/2004,SO97608,519,20663,7,3,2
4/9/2026,12/7/2003,SO97609,307,21833,5,1,2
8/24/2026,10/27/2004,SO97610,348,26730,5,1,2
10/15/2026,12/26/2003,SO97611,581,16888,4,1,2
6/23/2026,3/22/2002,SO97612,414,14517,1,1,2
8/4/2026,8/16/2001,SO97613,417,14756,2,1,2
2/19/2026,1/27/2001,SO97614,563,26070,4,1,2
6/22/2026,2/11/2002,SO97615,431,29347,9,1,1
10/16/2026,12/15/2001,SO97616,598,23814,4,1,2
8/6/2026,5/24/2004,SO97617,411,17259,10,1,2
12/9/2026,11/9/2004,SO97618,330,17437,9,1,2
4/27/2026,1/23/2003,SO97619,392,12680,3,1,1
6/15/2026,1/4/2002,SO97620,564,22932,10,1,1
12/5/2026,12/20/2004,SO97621,392,13705,2,1,1
9/20/2026,4/10/2003,SO97622,259,18775,3,1,1
11/17/2026,1/14/2001,SO97623,314,15955,10,1,1
9/26/2026,4/7/2003,SO97624,478,21942,9,1,2
3/13/2026,3/16/2001,SO97625,238,11883,10,1,1
6/8/2026,10/23/2004,SO97626,574,18460,8,1,1
12/28/2026,3/26/2004,SO97627,450,16206,9,1,1
12/28/2026,1/29/2002,SO97627,475,16206,9,2,1
2/26/2026,1/1/2002,SO97628,490,19466,7,1,1
10/1/2026,11/27/2001,SO97629,478,26329,2,1,2
10/1/2026,1/31/2001,SO97629,557,26329,2,2,1
12/18/2026,8/4/2001,SO97630,599,11355,5,1,2
1/26/2026,11/10/2003,SO97631,426,27550,2,1,2
6/19/2026,10/2/2003,SO97632,447,26671,6,1,1
12/2/2026,8/10/2002,SO97633,448,16230,7,1,2
12/8/2026,7/18/2004,SO97634,348,18067,9,1,2
12/8/2026,8/8/2001,SO97634,292,18067,9,2,1
10/19/2026,12/28/2004,SO97635,229,22168,9,1,2
10/19/2026,2/13/2002,SO97635,583,22168,9,2,1
10/19/2026,3/19/2002,SO97635,300,22168,9,3,2
11/9/2026,8/1/2002,SO97636,565,15379,4,1,2
9/12/2026,6/10/2001,SO97637,550,23808,8,1,2
9/12/2026,8/18/2001,SO97637,395,23808,8,2,1
6/3/2026,10/5/2004,SO97638,509,21313,6,1,1
3/13/2026,12/18/2004,SO97639,426,22071,6,1,2
2/12/2026,8/21/2001,SO97640,509,11170,9,1,2
4/19/2026,7/7/2001,SO97641,379,17081,9,1,1
2/3/2026,4/15/2001,SO97642,604,18275,3,1,2
11/8/2026,6/21/2004,SO97643,554,27651,8,1,1
2/15/2026,12/23/2003,SO97644,383,28299,5,1,3
12/11/2026,12/4/2003,SO97645,475,23676,7,1,1
6/5/2026,1/9/2003,SO97646,232,25223,2,1,1
12/1/2026,4/11/2004,SO97647,532,11144,6,1,2
5/22/2026,8/8/2003,SO97648,428,25915,7,1,1
6/27/2026,6/26/2002,SO97649,426,16189,10,1,1
7/22/2026,10/23/2003,SO97650,527,16955,5,1,1
10/17/2026,6/29/2004,SO97651,535,26391,3,1,2
5/22/2026,7/8/2003,SO97652,490,17449,9,1,1
9/26/2026,5/25/2002,SO97653,324,22735,1,1,3
8/26/2026,8/4/2001,SO97654,232,22367,4,1,2
3/12/2026,8/9/2002,SO97655,462,27510,10,1,2
10/4/2026,10/28/2004,SO97656,546,19955,2,1,1
10/13/2026,8/9/2001,SO97657,566,24794,4,1,2
10/13/2026,10/9/2003,SO97657,351,24794,4,2,1
7/10/2026,5/22/2001,SO97658,593,26437,7,1,1
7/10/2026,4/11/2002,SO97658,464,26437,7,2,2
7/10/2026,1/13/2004,SO97658,276,26437,7,3,1
1/5/2026,11/20/2004,SO97659,399,13762,10,1,1
7/10/2026,7/22/2002,SO97660,587,26854,8,1,2
8/6/2026,10/1/2001,SO97661,572,18542,9,1,1
2/16/2026,3/14/2002,SO97662,364,24449,2,1,1
8/5/2026,4/10/2002,SO97663,547,29164,8,1,1
10/20/2026,12/26/2004,SO97664,401,18055,8,1,1
2/13/2026,3/2/2001,SO97665,518,11074,10,1,1
9/20/2026,3/10/2001,SO97666,389,15567,5,1,2
8/14/2026,12/7/2002,SO97667,516,11738,8,1,1
10/28/2026,12/2/2004,SO97668,334,11197,5,1,1
1/23/2026,10/18/2003,SO97669,218,23134,10,1,1
9/26/2026,3/11/2002,SO97670,279,11291,1,1,1
5/27/2026,11/20/2003,SO97671,387,18432,5,1,2
9/1/2026,8/4/2003,SO97672,431,17845,8,1,1
2/20/2026,4/25/2001,SO97673,342,25019,10,1,1
4/19/2026,5/16/2002,SO97674,427,22295,5,1,2
3/22/2026,1/10/2001,SO97675,296,29391,3,1,2
3/22/2026,12/28/2003,SO97675,443,29391,3,2,1
3/22/2026,7/7/2004,SO97675,458,29391,3,3,1
11/29/2026,7/28/2003,SO97676,562,23910,8,1,1
11/29/2026,9/20/2002,SO97676,556,23910,8,2,1
11/29/2026,7/18/2004,SO97676,475,23910,8,3,1
2/2/2026,5/12/2004,SO97677,435,16606,2,1,2
2/2/2026,8/3/2002,SO97677,527,16606,2,2,2
7/21/2026,10/9/2003,SO97678,299,14741,1,1,1
3/18/2026,10/19/2004,SO97679,428,20395,8,1,2
11/9/2026,8/31/2003,SO97680,520,23368,8,1,2
2/15/2026,2/26/2001,SO97681,347,24367,9,1,1
2/5/2026,7/16/2001,SO97682,482,15715,1,1,2
2/5/2026,4/3/2004,SO97682,481,15715,1,2,1
2/5/2026,10/13/2002,SO97682,569,15715,1,3,2
1/19/2026,1/2/2001,SO97683,235,14010,1,1,1
1/19/2026,6/8/2001,SO97683,311,14010,1,2,1
5/30/2026,12/3/2002,SO97684,464,14685,3,1,1
5/30/2026,11/26/2001,SO97684,215,14685,3,2,2
5/8/2026,7/26/2001,SO97685,566,15117,4,1,1
3/22/2026,8/13/2003,SO97686,415,18145,4,1,1
11/7/2026,7/9/2004,SO97687,367,29417,9,1,2
10/24/2026,7/21/2004,SO97688,483,21492,5,1,1
5/27/2026,1/27/2001,SO97689,559,17061,7,1,1
10/13/2026,9/4/2002,SO97690,379,11995,10,1,1
10/20/2026,9/1/2004,SO97691,395,23693,6,1,2
6/6/2026,4/28/2003,SO97692,605,17215,7,1,1
11/2/2026,4/24/2002,SO97693,347,24195,4,1,2
3/26/2026,7/4/2001,SO97694,364,15392,8,1,1
5/7/2026,6/21/2001,SO97695,421,29250,1,1,2
7/17/2026,8/18/2002,SO97696,314,18816,1,1,1
10/12/2026,10/12/2001,SO97697,427,26579,5,1,1
10/12/2026,11/4/2003,SO97697,469,26579,5,2,2
10/12/2026,2/5/2003,SO97697,241,26579,5,3,1
1/23/2026,10/9/2001,SO97698,494,18981,10,1,1
2/6/2026,4/29/2001,SO97699,501,18655,6,1,1
12/13/2026,6/24/2001,SO97700,531,15451,7,1,2
1/6/2026,11/1/2003,SO97701,496,24435,5,1,2
5/5/2026,11/7/2004,SO97702,521,13328,7,1,2
5/21/2026,4/21/2004,SO97703,504,18377,2,1,2
4/2/2026,8/29/2003,SO97704,592,20338,4,1,3
1/17/2026,1/14/2004,SO97705,457,21059,10,1,1
11/7/2026,2/27/2002,SO97706,354,16746,2,1,1
9/28/2026,4/9/2001,SO97707,373,25302,1,1,1
5/3/2026,6/25/2003,SO97708,397,16977,5,1,1
6/2/2026,4/27/2002,SO97709,462,15578,2,1,2
5/13/2026,9/16/2002,SO97710,538,21940,8,1,2
7/19/2026,6/8/2003,SO97711,566,11271,10,1,1
4/11/2026,10/28/2002,SO97712,522,21091,7,1,2
7/22/2026,2/10/2002,SO97713,512,11348,1,1,1
4/3/2026,2/14/2003,SO97714,368,19575,4,1,2
6/9/2026,9/15/2004,SO97715,275,18127,6,1,3
7/9/2026,7/15/2001,SO97716,528,20799,6,1,1
3/28/2026,1/28/2003,SO97717,573,28644,5,1,3
9/23/2026,1/30/2004,SO97718,570,29092,9,1,1
5/12/2026,4/21/2003,SO97719,491,27996,4,1,1
3/16/2026,1/28/2002,SO97720,539,14274,4,1,1
10/8/2026,1/27/2004,SO97721,481,11856,2,1,1
6/8/2026,5/20/2004,SO97722,441,20998,9,1,2
12/7/2026,12/25/2001,SO97723,495,21829,1,1,2
1/23/2026,3/31/2004,SO97724,443,18931,5,1,2
3/3/2026,2/15/2002,SO97725,514,27338,1,1,1
3/3/2026,1/21/2003,SO97725,425,27338,1,2,2
6/7/2026,5/3/2003,SO97726,244,26795,6,1,1
6/7/2026,9/12/2004,SO97726,368,26795,6,2,3
7/13/2026,10/1/2002,SO97727,427,26485,4,1,1
4/26/2026,6/8/2004,SO97728,495,16383,10,1,1
12/27/2026,5/15/2004,SO97729,565,20808,7,1,2
8/1/2026,9/7/2004,SO97730,373,20151,2,1,2
8/1/2026,8/4/2002,SO97730,587,20151,2,2,1
5/21/2026,7/5/2002,SO97731,514,15253,8,1,2
2/19/2026,5/3/2004,SO97732,482,11046,2,1,3
8/27/2026,9/8/2001,SO97733,319,27293,6,1,1
2/1/2026,6/29/2002,SO97734,538,18504,1,1,1
4/30/2026,9/14/2001,SO97735,256,15793,5,1,1
4/30/2026,2/21/2004,SO97735,218,15793,5,2,3
3/11/2026,1/23/2002,SO97736,322,19276,4,1,2
3/11/2026,1/27/2003,SO97736,555,19276,4,2,2
10/20/2026,4/29/2003,SO97737,529,25318,9,1,2
7/10/2026,1/4/2001,SO97738,582,21964,1,1,1
1/22/2026,2/28/2003,SO97739,452,24520,7,1,1
1/22/2026,1/28/2002,SO97739,587,24520,7,2,2
1/22/2026,8/24/2002,SO97739,593,24520,7,3,2
2/4/2026,1/5/2001,SO97740,514,14526,1,1,2
2/21/2026,11/23/2003,SO97741,319,22552,5,1,1
11/25/2026,1/21/2002,SO97742,264,14791,1,1,3
1/2/2026,3/6/2002,SO97743,340,12185,4,1,1
7/20/2026,6/5/2004,SO97744,563,21657,1,1,2
11/9/2026,2/10/2002,SO97745,435,20692,7,1,1
11/9/2026,2/26/2001,SO97745,592,20692,7,2,3
12/1/2026,8/19/2002,SO97746,601,18369,8,1,1
10/14/2026,10/10/2001,SO97747,579,23128,2,1,1
3/6/2026,9/19/2001,SO97748,301,14952,7,1,2
1/28/2026,4/2/2001,SO97749,490,27763,7,1,2
11/8/2026,7/28/2003,SO97750,364,14003,10,1,1
10/27/2026,5/14/2004,SO97751,433,11400,8,1,2
5/2/2026,1/12/2003,SO97752,543,16437,9,1,2
9/16/2026,3/2/2003,SO97753,270,24548,2,1,1
7/13/2026,8/16/2004,SO97754,531,16990,4,1,1
7/13/2026,3/23/2003,SO97754,585,16990,4,2,1
3/11/2026,5/3/2003,SO97755,429,16443,7,1,1
3/11/2026,1/5/2004,SO97755,587,16443,7,2,1
10/17/2026,7/3/2001,SO97756,502,21846,10,1,1
6/19/2026,6/10/2003,SO97757,424,27754,9,1,3
6/19/2026,7/24/2001,SO97757,593,27754,9,2,1
8/12/2026,12/27/2004,SO97758,296,13262,7,1,1
8/12/2026,8/7/2003,SO97758,537,13262,7,2,1
3/15/2026,2/1/2002,SO97759,512,24968,2,1,2
7/13/2026,9/9/2001,SO97760,371,13580,8,1,3
1/24/2026,8/3/2004,SO97761,502,24223,9,1,2
12/11/2026,3/23/2003,SO97762,428,21400,4,1,1
9/8/2026,4/30/2003,SO97763,344,14648,9,1,2
1/31/2026,6/15/2004,SO97764,215,25473,7,1,2
8/7/2026,2/24/2004,SO97765,479,22944,1,1,3
12/9/2026,11/20/2002,SO97766,479,22509,1,1,2
9/29/2026,9/3/2003,SO97767,535,27974,2,1,3
3/17/2026,10/9/2003,SO97768,417,18006,3,1,3
3/22/2026,5/11/2002,SO97769,360,16470,2,1,3
3/13/2026,10/12/2002,SO97770,226,16925,3,1,1
1/14/2026,11/28/2003,SO97771,291,26894,9,1,1
4/24/2026,11/19/2004,SO97772,411,27398,9,1,1
3/8/2026,4/15/2002,SO97773,347,16676,7,1,1
7/27/2026,6/22/2002,SO97774,505,24521,8,1,1
7/27/2026,9/4/2001,SO97774,451,24521,8,2,2
3/26/2026,11/20/2001,SO97775,366,18594,7,1,1
3/26/2026,11/7/2004,SO97775,516,18594,7,2,2
3/26/2026,1/9/2001,SO97775,455,18594,7,3,1
4/6/2026,12/19/2002,SO97776,413,14285,9,1,2
4/6/2026,5/11/2001,SO97776,580,14285,9,2,1
4/6/2026,7/9/2002,SO97776,457,14285,9,3,3
6/2/2026,4/8/2002,SO97777,605,24813,4,1,2
6/2/2026,6/8/2001,SO97777,451,24813,4,2,1
6/2/2026,6/25/2003,SO97777,547,24813,4,3,1
8/10/2026,9/2/2002,SO97778,317,21735,9,1,2
6/12/2026,4/7/2002,SO97779,559,29266,5,1,1
8/21/2026,3/1/2003,SO97780,577,15889,6,1,1
8/21/2026,7/6/2003,SO97780,422,15889,6,2,2
8/21/2026,5/28/2001,SO97780,439,15889,6,3,2
5/2/2026,3/6/2004,SO97781,405,26756,6,1,1
5/2/2026,5/28/2004,SO97781,574,26756,6,2,2
5/2/2026,12/27/2004,SO97781,219,26756,6,3,1
7/8/2026,7/2/2003,SO97782,522,15812,4,1,1
7/8/2026,3/14/2002,SO97782,480,15812,4,2,3
8/19/2026,9/22/2002,SO97783,300,11431,4,1,2
11/29/2026,12/13/2002,SO97784,301,13357,6,1,2
11/29/2026,7/2/2004,SO97784,492,13357,6,2,2
11/29/2026,4/7/2003,SO97784,316,13357,6,3,2
8/30/2026,6/27/2003,SO97785,379,18927,4,1,2
8/30/2026,10/9/2004,SO97785,292,18927,4,2,2
3/19/2026,8/14/2002,SO97786,362,14481,8,1,3
6/20/2026,1/25/2004,SO97787,504,14315,5,1,2
12/9/2026,10/6/2002,SO97788,420,25249,9,1,2
12/9/2026,4/21/2001,SO97788,278,25249,9,2,1
12/9/2026,1/3/2003,SO97788,476,25249,9,3,1
1/8/2026,4/10/2004,SO97789,282,19823,6,1,3
1/8/2026,5/15/2003,SO97789,316,19823,6,2,2
1/8/2026,8/26/2004,SO97789,397,19823,6,3,1
1/5/2026,10/29/2004,SO97790,583,18639,9,1,2
1/18/2026,6/11/2004,SO97791,521,20778,8,1,1
1/18/2026,3/12/2004,SO97791,244,20778,8,2,2
8/14/2026,3/26/2001,SO97792,256,21549,3,1,2
11/4/2026,11/11/2001,SO97793,447,13401,2,1,1
9/16/2026,9/19/2002,SO97794,540,19634,8,1,1
1/7/2026,9/6/2003,SO97795,396,14076,10,1,1
1/7/2026,7/13/2004,SO97795,559,14076,10,2,1
10/18/2026,1/18/2002,SO97796,389,19113,5,1,1
2/26/2026,8/27/2003,SO97797,452,20397,2,1,2
9/10/2026,7/25/2001,SO97798,270,14263,4,1,2
12/25/2026,1/13/2003,SO97799,220,22181,4,1,1
12/25/2026,4/25/2003,SO97799,403,22181,4,2,1
12/25/2026,9/15/2004,SO97799,497,22181,4,3,1
12/5/2026,3/23/2003,SO97800,422,16285,7,1,1
2/22/2026,11/6/2001,SO97801,601,25449,6,1,1
2/22/2026,2/6/2001,SO97801,268,25449,6,2,2
9/7/2026,11/13/2002,SO97802,299,14756,1,1,1
10/1/2026,10/8/2004,SO97803,448,13413,10,1,3
10/1/2026,8/19/2003,SO97803,552,13413,10,2,2
6/17/2026,3/13/2004,SO97804,428,24413,10,1,2
6/17/2026,9/24/2001,SO97804,530,24413,10,2,2
4/11/2026,10/6/2002,SO97805,272,28565,8,1,2
9/20/2026,11/27/2003,SO97806,512,23417,5,1,1
5/19/2026,2/29/2004,SO97807,311,20071,5,1,1
1/11/2026,3/6/2004,SO97808,338,27166,7,1,1
4/11/2026,3/13/2001,SO97809,268,23386,7,1,2
7/10/2026,5/31/2003,SO97810,277,23154,8,1,1
7/10/2026,9/2/2002,SO97810,415,23154,8,2,1
8/10/2026,5/3/2001,SO97811,383,20209,6,1,2
5/7/2026,2/1/2002,SO97812,377,16854,8,1,1
10/21/2026,8/22/2002,SO97813,370,13455,9,1,1
12/4/2026,4/13/2002,SO97814,214,11032,6,1,3
1/16/2026,5/10/2002,SO97815,539,27974,5,1,2
12/15/2026,7/10/2004,SO97816,312,23556,2,1,1
5/13/2026,6/7/2004,SO97817,439,29099,9,1,1
5/13/2026,11/15/2002,SO97817,583,29099,9,2,1
6/22/2026,4/25/2004,SO97818,451,15720,9,1,1
10/31/2026,7/7/2004,SO97819,497,28223,9,1,1
6/23/2026,11/15/2001,SO97820,313,17754,10,1,2
12/22/2026,1/1/2004,SO97821,375,27166,2,1,1
6/18/2026,4/25/2001,SO97822,405,25866,3,1,2
2/23/2026,11/11/2004,SO97823,412,21072,4,1,1
6/2/2026,10/21/2001,SO97824,546,15080,6,1,2
3/15/2026,8/22/2003,SO97825,460,17116,3,1,2
3/3/2026,4/13/2001,SO97826,253,11451,1,1,1
2/5/2026,5/17/2004,SO97827,277,27170,1,1,1
2/5/2026,2/16/2004,SO97827,532,27170,1,2,2
4/19/2026,3/22/2004,SO97828,596,24979,9,1,1
7/19/2026,3/28/2003,SO97829,276,27315,7,1,1
7/20/2026,5/31/2003,SO97830,274,23879,10,1,2
5/17/2026,4/9/2004,SO97831,513,14262,2,1,2
12/25/2026,6/6/2004,SO97832,544,17110,4,1,2
5/29/2026,8/8/2004,SO97833,573,28338,9,1,1
11/13/2026,7/12/2003,SO97834,561,17024,8,1,1
7/31/2026,3/6/2002,SO97835,587,17823,9,1,1
5/18/2026,7/10/2004,SO97836,307,25847,6,1,2
8/25/2026,6/2/2004,SO97837,311,27478,7,1,1
9/17/2026,8/27/2002,SO97838,458,20127,3,1,1
9/17/2026,5/13/2001,SO97838,507,20127,3,2,2
9/17/2026,10/6/2001,SO97838,496,20127,3,3,2
2/23/2026,2/2/2003,SO97839,595,24589,6,1,1
4/28/2026,7/23/2003,SO97840,291,27660,8,1,1
11/28/2026,12/19/2001,SO97841,395,17652,7,1,1
10/4/2026,7/6/2001,SO97842,419,20354,3,1,1
8/26/2026,9/18/2004,SO97843,553,29012,3,1,1
8/26/2026,5/23/2004,SO97843,587,29012,3,2,1
8/26/2026,5/15/2004,SO97843,244,29012,3,3,1
8/28/2026,9/7/2003,SO97844,561,27460,3,1,2
6/16/2026,10/2/2003,SO97845,513,19426,8,1,3
10/6/2026,3/16/2002,SO97846,336,14986,2,1,2
1/19/2026,11/9/2004,SO97847,606,17357,5,1,3
9/23/2026,5/31/2001,SO97848,282,14697,6,1,1
12/24/2026,3/26/2003,SO97849,547,22458,8,1,1
4/2/2026,5/29/2004,SO97850,581,11323,7,1,2
6/3/2026,1/6/2002,SO97851,461,16581,7,1,1
5/1/2026,7/11/2001,SO97852,340,19037,5,1,2
12/29/2026,11/3/2001,SO97853,523,22553,2,1,1
7/15/2026,2/9/2003,SO97854,262,17289,3,1,1
12/22/2026,10/15/2002,SO97855,272,27494,7,1,1
6/6/2026,5/16/2003,SO97856,548,26230,5,1,2
10/8/2026,9/18/2001,SO97857,483,25314,4,1,2
6/14/2026,9/17/2004,SO97858,558,27177,8,1,1
1/28/2026,7/28/2002,SO97859,596,27241,9,1,1
11/13/2026,8/2/2003,SO97860,512,27870,6,1,1
5/10/2026,5/1/2001,SO97861,576,24086,6,1,1
9/15/2026,3/18/2001,SO97862,365,21498,8,1,3
9/25/2026,8/26/2003,SO97863,219,22224,7,1,1
5/6/2026,7/22/2004,SO97864,592,16673,1,1,1
5/6/2026,5/24/2003,SO97864,502,16673,1,2,1
8/18/2026,5/20/2003,SO97865,536,27578,7,1,1
1/19/2026,5/26/2003,SO97866,232,26858,5,1,3
2/28/2026,10/2/2001,SO97867,567,16028,4,1,3
5/17/2026,9/16/2002,SO97868,495,21167,1,1,2
5/1/2026,10/20/2004,SO97869,250,24292,4,1,1
7/29/2026,8/27/2004,SO97870,602,24498,3,1,2
8/14/2026,3/5/2001,SO97871,501,27076,3,1,1
3/5/2026,3/13/2004,SO97872,488,28655,5,1,3
6/29/2026,4/26/2004,SO97873,528,23226,8,1,1
2/2/2026,7/8/2003,SO97874,524,14269,4,1,1
5/30/2026,6/13/2001,SO97875,369,15149,4,1,3
4/21/2026,12/17/2002,SO97876,457,22413,8,1,2
4/21/2026,2/15/2001,SO97876,543,22413,8,2,1
8/8/2026,12/15/2004,SO97877,470,20550,6,1,2
2/22/2026,7/28/2002,SO97878,602,11352,7,1,1
7/8/2026,1/28/2002,SO97879,315,28062,10,1,2
2/19/2026,9/7/2003,SO97880,423,27409,7,1,2
2/19/2026,11/7/2002,SO97880,502,27409,7,2,2
4/1/2026,5/21/2001,SO97881,576,12906,9,1,1
4/1/2026,2/17/2002,SO97881,435,12906,9,2,3
4/1/2026,1/20/2002,SO97881,369,12906,9,3,1
6/15/2026,9/25/2004,SO97882,285,23055,1,1,2
1/26/2026,4/8/2004,SO97883,499,11877,6,1,1
1/26/2026,4/26/2003,SO97883,473,11877,6,2,1
12/1/2026,5/2/2002,SO97884,311,25399,4,1,3
12/1/2026,12/17/2003,SO97884,531,25399,4,2,1
12/13/2026,9/20/2001,SO97885,535,19907,2,1,1
12/13/2026,4/22/2002,SO97885,266,19907,2,2,2
6/22/2026,2/18/2004,SO97886,512,12553,4,1,2
6/22/2026,10/16/2004,SO97886,458,12553,4,2,1
6/22/2026,1/13/2001,SO97886,564,12553,4,3,1
3/4/2026,1/24/2002,SO97887,288,15127,9,1,1
3/4/2026,6/1/2001,SO97887,516,15127,9,2,1
3/4/2026,6/15/2003,SO97887,377,15127,9,3,2
11/6/2026,2/27/2001,SO97888,574,24698,4,1,1
10/23/2026,8/7/2003,SO97889,604,29019,7,1,1
6/19/2026,8/11/2003,SO97890,338,12845,10,1,2
7/23/2026,10/31/2001,SO97891,291,16880,10,1,1
11/14/2026,4/6/2001,SO97892,394,18686,6,1,2
8/5/2026,5/23/2001,SO97893,413,21099,3,1,1
12/19/2026,11/1/2001,SO97894,342,20950,2,1,1
3/1/2026,3/28/2002,SO97895,575,16869,6,1,1
3/1/2026,9/18/2001,SO97895,399,16869,6,2,1
3/1/2026,4/19/2002,SO97895,277,16869,6,3,1
3/24/2026,7/4/2004,SO97896,579,24276,6,1,1
5/3/2026,9/1/2001,SO97897,486,17480,2,1,1
4/12/2026,4/10/2004,SO97898,553,13415,9,1,1
7/14/2026,6/4/2004,SO97899,334,26963,7,1,1
7/14/2026,6/13/2004,SO97899,536,26963,7,2,2
7/14/2026,9/12/2002,SO97899,266,26963,7,3,1
4/29/2026,5/24/2001,SO97900,354,16662,5,1,1
7/18/2026,9/28/2003,SO97901,426,27752,5,1,2
7/18/2026,4/16/2002,SO97901,601,27752,5,2,1
10/10/2026,7/1/2002,SO97902,397,20895,4,1,1
2/27/2026,5/16/2001,SO97903,424,25830,7,1,3
12/23/2026,6/12/2001,SO97904,484,21655,1,1,3
2/1/2026,3/5/2001,SO97905,508,21246,3,1,2
2/1/2026,5/2/2003,SO97905,582,21246,3,2,1
11/5/2026,6/1/2003,SO97906,447,11933,9,1,2
11/5/2026,7/2/2004,SO97906,551,11933,9,2,2
3/17/2026,2/22/2003,SO97907,403,18443,8,1,1
7/10/2026,8/3/2002,SO97908,244,27117,9,1,1
3/4/2026,1/16/2003,SO97909,268,16575,6,1,1
3/4/2026,3/30/2003,SO97909,486,16575,6,2,1
6/4/2026,3/28/2004,SO97910,262,18429,5,1,2
3/13/2026,12/8/2001,SO97911,475,22487,9,1,1
4/20/2026,1/9/2001,SO97912,393,18967,10,1,2
10/4/2026,10/31/2001,SO97913,285,21976,2,1,2
11/26/2026,8/21/2004,SO97914,451,20755,9,1,1
4/13/2026,10/24/2001,SO97915,528,11156,1,1,3
9/27/2026,10/20/2004,SO97916,504,11093,9,1,1
10/26/2026,5/15/2003,SO97917,324,22844,5,1,1
7/9/2026,5/9/2001,SO97918,602,22315,7,1,1
11/19/2026,1/3/2001,SO97919,279,12831,4,1,1
11/19/2026,8/9/2002,SO97919,595,12831,4,2,1
7/13/2026,6/30/2002,SO97920,336,28796,10,1,2
7/13/2026,6/9/2003,SO97920,334,28796,10,2,1
1/24/2026,3/25/2002,SO97921,371,20055,8,1,1
4/23/2026,5/29/2002,SO97922,485,13523,8,1,1
5/31/2026,5/20/2004,SO97923,523,26595,10,1,2
5/31/2026,10/31/2002,SO97923,526,26595,10,2,2
5/15/2026,7/4/2001,SO97924,473,15464,4,1,3
5/15/2026,11/1/2004,SO97925,549,16897,2,1,2
5/15/2026,4/27/2004,SO97925,394,16897,2,2,1
5/15/2026,11/8/2004,SO97925,312,16897,2,3,2
1/4/2026,9/8/2001,SO97926,407,14949,7,1,2
9/25/2026,8/2/2001,SO97927,319,18871,10,1,1
9/25/2026,6/12/2002,SO97927,414,18871,10,2,2
9/25/2026,4/21/2003,SO97927,405,18871,10,3,1
9/18/2026,5/26/2001,SO97928,389,22163,10,1,1
6/27/2026,4/14/2004,SO97929,606,15285,9,1,2
5/30/2026,10/12/2004,SO97930,557,28494,1,1,1
8/6/2026,7/30/2001,SO97931,371,24724,7,1,2
5/14/2026,8/21/2002,SO97932,409,14696,9,1,2
11/1/2026,5/7/2002,SO97933,602,27737,1,1,3
11/1/2026,7/4/2002,SO97933,565,27737,1,2,2
9/17/2026,8/12/2002,SO97934,437,12477,2,1,1
9/26/2026,3/20/2001,SO97935,315,25685,7,1,1
9/26/2026,12/29/2002,SO97935,315,25685,7,2,1
9/26/2026,1/13/2004,SO97935,605,25685,7,3,1
6/24/2026,11/5/2002,SO97936,516,23837,8,1,1
5/5/2026,7/8/2001,SO97937,441,18211,5,1,1
7/18/2026,9/25/2001,SO97938,496,13199,6,1,2
4/17/2026,1/23/2003,SO97939,417,11365,4,1,1
8/18/2026,9/16/2001,SO97940,262,27428,5,1,3
11/18/2026,11/9/2001,SO97941,562,17119,5,1,1
9/1/2026,6/3/2002,SO97942,270,27040,8,1,1
7/5/2026,10/2/2004,SO97943,514,24539,6,1,2
7/5/2026,12/23/2003,SO97944,502,13617,5,1,2
1/17/2026,12/22/2004,SO97945,454,27529,7,1,2
10/31/2026,12/19/2001,SO97946,499,24408,3,1,2
12/6/2026,12/11/2001,SO97947,389,27476,3,1,1
3/24/2026,11/11/2002,SO97948,276,22651,2,1,2
3/24/2026,10/15/2004,SO97948,259,22651,2,2,2
4/7/2026,7/14/2003,SO97949,585,25667,1,1,3
10/21/2026,6/1/2003,SO97950,578,16355,7,1,2
10/30/2026,9/11/2003,SO97951,344,21347,3,1,2
6/28/2026,2/16/2003,SO97952,561,20584,3,1,2
6/29/2026,12/30/2002,SO97953,601,19042,10,1,1
3/28/2026,8/21/2001,SO97954,506,26265,9,1,1
6/23/2026,12/15/2002,SO97955,411,17996,7,1,2
6/23/2026,4/22/2001,SO97955,591,17996,7,2,2
6/23/2026,9/28/2002,SO97955,528,17996,7,3,1
10/6/2026,3/24/2001,SO97956,300,27479,2,1,2
9/17/2026,1/19/2004,SO97957,520,11985,1,1,1
9/16/2026,2/22/2001,SO97958,496,14791,4,1,3
7/18/2026,11/1/2002,SO97959,403,13674,10,1,2
9/20/2026,9/28/2003,SO97960,569,28937,1,1,2
8/12/2026,8/25/2001,SO97961,583,23778,4,1,1
1/1/2026,6/18/2001,SO97962,501,24737,4,1,2
3/18/2026,9/7/2003,SO97963,232,16242,2,1,1
3/22/2026,9/1/2002,SO97964,229,14368,8,1,1
3/22/2026,5/5/2001,SO97964,601,14368,8,2,1
8/16/2026,12/26/2002,SO97965,296,24489,1,1,2
10/29/2026,12/23/2001,SO97966,452,29018,10,1,2
2/1/2026,10/4/2001,SO97967,312,23994,9,1,2
6/29/2026,12/16/2004,SO97968,516,19053,6,1,2
8/13/2026,5/12/2003,SO97969,425,26433,8,1,1
3/17/2026,5/10/2004,SO97970,547,13925,5,1,3
7/30/2026,5/14/2001,SO97971,338,12264,9,1,1
8/15/2026,3/24/2002,SO97972,469,28667,3,1,3
1/28/2026,4/4/2003,SO97973,437,17112,6,1,1
1/25/2026,8/20/2001,SO97974,282,20670,10,1,1
1/25/2026,8/26/2003,SO97974,311,20670,10,2,1
11/14/2026,8/9/2001,SO97975,268,17928,3,1,2
11/7/2026,5/28/2003,SO97976,407,28533,9,1,2
12/21/2026,10/5/2004,SO97977,563,26028,6,1,2
3/18/2026,1/25/2002,SO97978,301,17093,5,1,2
3/18/2026,3/1/2001,SO97978,518,17093,5,2,1
2/26/2026,5/21/2002,SO97979,419,16396,5,1,2
1/10/2026,5/21/2001,SO97980,346,19342,6,1,1
8/26/2026,6/10/2003,SO97981,427,22461,2,1,2
3/25/2026,10/16/2003,SO97982,530,23316,1,1,2
11/26/2026,4/7/2003,SO97983,362,24744,7,1,2
10/23/2026,1/27/2003,SO97984,548,29215,2,1,2
9/26/2026,10/2/2001,SO97985,478,19916,6,1,1
1/16/2026,2/24/2001,SO97986,548,18363,3,1,2
10/7/2026,1/10/2004,SO97987,424,27357,3,1,1
10/7/2026,11/5/2003,SO97987,600,27357,3,2,2
7/29/2026,2/29/2004,SO97988,558,16250,2,1,2
4/18/2026,1/7/2003,SO97989,564,27534,9,1,1
11/26/2026,9/29/2001,SO97990,483,16888,1,1,2
3/4/2026,7/29/2001,SO97991,310,16233,4,1,1
12/30/2026,2/21/2003,SO97992,547,24803,9,1,1
4/21/2026,12/28/2002,SO97993,478,20866,3,1,1
4/21/2026,7/5/2004,SO97993,347,20866,3,2,2
3/6/2026,1/19/2004,SO97994,534,29096,7,1,3
8/7/2026,1/7/2001,SO97995,491,16804,8,1,2
8/7/2026,11/29/2004,SO97995,220,16804,8,2,1
8/7/2026,10/31/2002,SO97995,296,16804,8,3,2
6/15/2026,5/8/2004,SO97996,274,22846,6,1,2
7/12/2026,5/18/2002,SO97997,532,13783,7,1,1
4/2/2026,11/23/2004,SO97998,486,16410,5,1,1
4/8/2026,6/13/2004,SO97999,394,28160,1,1,1
2/21/2026,1/21/2002,SO98000,564,13696,10,1,2
2/9/2026,8/3/2002,SO98001,590,21451,9,1,2
2/9/2026,9/20/2004,SO98001,533,21451,9,2,1
2/9/2026,5/31/2004,SO98001,362,21451,9,3,1
12/21/2026,5/24/2002,SO98002,285,13971,5,1,1
4/11/2026,1/16/2002,SO98003,563,14807,8,1,2
7/15/2026,7/26/2003,SO98004,420,24932,2,1,1
1/15/2026,12/29/2001,SO98005,358,19633,5,1,2
3/16/2026,3/10/2002,SO98006,603,16049,6,1,2
10/31/2026,7/26/2004,SO98007,557,19152,7,1,2
10/31/2026,8/30/2001,SO98007,351,19152,7,2,2
7/19/2026,3/25/2004,SO98008,548,16793,4,1,1
7/19/2026,11/15/2004,SO98008,383,16793,4,2,2
5/16/2026,2/23/2004,SO98009,391,11363,6,1,1
5/16/2026,7/28/2004,SO98009,364,11363,6,2,1
3/23/2026,2/5/2002,SO98010,520,16389,9,1,2
3/15/2026,6/22/2003,SO98011,506,17326,4,1,1
2/1/2026,7/26/2002,SO98012,446,22573,7,1,1
2/1/2026,4/23/2004,SO98012,433,22573,7,2,1
4/15/2026,8/10/2003,SO98013,266,15573,4,1,2
9/21/2026,3/2/2004,SO98014,474,21018,9,1,2
9/21/2026,12/16/2001,SO98014,514,21018,9,2,1
7/27/2026,6/18/2001,SO98015,235,25385,2,1,1
8/7/2026,9/13/2001,SO98016,279,20063,10,1,1
5/28/2026,8/5/2003,SO98017,567,22473,2,1,2
12/28/2026,8/11/2003,SO98018,276,14219,5,1,1
12/28/2026,9/29/2001,SO98018,603,14219,5,2,1
11/11/2026,10/3/2003,SO98019,500,27451,9,1,2
11/11/2026,11/7/2001,SO98019,468,27451,9,2,2
11/11/2026,3/21/2002,SO98019,218,27451,9,3,1
8/24/2026,11/1/2003,SO98020,569,26163,2,1,1
3/18/2026,9/10/2001,SO98021,253,26521,4,1,2
11/9/2026,8/11/2002,SO98022,226,20680,4,1,2
